t,KE,PE,E_total,py,pz
0.004167,8.35382903e-04,9.80998413e+02,9.80999268e+02,-4.08750027e-02,0.00000000e+00
0.008333,3.34153161e-03,9.80995056e+02,9.80998413e+02,-8.17500055e-02,0.00000000e+00
0.012500,7.51844654e-03,9.80989990e+02,9.80997498e+02,-1.22625008e-01,0.00000000e+00
0.016667,1.33661265e-02,9.80983337e+02,9.80996704e+02,-1.63500011e-01,0.00000000e+00
0.020833,2.08845735e-02,9.80974976e+02,9.80995850e+02,-2.04375014e-01,0.00000000e+00
0.025000,3.00737862e-02,9.80964966e+02,9.80995056e+02,-2.45250016e-01,0.00000000e+00
0.029167,4.09337580e-02,9.80953247e+02,9.80994202e+02,-2.86125004e-01,0.00000000e+00
0.033333,5.34645058e-02,9.80939880e+02,9.80993347e+02,-3.27000022e-01,0.00000000e+00
0.037500,6.76660240e-02,9.80924805e+02,9.80992493e+02,-3.67875040e-01,0.00000000e+00
0.041667,8.35383013e-02,9.80908142e+02,9.80991699e+02,-4.08750057e-01,0.00000000e+00
0.045833,1.01081356e-01,9.80889709e+02,9.80990784e+02,-4.49625075e-01,0.00000000e+00
0.050000,1.20295167e-01,9.80869690e+02,9.80989990e+02,-4.90500093e-01,0.00000000e+00
0.054167,1.41179755e-01,9.80847961e+02,9.80989136e+02,-5.31375110e-01,0.00000000e+00
0.058333,1.63735107e-01,9.80824524e+02,9.80988281e+02,-5.72250128e-01,0.00000000e+00
0.062500,1.87961221e-01,9.80799438e+02,9.80987427e+02,-6.13125145e-01,0.00000000e+00
0.066667,2.13858113e-01,9.80772766e+02,9.80986633e+02,-6.54000163e-01,0.00000000e+00
0.070833,2.41425753e-01,9.80744385e+02,9.80985840e+02,-6.94875181e-01,0.00000000e+00
0.075000,2.70664185e-01,9.80714294e+02,9.80984985e+02,-7.35750198e-01,0.00000000e+00
0.079167,3.01573366e-01,9.80682556e+02,9.80984131e+02,-7.76625216e-01,0.00000000e+00
0.083333,3.34153324e-01,9.80649170e+02,9.80983337e+02,-8.17500234e-01,0.00000000e+00
0.087500,3.68404031e-01,9.80614075e+02,9.80982483e+02,-8.58375251e-01,0.00000000e+00
0.091667,4.04325515e-01,9.80577332e+02,9.80981628e+02,-8.99250269e-01,0.00000000e+00
0.095833,4.41917777e-01,9.80538940e+02,9.80980835e+02,-9.40125287e-01,0.00000000e+00
0.100000,4.81180787e-01,9.80498779e+02,9.80979980e+02,-9.81000304e-01,0.00000000e+00
0.104167,5.22114515e-01,9.80457031e+02,9.80979126e+02,-1.02187526e+00,0.00000000e+00
0.108333,5.64719021e-01,9.80413635e+02,9.80978333e+02,-1.06275022e+00,0.00000000e+00
0.112500,6.08994246e-01,9.80368530e+02,9.80977539e+02,-1.10362518e+00,0.00000000e+00
0.116667,6.54940307e-01,9.80321716e+02,9.80976685e+02,-1.14450014e+00,0.00000000e+00
0.120833,7.02557087e-01,9.80273315e+02,9.80975891e+02,-1.18537509e+00,0.00000000e+00
0.125000,7.51844585e-01,9.80223145e+02,9.80974976e+02,-1.22625005e+00,0.00000000e+00
0.129167,8.02802920e-01,9.80171387e+02,9.80974182e+02,-1.26712501e+00,0.00000000e+00
0.133333,8.55431974e-01,9.80117920e+02,9.80973328e+02,-1.30799997e+00,0.00000000e+00
0.137500,9.09731805e-01,9.80062744e+02,9.80972473e+02,-1.34887493e+00,0.00000000e+00
0.141667,9.65702355e-01,9.80005981e+02,9.80971680e+02,-1.38974988e+00,0.00000000e+00
0.145833,1.02334368e+00,9.79947510e+02,9.80970825e+02,-1.43062484e+00,0.00000000e+00
0.150000,1.08265579e+00,9.79887329e+02,9.80969971e+02,-1.47149980e+00,0.00000000e+00
0.154167,1.14363873e+00,9.79825500e+02,9.80969116e+02,-1.51237476e+00,0.00000000e+00
0.158333,1.20629239e+00,9.79762024e+02,9.80968323e+02,-1.55324972e+00,0.00000000e+00
0.162500,1.27061677e+00,9.79696838e+02,9.80967468e+02,-1.59412467e+00,0.00000000e+00
0.166667,1.33661187e+00,9.79630005e+02,9.80966614e+02,-1.63499963e+00,0.00000000e+00
0.170833,1.40427780e+00,9.79561523e+02,9.80965820e+02,-1.67587459e+00,0.00000000e+00
0.175000,1.47361445e+00,9.79491333e+02,9.80964966e+02,-1.71674955e+00,0.00000000e+00
0.179167,1.54462194e+00,9.79419495e+02,9.80964111e+02,-1.75762451e+00,0.00000000e+00
0.183333,1.61730015e+00,9.79346008e+02,9.80963318e+02,-1.79849946e+00,0.00000000e+00
0.187500,1.69164908e+00,9.79270752e+02,9.80962402e+02,-1.83937442e+00,0.00000000e+00
0.191667,1.76766884e+00,9.79193909e+02,9.80961548e+02,-1.88024938e+00,0.00000000e+00
0.195833,1.84535933e+00,9.79115356e+02,9.80960693e+02,-1.92112434e+00,0.00000000e+00
0.200000,1.92472064e+00,9.79035156e+02,9.80959900e+02,-1.96199930e+00,0.00000000e+00
0.204167,2.00575280e+00,9.78953247e+02,9.80958984e+02,-2.00287437e+00,0.00000000e+00
0.208333,2.08845568e+00,9.78869751e+02,9.80958191e+02,-2.04374933e+00,0.00000000e+00
0.212500,2.17282915e+00,9.78784546e+02,9.80957397e+02,-2.08462429e+00,0.00000000e+00
0.216667,2.25887346e+00,9.78697693e+02,9.80956543e+02,-2.12549925e+00,0.00000000e+00
0.220833,2.34658861e+00,9.78609131e+02,9.80955750e+02,-2.16637421e+00,0.00000000e+00
0.225000,2.43597436e+00,9.78518921e+02,9.80954895e+02,-2.20724916e+00,0.00000000e+00
0.229167,2.52703094e+00,9.78427063e+02,9.80954102e+02,-2.24812412e+00,0.00000000e+00
0.233333,2.61975837e+00,9.78333496e+02,9.80953247e+02,-2.28899908e+00,0.00000000e+00
0.237500,2.71415663e+00,9.78238281e+02,9.80952454e+02,-2.32987404e+00,0.00000000e+00
0.241667,2.81022549e+00,9.78141357e+02,9.80951599e+02,-2.37074900e+00,0.00000000e+00
0.245833,2.90796494e+00,9.78042786e+02,9.80950745e+02,-2.41162395e+00,0.00000000e+00
0.250000,3.00737548e+00,9.77942566e+02,9.80949951e+02,-2.45249891e+00,0.00000000e+00
0.254167,3.10845661e+00,9.77840637e+02,9.80949097e+02,-2.49337387e+00,0.00000000e+00
0.258333,3.21120858e+00,9.77737061e+02,9.80948242e+02,-2.53424883e+00,0.00000000e+00
0.262500,3.31563115e+00,9.77631836e+02,9.80947449e+02,-2.57512379e+00,0.00000000e+00
0.266667,3.42172480e+00,9.77524841e+02,9.80946594e+02,-2.61599874e+00,0.00000000e+00
0.270833,3.52948904e+00,9.77416260e+02,9.80945740e+02,-2.65687370e+00,0.00000000e+00
0.275000,3.63892388e+00,9.77306030e+02,9.80944946e+02,-2.69774866e+00,0.00000000e+00
0.279167,3.75002956e+00,9.77194031e+02,9.80944031e+02,-2.73862362e+00,0.00000000e+00
0.283333,3.86280608e+00,9.77080444e+02,9.80943237e+02,-2.77949858e+00,0.00000000e+00
0.287500,3.97725344e+00,9.76965210e+02,9.80942444e+02,-2.82037354e+00,0.00000000e+00
0.291667,4.09337139e+00,9.76848206e+02,9.80941589e+02,-2.86124849e+00,0.00000000e+00
0.295833,4.21116018e+00,9.76729553e+02,9.80940735e+02,-2.90212345e+00,0.00000000e+00
0.300000,4.33061981e+00,9.76609314e+02,9.80939941e+02,-2.94299841e+00,0.00000000e+00
0.304167,4.45175028e+00,9.76487305e+02,9.80939026e+02,-2.98387337e+00,0.00000000e+00
0.308333,4.57455111e+00,9.76363647e+02,9.80938171e+02,-3.02474833e+00,0.00000000e+00
0.312500,4.69902325e+00,9.76238342e+02,9.80937378e+02,-3.06562328e+00,0.00000000e+00
0.316667,4.82516575e+00,9.76111328e+02,9.80936523e+02,-3.10649824e+00,0.00000000e+00
0.320833,4.95297909e+00,9.75982727e+02,9.80935730e+02,-3.14737320e+00,0.00000000e+00
0.325000,5.08246326e+00,9.75852417e+02,9.80934875e+02,-3.18824816e+00,0.00000000e+00
0.329167,5.21361828e+00,9.75720398e+02,9.80934021e+02,-3.22912312e+00,0.00000000e+00
0.333333,5.34644365e+00,9.75586670e+02,9.80933105e+02,-3.26999807e+00,0.00000000e+00
0.337500,5.48094034e+00,9.75451355e+02,9.80932312e+02,-3.31087303e+00,0.00000000e+00
0.341667,5.61710739e+00,9.75314331e+02,9.80931458e+02,-3.35174799e+00,0.00000000e+00
0.345833,5.75494528e+00,9.75175659e+02,9.80930603e+02,-3.39262295e+00,0.00000000e+00
0.350000,5.89445400e+00,9.75035339e+02,9.80929810e+02,-3.43349791e+00,0.00000000e+00
0.354167,6.03563356e+00,9.74893311e+02,9.80928955e+02,-3.47437286e+00,0.00000000e+00
0.358333,6.17848349e+00,9.74749634e+02,9.80928101e+02,-3.51524782e+00,0.00000000e+00
0.362500,6.32300472e+00,9.74604309e+02,9.80927307e+02,-3.55612278e+00,0.00000000e+00
0.366667,6.46919632e+00,9.74457275e+02,9.80926453e+02,-3.59699774e+00,0.00000000e+00
0.370833,6.61705875e+00,9.74308594e+02,9.80925659e+02,-3.63787270e+00,0.00000000e+00
0.375000,6.76659203e+00,9.74158203e+02,9.80924805e+02,-3.67874765e+00,0.00000000e+00
0.379167,6.91779613e+00,9.74006226e+02,9.80924011e+02,-3.71962261e+00,0.00000000e+00
0.383333,7.07067108e+00,9.73852478e+02,9.80923157e+02,-3.76049757e+00,0.00000000e+00
0.387500,7.22521639e+00,9.73697083e+02,9.80922302e+02,-3.80137253e+00,0.00000000e+00
0.391667,7.38143301e+00,9.73540100e+02,9.80921509e+02,-3.84224749e+00,0.00000000e+00
0.395833,7.53931999e+00,9.73381348e+02,9.80920654e+02,-3.88312244e+00,0.00000000e+00
0.400000,7.69887781e+00,9.73220947e+02,9.80919800e+02,-3.92399740e+00,0.00000000e+00
0.404167,7.86010647e+00,9.73058899e+02,9.80919006e+02,-3.96487236e+00,0.00000000e+00
0.408333,8.02300549e+00,9.72895142e+02,9.80918152e+02,-4.00574732e+00,0.00000000e+00
0.412500,8.18757629e+00,9.72729736e+02,9.80917297e+02,-4.04662228e+00,0.00000000e+00
0.416667,8.35381699e+00,9.72562683e+02,9.80916504e+02,-4.08749723e+00,0.00000000e+00
0.420833,8.52172852e+00,9.72393921e+02,9.80915649e+02,-4.12837219e+00,0.00000000e+00
0.425000,8.69131088e+00,9.72223511e+02,9.80914795e+02,-4.16924715e+00,0.00000000e+00
0.429167,8.86256409e+00,9.72051453e+02,9.80914001e+02,-4.21012211e+00,0.00000000e+00
0.433333,9.03548813e+00,9.71877625e+02,9.80913086e+02,-4.25099707e+00,0.00000000e+00
0.437500,9.21008301e+00,9.71702209e+02,9.80912292e+02,-4.29187202e+00,0.00000000e+00
0.441667,9.38634777e+00,9.71525146e+02,9.80911499e+02,-4.33274698e+00,0.00000000e+00
0.445833,9.56428432e+00,9.71346313e+02,9.80910583e+02,-4.37362194e+00,0.00000000e+00
0.450000,9.74389172e+00,9.71165894e+02,9.80909790e+02,-4.41449690e+00,0.00000000e+00
0.454167,9.92516899e+00,9.70983765e+02,9.80908936e+02,-4.45537186e+00,0.00000000e+00
0.458333,1.01081181e+01,9.70799927e+02,9.80908020e+02,-4.49624681e+00,0.00000000e+00
0.462500,1.02927370e+01,9.70614502e+02,9.80907227e+02,-4.53712177e+00,0.00000000e+00
0.466667,1.04790268e+01,9.70427368e+02,9.80906372e+02,-4.57799673e+00,0.00000000e+00
0.470833,1.06669874e+01,9.70238525e+02,9.80905518e+02,-4.61887169e+00,0.00000000e+00
0.475000,1.08566198e+01,9.70048096e+02,9.80904724e+02,-4.65974665e+00,0.00000000e+00
0.479167,1.10479221e+01,9.69855957e+02,9.80903870e+02,-4.70062160e+00,0.00000000e+00
0.483333,1.12408953e+01,9.69662170e+02,9.80903076e+02,-4.74149656e+00,0.00000000e+00
0.487500,1.14355383e+01,9.69466675e+02,9.80902222e+02,-4.78237152e+00,0.00000000e+00
0.491667,1.16318531e+01,9.69269531e+02,9.80901367e+02,-4.82324648e+00,0.00000000e+00
0.495833,1.18298388e+01,9.69070740e+02,9.80900574e+02,-4.86412144e+00,0.00000000e+00
0.500000,1.20294952e+01,9.68870239e+02,9.80899719e+02,-4.90499640e+00,0.00000000e+00
0.504167,1.22308216e+01,9.68668091e+02,9.80898926e+02,-4.94587135e+00,0.00000000e+00
0.508333,1.24338198e+01,9.68464294e+02,9.80898132e+02,-4.98674631e+00,0.00000000e+00
0.512500,1.26384878e+01,9.68258789e+02,9.80897278e+02,-5.02762127e+00,0.00000000e+00
0.516667,1.28448267e+01,9.68051575e+02,9.80896423e+02,-5.06849623e+00,0.00000000e+00
0.520833,1.30528374e+01,9.67842773e+02,9.80895630e+02,-5.10937119e+00,0.00000000e+00
0.525000,1.32625179e+01,9.67632263e+02,9.80894775e+02,-5.15024614e+00,0.00000000e+00
0.529167,1.34738693e+01,9.67420044e+02,9.80893921e+02,-5.19112110e+00,0.00000000e+00
0.533333,1.36868916e+01,9.67206238e+02,9.80893127e+02,-5.23199606e+00,0.00000000e+00
0.537500,1.39015846e+01,9.66990662e+02,9.80892273e+02,-5.27287102e+00,0.00000000e+00
0.541667,1.41179485e+01,9.66773499e+02,9.80891418e+02,-5.31374598e+00,0.00000000e+00
0.545833,1.43359823e+01,9.66554626e+02,9.80890625e+02,-5.35462093e+00,0.00000000e+00
0.550000,1.45556879e+01,9.66334045e+02,9.80889709e+02,-5.39549589e+00,0.00000000e+00
0.554167,1.47770643e+01,9.66111877e+02,9.80888916e+02,-5.43637085e+00,0.00000000e+00
0.558333,1.50001106e+01,9.65888000e+02,9.80888123e+02,-5.47724581e+00,0.00000000e+00
0.562500,1.52248287e+01,9.65662415e+02,9.80887268e+02,-5.51812077e+00,0.00000000e+00
0.566667,1.54512167e+01,9.65435181e+02,9.80886414e+02,-5.55899572e+00,0.00000000e+00
0.570833,1.56792755e+01,9.65206299e+02,9.80885559e+02,-5.59987068e+00,0.00000000e+00
0.575000,1.59090061e+01,9.64975708e+02,9.80884705e+02,-5.64074564e+00,0.00000000e+00
0.579167,1.61404057e+01,9.64743469e+02,9.80883850e+02,-5.68162060e+00,0.00000000e+00
0.583333,1.63734779e+01,9.64509583e+02,9.80883057e+02,-5.72249556e+00,0.00000000e+00
0.587500,1.66082191e+01,9.64273987e+02,9.80882202e+02,-5.76337051e+00,0.00000000e+00
0.591667,1.68446331e+01,9.64036743e+02,9.80881348e+02,-5.80424547e+00,0.00000000e+00
0.595833,1.70827160e+01,9.63797791e+02,9.80880493e+02,-5.84512043e+00,0.00000000e+00
0.600000,1.73224716e+01,9.63557190e+02,9.80879639e+02,-5.88599539e+00,0.00000000e+00
0.604167,1.75638962e+01,9.63314941e+02,9.80878845e+02,-5.92687035e+00,0.00000000e+00
0.608333,1.78069916e+01,9.63070984e+02,9.80877991e+02,-5.96774530e+00,0.00000000e+00
0.612500,1.80517578e+01,9.62825378e+02,9.80877136e+02,-6.00862026e+00,0.00000000e+00
0.616667,1.82981968e+01,9.62578064e+02,9.80876282e+02,-6.04949522e+00,0.00000000e+00
0.620833,1.85463047e+01,9.62329163e+02,9.80875488e+02,-6.09037018e+00,0.00000000e+00
0.625000,1.87960835e+01,9.62078552e+02,9.80874634e+02,-6.13124514e+00,0.00000000e+00
0.629167,1.90475330e+01,9.61826233e+02,9.80873779e+02,-6.17212009e+00,0.00000000e+00
0.633333,1.93006535e+01,9.61572327e+02,9.80872986e+02,-6.21299505e+00,0.00000000e+00
0.637500,1.95554447e+01,9.61316711e+02,9.80872131e+02,-6.25387001e+00,0.00000000e+00
0.641667,1.98119068e+01,9.61059387e+02,9.80871277e+02,-6.29474497e+00,0.00000000e+00
0.645833,2.00700397e+01,9.60800476e+02,9.80870544e+02,-6.33561993e+00,0.00000000e+00
0.650000,2.03298435e+01,9.60539856e+02,9.80869690e+02,-6.37649488e+00,0.00000000e+00
0.654167,2.05913181e+01,9.60277527e+02,9.80868835e+02,-6.41736984e+00,0.00000000e+00
0.658333,2.08544636e+01,9.60013550e+02,9.80868042e+02,-6.45824480e+00,0.00000000e+00
0.662500,2.11192780e+01,9.59747925e+02,9.80867188e+02,-6.49911976e+00,0.00000000e+00
0.666667,2.13857651e+01,9.59480591e+02,9.80866333e+02,-6.53999472e+00,0.00000000e+00
0.670833,2.16539230e+01,9.59211548e+02,9.80865479e+02,-6.58086967e+00,0.00000000e+00
0.675000,2.19237518e+01,9.58940918e+02,9.80864685e+02,-6.62174463e+00,0.00000000e+00
0.679167,2.21952496e+01,9.58668579e+02,9.80863831e+02,-6.66261959e+00,0.00000000e+00
0.683333,2.24684200e+01,9.58394592e+02,9.80863037e+02,-6.70349455e+00,0.00000000e+00
0.687500,2.27432594e+01,9.58118896e+02,9.80862183e+02,-6.74436951e+00,0.00000000e+00
0.691667,2.30197716e+01,9.57841553e+02,9.80861328e+02,-6.78524446e+00,0.00000000e+00
0.695833,2.32979527e+01,9.57562500e+02,9.80860474e+02,-6.82611942e+00,0.00000000e+00
0.700000,2.35778065e+01,9.57281860e+02,9.80859680e+02,-6.86699438e+00,0.00000000e+00
0.704167,2.38593292e+01,9.56999451e+02,9.80858765e+02,-6.90786934e+00,0.00000000e+00
0.708333,2.41425228e+01,9.56715454e+02,9.80857971e+02,-6.94874430e+00,0.00000000e+00
0.712500,2.44273891e+01,9.56429749e+02,9.80857117e+02,-6.98961926e+00,0.00000000e+00
0.716667,2.47139244e+01,9.56142334e+02,9.80856262e+02,-7.03049421e+00,0.00000000e+00
0.720833,2.50021305e+01,9.55853333e+02,9.80855469e+02,-7.07136917e+00,0.00000000e+00
0.725000,2.52920074e+01,9.55562622e+02,9.80854614e+02,-7.11224413e+00,0.00000000e+00
0.729167,2.55835571e+01,9.55270203e+02,9.80853760e+02,-7.15311909e+00,0.00000000e+00
0.733333,2.58767757e+01,9.54976135e+02,9.80852905e+02,-7.19399405e+00,0.00000000e+00
0.737500,2.61716652e+01,9.54680420e+02,9.80852112e+02,-7.23486900e+00,0.00000000e+00
0.741667,2.64682255e+01,9.54382996e+02,9.80851196e+02,-7.27574396e+00,0.00000000e+00
0.745833,2.67664566e+01,9.54083923e+02,9.80850403e+02,-7.31661892e+00,0.00000000e+00
0.750000,2.70663586e+01,9.53783203e+02,9.80849548e+02,-7.35749388e+00,0.00000000e+00
0.754167,2.73679314e+01,9.53480835e+02,9.80848755e+02,-7.39836884e+00,0.00000000e+00
0.758333,2.76711750e+01,9.53176697e+02,9.80847900e+02,-7.43924379e+00,0.00000000e+00
0.762500,2.79760876e+01,9.52870972e+02,9.80847046e+02,-7.48011875e+00,0.00000000e+00
0.766667,2.82826729e+01,9.52563599e+02,9.80846252e+02,-7.52099371e+00,0.00000000e+00
0.770833,2.85909290e+01,9.52254517e+02,9.80845459e+02,-7.56186867e+00,0.00000000e+00
0.775000,2.89008560e+01,9.51943726e+02,9.80844604e+02,-7.60274363e+00,0.00000000e+00
0.779167,2.92124519e+01,9.51631348e+02,9.80843811e+02,-7.64361858e+00,0.00000000e+00
0.783333,2.95257206e+01,9.51317200e+02,9.80842896e+02,-7.68449354e+00,0.00000000e+00
0.787500,2.98406601e+01,9.51001465e+02,9.80842102e+02,-7.72536850e+00,0.00000000e+00
0.791667,3.01572685e+01,9.50684021e+02,9.80841309e+02,-7.76624346e+00,0.00000000e+00
0.795833,3.04755497e+01,9.50364868e+02,9.80840393e+02,-7.80711842e+00,0.00000000e+00
0.800000,3.07954998e+01,9.50044128e+02,9.80839600e+02,-7.84799337e+00,0.00000000e+00
0.804167,3.11171227e+01,9.49721680e+02,9.80838806e+02,-7.88886833e+00,0.00000000e+00
0.808333,3.14404144e+01,9.49397522e+02,9.80837952e+02,-7.92974329e+00,0.00000000e+00
0.812500,3.17653770e+01,9.49071716e+02,9.80837097e+02,-7.97061825e+00,0.00000000e+00
0.816667,3.20920143e+01,9.48744263e+02,9.80836304e+02,-8.01149368e+00,0.00000000e+00
0.820833,3.24203224e+01,9.48415100e+02,9.80835449e+02,-8.05236912e+00,0.00000000e+00
0.825000,3.27503052e+01,9.48084290e+02,9.80834595e+02,-8.09324455e+00,0.00000000e+00
0.829167,3.30819550e+01,9.47751831e+02,9.80833801e+02,-8.13411999e+00,0.00000000e+00
0.833333,3.34152756e+01,9.47417664e+02,9.80832947e+02,-8.17499542e+00,0.00000000e+00
0.837500,3.37502670e+01,9.47081848e+02,9.80832092e+02,-8.21587086e+00,0.00000000e+00
0.841667,3.40869293e+01,9.46744385e+02,9.80831299e+02,-8.25674629e+00,0.00000000e+00
0.845833,3.44252625e+01,9.46405151e+02,9.80830444e+02,-8.29762173e+00,0.00000000e+00
0.850000,3.47652664e+01,9.46064331e+02,9.80829590e+02,-8.33849716e+00,0.00000000e+00
0.854167,3.51069412e+01,9.45721863e+02,9.80828796e+02,-8.37937260e+00,0.00000000e+00
0.858333,3.54502869e+01,9.45377625e+02,9.80827881e+02,-8.42024803e+00,0.00000000e+00
0.862500,3.57953033e+01,9.45031799e+02,9.80827087e+02,-8.46112347e+00,0.00000000e+00
0.866667,3.61419945e+01,9.44684265e+02,9.80826233e+02,-8.50199890e+00,0.00000000e+00
0.870833,3.64903526e+01,9.44335083e+02,9.80825439e+02,-8.54287434e+00,0.00000000e+00
0.875000,3.68403816e+01,9.43984192e+02,9.80824585e+02,-8.58374977e+00,0.00000000e+00
0.879167,3.71920815e+01,9.43631653e+02,9.80823730e+02,-8.62462521e+00,0.00000000e+00
0.883333,3.75454521e+01,9.43277405e+02,9.80822876e+02,-8.66550064e+00,0.00000000e+00
0.887500,3.79004936e+01,9.42921570e+02,9.80822083e+02,-8.70637608e+00,0.00000000e+00
0.891667,3.82572060e+01,9.42564026e+02,9.80821228e+02,-8.74725151e+00,0.00000000e+00
0.895833,3.86155891e+01,9.42204834e+02,9.80820435e+02,-8.78812695e+00,0.00000000e+00
0.900000,3.89756432e+01,9.41843933e+02,9.80819580e+02,-8.82900238e+00,0.00000000e+00
0.904167,3.93373680e+01,9.41481384e+02,9.80818726e+02,-8.86987782e+00,0.00000000e+00
0.908333,3.97007599e+01,9.41117188e+02,9.80817932e+02,-8.91075325e+00,0.00000000e+00
0.912500,4.00658264e+01,9.40751282e+02,9.80817139e+02,-8.95162868e+00,0.00000000e+00
0.916667,4.04325638e+01,9.40383728e+02,9.80816284e+02,-8.99250412e+00,0.00000000e+00
0.920833,4.08009720e+01,9.40014526e+02,9.80815491e+02,-9.03337955e+00,0.00000000e+00
0.925000,4.11710510e+01,9.39643616e+02,9.80814697e+02,-9.07425499e+00,0.00000000e+00
0.929167,4.15428009e+01,9.39270996e+02,9.80813782e+02,-9.11513042e+00,0.00000000e+00
0.933333,4.19162216e+01,9.38896790e+02,9.80812988e+02,-9.15600586e+00,0.00000000e+00
0.937500,4.22913132e+01,9.38520874e+02,9.80812195e+02,-9.19688129e+00,0.00000000e+00
0.941667,4.26680756e+01,9.38143250e+02,9.80811340e+02,-9.23775673e+00,0.00000000e+00
0.945833,4.30465088e+01,9.37764038e+02,9.80810547e+02,-9.27863216e+00,0.00000000e+00
0.950000,4.34266090e+01,9.37383057e+02,9.80809692e+02,-9.31950760e+00,0.00000000e+00
0.954167,4.38083839e+01,9.37000488e+02,9.80808899e+02,-9.36038303e+00,0.00000000e+00
0.958333,4.41918297e+01,9.36616211e+02,9.80808044e+02,-9.40125847e+00,0.00000000e+00
0.962500,4.45769463e+01,9.36230225e+02,9.80807190e+02,-9.44213390e+00,0.00000000e+00
0.966667,4.49637337e+01,9.35842590e+02,9.80806335e+02,-9.48300934e+00,0.00000000e+00
0.970833,4.53521919e+01,9.35453369e+02,9.80805542e+02,-9.52388477e+00,0.00000000e+00
0.975000,4.57423172e+01,9.35062378e+02,9.80804688e+02,-9.56476021e+00,0.00000000e+00
0.979167,4.61341171e+01,9.34669739e+02,9.80803833e+02,-9.60563564e+00,0.00000000e+00
0.983333,4.65275879e+01,9.34275452e+02,9.80803040e+02,-9.64651108e+00,0.00000000e+00
0.987500,4.69227295e+01,9.33879456e+02,9.80802185e+02,-9.68738651e+00,0.00000000e+00
0.991667,4.73195419e+01,9.33481812e+02,9.80801331e+02,-9.72826195e+00,0.00000000e+00
0.995833,4.77180214e+01,9.33082520e+02,9.80800537e+02,-9.76913738e+00,0.00000000e+00
1.000000,4.81181755e+01,9.32681519e+02,9.80799683e+02,-9.81001282e+00,0.00000000e+00
1.004167,4.85200005e+01,9.32278809e+02,9.80798828e+02,-9.85088825e+00,0.00000000e+00
1.008333,4.89234962e+01,9.31874512e+02,9.80798035e+02,-9.89176369e+00,0.00000000e+00
1.012500,4.93286591e+01,9.31468506e+02,9.80797180e+02,-9.93263912e+00,0.00000000e+00
1.016667,4.97354965e+01,9.31060791e+02,9.80796265e+02,-9.97351456e+00,0.00000000e+00
1.020833,5.01440048e+01,9.30651489e+02,9.80795471e+02,-1.00143900e+01,0.00000000e+00
1.025000,5.05541801e+01,9.30240417e+02,9.80794617e+02,-1.00552654e+01,0.00000000e+00
1.029167,5.09660301e+01,9.29827759e+02,9.80793762e+02,-1.00961409e+01,0.00000000e+00
1.033333,5.13795509e+01,9.29413391e+02,9.80792969e+02,-1.01370163e+01,0.00000000e+00
1.037500,5.17947388e+01,9.28997437e+02,9.80792175e+02,-1.01778917e+01,0.00000000e+00
1.041667,5.22116013e+01,9.28579712e+02,9.80791321e+02,-1.02187672e+01,0.00000000e+00
1.045833,5.26301346e+01,9.28160400e+02,9.80790527e+02,-1.02596426e+01,0.00000000e+00
1.050000,5.30503349e+01,9.27739380e+02,9.80789734e+02,-1.03005180e+01,0.00000000e+00
1.054167,5.34722099e+01,9.27316650e+02,9.80788879e+02,-1.03413935e+01,0.00000000e+00
1.058333,5.38957520e+01,9.26892273e+02,9.80788025e+02,-1.03822689e+01,0.00000000e+00
1.062500,5.43209686e+01,9.26466248e+02,9.80787231e+02,-1.04231443e+01,0.00000000e+00
1.066667,5.47478561e+01,9.26038513e+02,9.80786377e+02,-1.04640198e+01,0.00000000e+00
1.070833,5.51764107e+01,9.25609131e+02,9.80785522e+02,-1.05048952e+01,0.00000000e+00
1.075000,5.56066399e+01,9.25178101e+02,9.80784729e+02,-1.05457706e+01,0.00000000e+00
1.079167,5.60385361e+01,9.24745361e+02,9.80783875e+02,-1.05866461e+01,0.00000000e+00
1.083333,5.64721069e+01,9.24310974e+02,9.80783081e+02,-1.06275215e+01,0.00000000e+00
1.087500,5.69073486e+01,9.23874939e+02,9.80782288e+02,-1.06683969e+01,0.00000000e+00
1.091667,5.73442574e+01,9.23437195e+02,9.80781433e+02,-1.07092724e+01,0.00000000e+00
1.095833,5.77828407e+01,9.22997742e+02,9.80780579e+02,-1.07501478e+01,0.00000000e+00
1.100000,5.82230911e+01,9.22556702e+02,9.80779785e+02,-1.07910233e+01,0.00000000e+00
1.104167,5.86650162e+01,9.22113892e+02,9.80778931e+02,-1.08318987e+01,0.00000000e+00
1.108333,5.91086082e+01,9.21669495e+02,9.80778076e+02,-1.08727741e+01,0.00000000e+00
1.112500,5.95538750e+01,9.21223450e+02,9.80777344e+02,-1.09136496e+01,0.00000000e+00
1.116667,6.00008087e+01,9.20775635e+02,9.80776428e+02,-1.09545250e+01,0.00000000e+00
1.120833,6.04494171e+01,9.20326172e+02,9.80775574e+02,-1.09954004e+01,0.00000000e+00
1.125000,6.08996925e+01,9.19875122e+02,9.80774841e+02,-1.10362759e+01,0.00000000e+00
1.129167,6.13516388e+01,9.19422302e+02,9.80773926e+02,-1.10771513e+01,0.00000000e+00
1.133333,6.18052597e+01,9.18967834e+02,9.80773071e+02,-1.11180267e+01,0.00000000e+00
1.137500,6.22605476e+01,9.18511719e+02,9.80772278e+02,-1.11589022e+01,0.00000000e+00
1.141667,6.27175102e+01,9.18053894e+02,9.80771423e+02,-1.11997776e+01,0.00000000e+00
1.145833,6.31761398e+01,9.17594421e+02,9.80770569e+02,-1.12406530e+01,0.00000000e+00
1.150000,6.36364441e+01,9.17133301e+02,9.80769775e+02,-1.12815285e+01,0.00000000e+00
1.154167,6.40984116e+01,9.16670471e+02,9.80768860e+02,-1.13224039e+01,0.00000000e+00
1.158333,6.45620575e+01,9.16205994e+02,9.80768066e+02,-1.13632793e+01,0.00000000e+00
1.162500,6.50273743e+01,9.15739868e+02,9.80767212e+02,-1.14041548e+01,0.00000000e+00
1.166667,6.54943619e+01,9.15272034e+02,9.80766418e+02,-1.14450302e+01,0.00000000e+00
1.170833,6.59630127e+01,9.14802551e+02,9.80765564e+02,-1.14859056e+01,0.00000000e+00
1.175000,6.64333420e+01,9.14331360e+02,9.80764709e+02,-1.15267811e+01,0.00000000e+00
1.179167,6.69053421e+01,9.13858582e+02,9.80763916e+02,-1.15676565e+01,0.00000000e+00
1.183333,6.73790054e+01,9.13384094e+02,9.80763123e+02,-1.16085320e+01,0.00000000e+00
1.187500,6.78543472e+01,9.12907898e+02,9.80762268e+02,-1.16494074e+01,0.00000000e+00
1.191667,6.83313599e+01,9.12430115e+02,9.80761475e+02,-1.16902828e+01,0.00000000e+00
1.195833,6.88100357e+01,9.11950562e+02,9.80760620e+02,-1.17311583e+01,0.00000000e+00
1.200000,6.92903900e+01,9.11469421e+02,9.80759827e+02,-1.17720337e+01,0.00000000e+00
1.204167,6.97724075e+01,9.10986572e+02,9.80758972e+02,-1.18129091e+01,0.00000000e+00
1.208333,7.02561035e+01,9.10502014e+02,9.80758118e+02,-1.18537846e+01,0.00000000e+00
1.212500,7.07414703e+01,9.10015869e+02,9.80757324e+02,-1.18946600e+01,0.00000000e+00
1.216667,7.12285004e+01,9.09528015e+02,9.80756531e+02,-1.19355354e+01,0.00000000e+00
1.220833,7.17172089e+01,9.09038452e+02,9.80755676e+02,-1.19764109e+01,0.00000000e+00
1.225000,7.22075882e+01,9.08547241e+02,9.80754822e+02,-1.20172863e+01,0.00000000e+00
1.229167,7.26996307e+01,9.08054382e+02,9.80754028e+02,-1.20581617e+01,0.00000000e+00
1.233333,7.31933517e+01,9.07559814e+02,9.80753174e+02,-1.20990372e+01,0.00000000e+00
1.237500,7.36887360e+01,9.07063599e+02,9.80752319e+02,-1.21399126e+01,0.00000000e+00
1.241667,7.41857986e+01,9.06565735e+02,9.80751526e+02,-1.21807880e+01,0.00000000e+00
1.245833,7.46845322e+01,9.06066162e+02,9.80750671e+02,-1.22216635e+01,0.00000000e+00
1.250000,7.51849289e+01,9.05564941e+02,9.80749878e+02,-1.22625389e+01,0.00000000e+00
1.254167,7.56870041e+01,9.05062073e+02,9.80749084e+02,-1.23034143e+01,0.00000000e+00
1.258333,7.61907425e+01,9.04557434e+02,9.80748169e+02,-1.23442898e+01,0.00000000e+00
1.262500,7.66961594e+01,9.04051208e+02,9.80747375e+02,-1.23851652e+01,0.00000000e+00
1.266667,7.72032394e+01,9.03543335e+02,9.80746582e+02,-1.24260406e+01,0.00000000e+00
1.270833,7.77119980e+01,9.03033691e+02,9.80745667e+02,-1.24669161e+01,0.00000000e+00
1.275000,7.82224274e+01,9.02522461e+02,9.80744873e+02,-1.25077915e+01,0.00000000e+00
1.279167,7.87345200e+01,9.02009521e+02,9.80744019e+02,-1.25486670e+01,0.00000000e+00
1.283333,7.92482910e+01,9.01494873e+02,9.80743164e+02,-1.25895424e+01,0.00000000e+00
1.287500,7.97637253e+01,9.00978638e+02,9.80742371e+02,-1.26304178e+01,0.00000000e+00
1.291667,8.02808380e+01,9.00460693e+02,9.80741516e+02,-1.26712933e+01,0.00000000e+00
1.295833,8.07996140e+01,8.99941040e+02,9.80740662e+02,-1.27121687e+01,0.00000000e+00
1.300000,8.13200684e+01,8.99419739e+02,9.80739807e+02,-1.27530441e+01,0.00000000e+00
1.304167,8.18421860e+01,8.98896851e+02,9.80739014e+02,-1.27939196e+01,0.00000000e+00
1.308333,8.23659821e+01,8.98372192e+02,9.80738159e+02,-1.28347950e+01,0.00000000e+00
1.312500,8.28914413e+01,8.97845886e+02,9.80737305e+02,-1.28756704e+01,0.00000000e+00
1.316667,8.34185791e+01,8.97317932e+02,9.80736511e+02,-1.29165459e+01,0.00000000e+00
1.320833,8.39473801e+01,8.96788330e+02,9.80735718e+02,-1.29574213e+01,0.00000000e+00
1.325000,8.44778595e+01,8.96256958e+02,9.80734802e+02,-1.29982967e+01,0.00000000e+00
1.329167,8.50100021e+01,8.95723999e+02,9.80734009e+02,-1.30391722e+01,0.00000000e+00
1.333333,8.55438232e+01,8.95189392e+02,9.80733215e+02,-1.30800476e+01,0.00000000e+00
1.337500,8.60793076e+01,8.94653076e+02,9.80732361e+02,-1.31209230e+01,0.00000000e+00
1.341667,8.66164703e+01,8.94115112e+02,9.80731567e+02,-1.31617985e+01,0.00000000e+00
1.345833,8.71552963e+01,8.93575439e+02,9.80730713e+02,-1.32026739e+01,0.00000000e+00
1.350000,8.76958008e+01,8.93034119e+02,9.80729919e+02,-1.32435493e+01,0.00000000e+00
1.354167,8.82379684e+01,8.92491089e+02,9.80729065e+02,-1.32844248e+01,0.00000000e+00
1.358333,8.87818146e+01,8.91946472e+02,9.80728271e+02,-1.33253002e+01,0.00000000e+00
1.362500,8.93273239e+01,8.91400085e+02,9.80727417e+02,-1.33661757e+01,0.00000000e+00
1.366667,8.98745117e+01,8.90852112e+02,9.80726624e+02,-1.34070511e+01,0.00000000e+00
1.370833,9.04233627e+01,8.90302429e+02,9.80725769e+02,-1.34479265e+01,0.00000000e+00
1.375000,9.09738922e+01,8.89751038e+02,9.80724915e+02,-1.34888020e+01,0.00000000e+00
1.379167,9.15260849e+01,8.89198059e+02,9.80724121e+02,-1.35296774e+01,0.00000000e+00
1.383333,9.20799484e+01,8.88643372e+02,9.80723328e+02,-1.35705528e+01,0.00000000e+00
1.387500,9.26354904e+01,8.88086975e+02,9.80722473e+02,-1.36114283e+01,0.00000000e+00
1.391667,9.31926956e+01,8.87528931e+02,9.80721619e+02,-1.36523037e+01,0.00000000e+00
1.395833,9.37515793e+01,8.86969238e+02,9.80720825e+02,-1.36931791e+01,0.00000000e+00
1.400000,9.43121262e+01,8.86407837e+02,9.80719971e+02,-1.37340546e+01,0.00000000e+00
1.404167,9.48743515e+01,8.85844788e+02,9.80719116e+02,-1.37749300e+01,0.00000000e+00
1.408333,9.54382401e+01,8.85280090e+02,9.80718323e+02,-1.38158054e+01,0.00000000e+00
1.412500,9.60037994e+01,8.84713684e+02,9.80717468e+02,-1.38566809e+01,0.00000000e+00
1.416667,9.65710373e+01,8.84145569e+02,9.80716614e+02,-1.38975563e+01,0.00000000e+00
1.420833,9.71399384e+01,8.83575867e+02,9.80715820e+02,-1.39384317e+01,0.00000000e+00
1.425000,9.77105179e+01,8.83004456e+02,9.80714966e+02,-1.39793072e+01,0.00000000e+00
1.429167,9.82827606e+01,8.82431335e+02,9.80714111e+02,-1.40201826e+01,0.00000000e+00
1.433333,9.88566742e+01,8.81856628e+02,9.80713318e+02,-1.40610580e+01,0.00000000e+00
1.437500,9.94322662e+01,8.81280151e+02,9.80712402e+02,-1.41019335e+01,0.00000000e+00
1.441667,1.00009521e+02,8.80702087e+02,9.80711609e+02,-1.41428089e+01,0.00000000e+00
1.445833,1.00588448e+02,8.80122314e+02,9.80710754e+02,-1.41836843e+01,0.00000000e+00
1.450000,1.01169052e+02,8.79540894e+02,9.80709961e+02,-1.42245598e+01,0.00000000e+00
1.454167,1.01751320e+02,8.78957764e+02,9.80709106e+02,-1.42654352e+01,0.00000000e+00
1.458333,1.02335258e+02,8.78372986e+02,9.80708252e+02,-1.43063107e+01,0.00000000e+00
1.462500,1.02920876e+02,8.77786621e+02,9.80707520e+02,-1.43471861e+01,0.00000000e+00
1.466667,1.03508156e+02,8.77198486e+02,9.80706665e+02,-1.43880615e+01,0.00000000e+00
1.470833,1.04097115e+02,8.76608704e+02,9.80705811e+02,-1.44289370e+01,0.00000000e+00
1.475000,1.04687737e+02,8.76017273e+02,9.80705017e+02,-1.44698124e+01,0.00000000e+00
1.479167,1.05280029e+02,8.75424133e+02,9.80704163e+02,-1.45106878e+01,0.00000000e+00
1.483333,1.05873993e+02,8.74829346e+02,9.80703369e+02,-1.45515633e+01,0.00000000e+00
1.487500,1.06469635e+02,8.74232910e+02,9.80702515e+02,-1.45924387e+01,0.00000000e+00
1.491667,1.07066940e+02,8.73634766e+02,9.80701721e+02,-1.46333141e+01,0.00000000e+00
1.495833,1.07665916e+02,8.73034973e+02,9.80700867e+02,-1.46741896e+01,0.00000000e+00
1.500000,1.08266571e+02,8.72433533e+02,9.80700073e+02,-1.47150650e+01,0.00000000e+00
1.504167,1.08868889e+02,8.71830322e+02,9.80699219e+02,-1.47559404e+01,0.00000000e+00
1.508333,1.09472878e+02,8.71225525e+02,9.80698425e+02,-1.47968159e+01,0.00000000e+00
1.512500,1.10078545e+02,8.70619080e+02,9.80697632e+02,-1.48376913e+01,0.00000000e+00
1.516667,1.10685875e+02,8.70010864e+02,9.80696716e+02,-1.48785667e+01,0.00000000e+00
1.520833,1.11294876e+02,8.69401062e+02,9.80695923e+02,-1.49194422e+01,0.00000000e+00
1.525000,1.11905548e+02,8.68789551e+02,9.80695068e+02,-1.49603176e+01,0.00000000e+00
1.529167,1.12517899e+02,8.68176331e+02,9.80694214e+02,-1.50011930e+01,0.00000000e+00
1.533333,1.13131912e+02,8.67561523e+02,9.80693420e+02,-1.50420685e+01,0.00000000e+00
1.537500,1.13747597e+02,8.66945007e+02,9.80692627e+02,-1.50829439e+01,0.00000000e+00
1.541667,1.14364952e+02,8.66326782e+02,9.80691711e+02,-1.51238194e+01,0.00000000e+00
1.545833,1.14983986e+02,8.65706970e+02,9.80690979e+02,-1.51646948e+01,0.00000000e+00
1.550000,1.15604683e+02,8.65085449e+02,9.80690125e+02,-1.52055702e+01,0.00000000e+00
1.554167,1.16227051e+02,8.64462219e+02,9.80689270e+02,-1.52464457e+01,0.00000000e+00
1.558333,1.16851089e+02,8.63837341e+02,9.80688416e+02,-1.52873211e+01,0.00000000e+00
1.562500,1.17476807e+02,8.63210815e+02,9.80687622e+02,-1.53281965e+01,0.00000000e+00
1.566667,1.18104187e+02,8.62582581e+02,9.80686768e+02,-1.53690720e+01,0.00000000e+00
1.570833,1.18733238e+02,8.61952698e+02,9.80685913e+02,-1.54099474e+01,0.00000000e+00
1.575000,1.19363960e+02,8.61321106e+02,9.80685059e+02,-1.54508228e+01,0.00000000e+00
1.579167,1.19996361e+02,8.60687866e+02,9.80684204e+02,-1.54916983e+01,0.00000000e+00
1.583333,1.20630424e+02,8.60052979e+02,9.80683411e+02,-1.55325737e+01,0.00000000e+00
1.587500,1.21266159e+02,8.59416443e+02,9.80682617e+02,-1.55734491e+01,0.00000000e+00
1.591667,1.21903564e+02,8.58778137e+02,9.80681702e+02,-1.56143246e+01,0.00000000e+00
1.595833,1.22542641e+02,8.58138245e+02,9.80680908e+02,-1.56552000e+01,0.00000000e+00
1.600000,1.23183395e+02,8.57496643e+02,9.80680054e+02,-1.56960754e+01,0.00000000e+00
1.604167,1.23825813e+02,8.56853455e+02,9.80679260e+02,-1.57369509e+01,0.00000000e+00
1.608333,1.24469902e+02,8.56208496e+02,9.80678406e+02,-1.57778263e+01,0.00000000e+00
1.612500,1.25115662e+02,8.55561951e+02,9.80677612e+02,-1.58187017e+01,0.00000000e+00
1.616667,1.25763092e+02,8.54913696e+02,9.80676758e+02,-1.58595772e+01,0.00000000e+00
1.620833,1.26412193e+02,8.54263733e+02,9.80675903e+02,-1.59004526e+01,0.00000000e+00
1.625000,1.27062973e+02,8.53612183e+02,9.80675171e+02,-1.59413280e+01,0.00000000e+00
1.629167,1.27715416e+02,8.52958923e+02,9.80674316e+02,-1.59822035e+01,0.00000000e+00
1.633333,1.28369522e+02,8.52303955e+02,9.80673462e+02,-1.60230789e+01,0.00000000e+00
1.637500,1.29025299e+02,8.51647339e+02,9.80672607e+02,-1.60639534e+01,0.00000000e+00
1.641667,1.29682739e+02,8.50989075e+02,9.80671814e+02,-1.61048279e+01,0.00000000e+00
1.645833,1.30341858e+02,8.50329102e+02,9.80670959e+02,-1.61457024e+01,0.00000000e+00
1.650000,1.31002640e+02,8.49667480e+02,9.80670105e+02,-1.61865768e+01,0.00000000e+00
1.654167,1.31665085e+02,8.49004211e+02,9.80669312e+02,-1.62274513e+01,0.00000000e+00
1.658333,1.32329208e+02,8.48339233e+02,9.80668457e+02,-1.62683258e+01,0.00000000e+00
1.662500,1.32995010e+02,8.47672607e+02,9.80667603e+02,-1.63092003e+01,0.00000000e+00
1.666667,1.33662476e+02,8.47004333e+02,9.80666809e+02,-1.63500748e+01,0.00000000e+00
1.670833,1.34331604e+02,8.46334290e+02,9.80665894e+02,-1.63909492e+01,0.00000000e+00
1.675000,1.35002411e+02,8.45662659e+02,9.80665039e+02,-1.64318237e+01,0.00000000e+00
1.679167,1.35674896e+02,8.44989319e+02,9.80664185e+02,-1.64726982e+01,0.00000000e+00
1.683333,1.36349045e+02,8.44314331e+02,9.80663391e+02,-1.65135727e+01,0.00000000e+00
1.687500,1.37024857e+02,8.43637634e+02,9.80662476e+02,-1.65544472e+01,0.00000000e+00
1.691667,1.37702347e+02,8.42959351e+02,9.80661682e+02,-1.65953217e+01,0.00000000e+00
1.695833,1.38381516e+02,8.42279297e+02,9.80660828e+02,-1.66361961e+01,0.00000000e+00
1.700000,1.39062347e+02,8.41597595e+02,9.80659912e+02,-1.66770706e+01,0.00000000e+00
1.704167,1.39744843e+02,8.40914307e+02,9.80659180e+02,-1.67179451e+01,0.00000000e+00
1.708333,1.40429016e+02,8.40229248e+02,9.80658264e+02,-1.67588196e+01,0.00000000e+00
1.712500,1.41114853e+02,8.39542542e+02,9.80657410e+02,-1.67996941e+01,0.00000000e+00
1.716667,1.41802368e+02,8.38854187e+02,9.80656555e+02,-1.68405685e+01,0.00000000e+00
1.720833,1.42491562e+02,8.38164124e+02,9.80655701e+02,-1.68814430e+01,0.00000000e+00
1.725000,1.43182419e+02,8.37472412e+02,9.80654846e+02,-1.69223175e+01,0.00000000e+00
1.729167,1.43874939e+02,8.36779053e+02,9.80653992e+02,-1.69631920e+01,0.00000000e+00
1.733333,1.44569138e+02,8.36084045e+02,9.80653198e+02,-1.70040665e+01,0.00000000e+00
1.737500,1.45264999e+02,8.35387329e+02,9.80652344e+02,-1.70449409e+01,0.00000000e+00
1.741667,1.45962540e+02,8.34688965e+02,9.80651489e+02,-1.70858154e+01,0.00000000e+00
1.745833,1.46661758e+02,8.33988953e+02,9.80650696e+02,-1.71266899e+01,0.00000000e+00
1.750000,1.47362640e+02,8.33287231e+02,9.80649902e+02,-1.71675644e+01,0.00000000e+00
1.754167,1.48065186e+02,8.32583801e+02,9.80648987e+02,-1.72084389e+01,0.00000000e+00
1.758333,1.48769409e+02,8.31878784e+02,9.80648193e+02,-1.72493134e+01,0.00000000e+00
1.762500,1.49475296e+02,8.31172058e+02,9.80647339e+02,-1.72901878e+01,0.00000000e+00
1.766667,1.50182861e+02,8.30463623e+02,9.80646484e+02,-1.73310623e+01,0.00000000e+00
1.770833,1.50892090e+02,8.29753601e+02,9.80645691e+02,-1.73719368e+01,0.00000000e+00
1.775000,1.51602997e+02,8.29041809e+02,9.80644775e+02,-1.74128113e+01,0.00000000e+00
1.779167,1.52315567e+02,8.28328369e+02,9.80643921e+02,-1.74536858e+01,0.00000000e+00
1.783333,1.53029816e+02,8.27613342e+02,9.80643188e+02,-1.74945602e+01,0.00000000e+00
1.787500,1.53745743e+02,8.26896545e+02,9.80642273e+02,-1.75354347e+01,0.00000000e+00
1.791667,1.54463318e+02,8.26178101e+02,9.80641418e+02,-1.75763092e+01,0.00000000e+00
1.795833,1.55182587e+02,8.25458008e+02,9.80640625e+02,-1.76171837e+01,0.00000000e+00
1.800000,1.55903503e+02,8.24736267e+02,9.80639771e+02,-1.76580582e+01,0.00000000e+00
1.804167,1.56626114e+02,8.24012817e+02,9.80638916e+02,-1.76989326e+01,0.00000000e+00
1.808333,1.57350372e+02,8.23287720e+02,9.80638062e+02,-1.77398071e+01,0.00000000e+00
1.812500,1.58076324e+02,8.22560913e+02,9.80637207e+02,-1.77806816e+01,0.00000000e+00
1.816667,1.58803925e+02,8.21832397e+02,9.80636353e+02,-1.78215561e+01,0.00000000e+00
1.820833,1.59533218e+02,8.21102295e+02,9.80635498e+02,-1.78624306e+01,0.00000000e+00
1.825000,1.60264160e+02,8.20370483e+02,9.80634644e+02,-1.79033051e+01,0.00000000e+00
1.829167,1.60996796e+02,8.19637024e+02,9.80633789e+02,-1.79441795e+01,0.00000000e+00
1.833333,1.61731079e+02,8.18901917e+02,9.80632996e+02,-1.79850540e+01,0.00000000e+00
1.837500,1.62467056e+02,8.18165039e+02,9.80632080e+02,-1.80259285e+01,0.00000000e+00
1.841667,1.63204681e+02,8.17426575e+02,9.80631226e+02,-1.80668030e+01,0.00000000e+00
1.845833,1.63943985e+02,8.16686401e+02,9.80630371e+02,-1.81076775e+01,0.00000000e+00
1.850000,1.64684967e+02,8.15944580e+02,9.80629517e+02,-1.81485519e+01,0.00000000e+00
1.854167,1.65427612e+02,8.15201050e+02,9.80628662e+02,-1.81894264e+01,0.00000000e+00
1.858333,1.66171936e+02,8.14455933e+02,9.80627869e+02,-1.82303009e+01,0.00000000e+00
1.862500,1.66917923e+02,8.13709106e+02,9.80627014e+02,-1.82711754e+01,0.00000000e+00
1.866667,1.67665588e+02,8.12960571e+02,9.80626160e+02,-1.83120499e+01,0.00000000e+00
1.870833,1.68414917e+02,8.12210449e+02,9.80625366e+02,-1.83529243e+01,0.00000000e+00
1.875000,1.69165924e+02,8.11458618e+02,9.80624512e+02,-1.83937988e+01,0.00000000e+00
1.879167,1.69918594e+02,8.10705078e+02,9.80623657e+02,-1.84346733e+01,0.00000000e+00
1.883333,1.70672928e+02,8.09949890e+02,9.80622803e+02,-1.84755478e+01,0.00000000e+00
1.887500,1.71428940e+02,8.09193054e+02,9.80622009e+02,-1.85164223e+01,0.00000000e+00
1.891667,1.72186630e+02,8.08434509e+02,9.80621155e+02,-1.85572968e+01,0.00000000e+00
1.895833,1.72945984e+02,8.07674316e+02,9.80620300e+02,-1.85981712e+01,0.00000000e+00
1.900000,1.73707016e+02,8.06912476e+02,9.80619507e+02,-1.86390457e+01,0.00000000e+00
1.904167,1.74469711e+02,8.06148926e+02,9.80618652e+02,-1.86799202e+01,0.00000000e+00
1.908333,1.75234070e+02,8.05383728e+02,9.80617798e+02,-1.87207947e+01,0.00000000e+00
1.912500,1.76000122e+02,8.04616882e+02,9.80617004e+02,-1.87616692e+01,0.00000000e+00
1.916667,1.76767822e+02,8.03848328e+02,9.80616150e+02,-1.88025436e+01,0.00000000e+00
1.920833,1.77537201e+02,8.03078064e+02,9.80615234e+02,-1.88434181e+01,0.00000000e+00
1.925000,1.78308258e+02,8.02306213e+02,9.80614502e+02,-1.88842926e+01,0.00000000e+00
1.929167,1.79080978e+02,8.01532593e+02,9.80613586e+02,-1.89251671e+01,0.00000000e+00
1.933333,1.79855362e+02,8.00757385e+02,9.80612732e+02,-1.89660416e+01,0.00000000e+00
1.937500,1.80631424e+02,7.99980469e+02,9.80611877e+02,-1.90069160e+01,0.00000000e+00
1.941667,1.81409164e+02,7.99201904e+02,9.80611084e+02,-1.90477905e+01,0.00000000e+00
1.945833,1.82188568e+02,7.98421631e+02,9.80610229e+02,-1.90886650e+01,0.00000000e+00
1.950000,1.82969635e+02,7.97639709e+02,9.80609375e+02,-1.91295395e+01,0.00000000e+00
1.954167,1.83752380e+02,7.96856140e+02,9.80608521e+02,-1.91704140e+01,0.00000000e+00
1.958333,1.84536804e+02,7.96070862e+02,9.80607666e+02,-1.92112885e+01,0.00000000e+00
1.962500,1.85322891e+02,7.95283936e+02,9.80606812e+02,-1.92521629e+01,0.00000000e+00
1.966667,1.86110641e+02,7.94495300e+02,9.80605957e+02,-1.92930374e+01,0.00000000e+00
1.970833,1.86900070e+02,7.93705017e+02,9.80605103e+02,-1.93339119e+01,0.00000000e+00
1.975000,1.87691177e+02,7.92913086e+02,9.80604248e+02,-1.93747864e+01,0.00000000e+00
1.979167,1.88483948e+02,7.92119446e+02,9.80603394e+02,-1.94156609e+01,0.00000000e+00
1.983333,1.89278381e+02,7.91324158e+02,9.80602539e+02,-1.94565353e+01,0.00000000e+00
1.987500,1.90074493e+02,7.90527222e+02,9.80601685e+02,-1.94974098e+01,0.00000000e+00
1.991667,1.90872284e+02,7.89728516e+02,9.80600830e+02,-1.95382843e+01,0.00000000e+00
1.995833,1.91671722e+02,7.88928223e+02,9.80599976e+02,-1.95791588e+01,0.00000000e+00
2.000000,1.92472855e+02,7.88126282e+02,9.80599121e+02,-1.96200333e+01,0.00000000e+00
2.004167,1.93275650e+02,7.87322693e+02,9.80598328e+02,-1.96609077e+01,0.00000000e+00
2.008333,1.94080109e+02,7.86517334e+02,9.80597412e+02,-1.97017822e+01,0.00000000e+00
2.012500,1.94886246e+02,7.85710388e+02,9.80596619e+02,-1.97426567e+01,0.00000000e+00
2.016667,1.95694046e+02,7.84901733e+02,9.80595764e+02,-1.97835312e+01,0.00000000e+00
2.020833,1.96503525e+02,7.84091431e+02,9.80594971e+02,-1.98244057e+01,0.00000000e+00
2.025000,1.97314682e+02,7.83279419e+02,9.80594116e+02,-1.98652802e+01,0.00000000e+00
2.029167,1.98127502e+02,7.82465759e+02,9.80593262e+02,-1.99061546e+01,0.00000000e+00
2.033334,1.98941986e+02,7.81650452e+02,9.80592407e+02,-1.99470291e+01,0.00000000e+00
2.037500,1.99758148e+02,7.80833435e+02,9.80591553e+02,-1.99879036e+01,0.00000000e+00
2.041667,2.00575974e+02,7.80014771e+02,9.80590759e+02,-2.00287781e+01,0.00000000e+00
2.045833,2.01395477e+02,7.79194397e+02,9.80589844e+02,-2.00696526e+01,0.00000000e+00
2.050000,2.02216644e+02,7.78372375e+02,9.80588989e+02,-2.01105270e+01,0.00000000e+00
2.054167,2.03039490e+02,7.77548767e+02,9.80588257e+02,-2.01514015e+01,0.00000000e+00
2.058333,2.03863998e+02,7.76723328e+02,9.80587341e+02,-2.01922760e+01,0.00000000e+00
2.062500,2.04690186e+02,7.75896301e+02,9.80586487e+02,-2.02331505e+01,0.00000000e+00
2.066667,2.05518051e+02,7.75067627e+02,9.80585693e+02,-2.02740250e+01,0.00000000e+00
2.070833,2.06347565e+02,7.74237244e+02,9.80584839e+02,-2.03148994e+01,0.00000000e+00
2.075000,2.07178772e+02,7.73405212e+02,9.80583984e+02,-2.03557739e+01,0.00000000e+00
2.079167,2.08011627e+02,7.72571533e+02,9.80583130e+02,-2.03966484e+01,0.00000000e+00
2.083333,2.08846176e+02,7.71736084e+02,9.80582275e+02,-2.04375229e+01,0.00000000e+00
2.087500,2.09682373e+02,7.70899048e+02,9.80581421e+02,-2.04783974e+01,0.00000000e+00
2.091667,2.10520264e+02,7.70060364e+02,9.80580627e+02,-2.05192719e+01,0.00000000e+00
2.095834,2.11359802e+02,7.69219910e+02,9.80579712e+02,-2.05601463e+01,0.00000000e+00
2.100000,2.12201035e+02,7.68377808e+02,9.80578857e+02,-2.06010208e+01,0.00000000e+00
2.104167,2.13043915e+02,7.67534119e+02,9.80578003e+02,-2.06418953e+01,0.00000000e+00
2.108333,2.13888489e+02,7.66688660e+02,9.80577148e+02,-2.06827698e+01,0.00000000e+00
2.112500,2.14734711e+02,7.65841553e+02,9.80576294e+02,-2.07236443e+01,0.00000000e+00
2.116667,2.15582626e+02,7.64992859e+02,9.80575500e+02,-2.07645187e+01,0.00000000e+00
2.120833,2.16432190e+02,7.64142395e+02,9.80574585e+02,-2.08053932e+01,0.00000000e+00
2.125000,2.17283432e+02,7.63290283e+02,9.80573730e+02,-2.08462677e+01,0.00000000e+00
2.129167,2.18136353e+02,7.62436523e+02,9.80572876e+02,-2.08871422e+01,0.00000000e+00
2.133333,2.18990936e+02,7.61581116e+02,9.80572021e+02,-2.09280167e+01,0.00000000e+00
2.137500,2.19847198e+02,7.60723999e+02,9.80571167e+02,-2.09688911e+01,0.00000000e+00
2.141667,2.20705124e+02,7.59865234e+02,9.80570374e+02,-2.10097656e+01,0.00000000e+00
2.145833,2.21564728e+02,7.59004822e+02,9.80569580e+02,-2.10506401e+01,0.00000000e+00
2.150000,2.22425995e+02,7.58142700e+02,9.80568726e+02,-2.10915146e+01,0.00000000e+00
2.154167,2.23288940e+02,7.57278931e+02,9.80567871e+02,-2.11323891e+01,0.00000000e+00
2.158334,2.24153549e+02,7.56413513e+02,9.80567078e+02,-2.11732635e+01,0.00000000e+00
2.162500,2.25019821e+02,7.55546387e+02,9.80566223e+02,-2.12141380e+01,0.00000000e+00
2.166667,2.25887772e+02,7.54677551e+02,9.80565308e+02,-2.12550125e+01,0.00000000e+00
2.170833,2.26757401e+02,7.53807129e+02,9.80564514e+02,-2.12958870e+01,0.00000000e+00
2.175000,2.27628693e+02,7.52934998e+02,9.80563721e+02,-2.13367615e+01,0.00000000e+00
2.179167,2.28501663e+02,7.52061157e+02,9.80562805e+02,-2.13776360e+01,0.00000000e+00
2.183333,2.29376297e+02,7.51185730e+02,9.80562012e+02,-2.14185104e+01,0.00000000e+00
2.187500,2.30252594e+02,7.50308533e+02,9.80561157e+02,-2.14593849e+01,0.00000000e+00
2.191667,2.31130585e+02,7.49429688e+02,9.80560303e+02,-2.15002594e+01,0.00000000e+00
2.195833,2.32010223e+02,7.48549255e+02,9.80559448e+02,-2.15411339e+01,0.00000000e+00
2.200000,2.32891541e+02,7.47667053e+02,9.80558594e+02,-2.15820084e+01,0.00000000e+00
2.204167,2.33774536e+02,7.46783203e+02,9.80557739e+02,-2.16228828e+01,0.00000000e+00
2.208333,2.34659195e+02,7.45897705e+02,9.80556885e+02,-2.16637573e+01,0.00000000e+00
2.212500,2.35545517e+02,7.45010498e+02,9.80556030e+02,-2.17046318e+01,0.00000000e+00
2.216667,2.36433517e+02,7.44121643e+02,9.80555176e+02,-2.17455063e+01,0.00000000e+00
2.220834,2.37323196e+02,7.43231201e+02,9.80554382e+02,-2.17863808e+01,0.00000000e+00
2.225000,2.38214539e+02,7.42338928e+02,9.80553467e+02,-2.18272552e+01,0.00000000e+00
2.229167,2.39107544e+02,7.41445068e+02,9.80552612e+02,-2.18681297e+01,0.00000000e+00
2.233333,2.40002228e+02,7.40549561e+02,9.80551758e+02,-2.19090042e+01,0.00000000e+00
2.237500,2.40898590e+02,7.39652344e+02,9.80550903e+02,-2.19498787e+01,0.00000000e+00
2.241667,2.41796616e+02,7.38753479e+02,9.80550110e+02,-2.19907532e+01,0.00000000e+00
2.245833,2.42696304e+02,7.37852905e+02,9.80549194e+02,-2.20316277e+01,0.00000000e+00
2.250000,2.43597672e+02,7.36950684e+02,9.80548340e+02,-2.20725021e+01,0.00000000e+00
2.254167,2.44500717e+02,7.36046814e+02,9.80547546e+02,-2.21133766e+01,0.00000000e+00
2.258333,2.45405426e+02,7.35141235e+02,9.80546631e+02,-2.21542511e+01,0.00000000e+00
2.262500,2.46311798e+02,7.34234070e+02,9.80545898e+02,-2.21951256e+01,0.00000000e+00
2.266667,2.47219849e+02,7.33325134e+02,9.80544983e+02,-2.22360001e+01,0.00000000e+00
2.270833,2.48129562e+02,7.32414612e+02,9.80544189e+02,-2.22768745e+01,0.00000000e+00
2.275000,2.49040955e+02,7.31502380e+02,9.80543335e+02,-2.23177490e+01,0.00000000e+00
2.279167,2.49954025e+02,7.30588440e+02,9.80542480e+02,-2.23586235e+01,0.00000000e+00
2.283334,2.50868759e+02,7.29672913e+02,9.80541687e+02,-2.23994980e+01,0.00000000e+00
2.287500,2.51785156e+02,7.28755676e+02,9.80540833e+02,-2.24403725e+01,0.00000000e+00
2.291667,2.52703232e+02,7.27836731e+02,9.80539978e+02,-2.24812469e+01,0.00000000e+00
2.295833,2.53622971e+02,7.26916138e+02,9.80539124e+02,-2.25221214e+01,0.00000000e+00
2.300000,2.54544388e+02,7.25993896e+02,9.80538269e+02,-2.25629959e+01,0.00000000e+00
2.304167,2.55467484e+02,7.25069946e+02,9.80537415e+02,-2.26038704e+01,0.00000000e+00
2.308333,2.56392242e+02,7.24144348e+02,9.80536621e+02,-2.26447449e+01,0.00000000e+00
2.312500,2.57318665e+02,7.23217102e+02,9.80535767e+02,-2.26856194e+01,0.00000000e+00
2.316667,2.58246765e+02,7.22288147e+02,9.80534912e+02,-2.27264938e+01,0.00000000e+00
2.320833,2.59176544e+02,7.21357544e+02,9.80534058e+02,-2.27673683e+01,0.00000000e+00
2.325000,2.60107971e+02,7.20425293e+02,9.80533264e+02,-2.28082428e+01,0.00000000e+00
2.329167,2.61041077e+02,7.19491272e+02,9.80532349e+02,-2.28491173e+01,0.00000000e+00
2.333333,2.61975861e+02,7.18555664e+02,9.80531494e+02,-2.28899918e+01,0.00000000e+00
2.337500,2.62912323e+02,7.17618408e+02,9.80530762e+02,-2.29308662e+01,0.00000000e+00
2.341667,2.63850433e+02,7.16679382e+02,9.80529785e+02,-2.29717407e+01,0.00000000e+00
2.345834,2.64790222e+02,7.15738770e+02,9.80528992e+02,-2.30126152e+01,0.00000000e+00
2.350000,2.65731689e+02,7.14796448e+02,9.80528137e+02,-2.30534897e+01,0.00000000e+00
2.354167,2.66674835e+02,7.13852417e+02,9.80527222e+02,-2.30943642e+01,0.00000000e+00
2.358333,2.67619629e+02,7.12906799e+02,9.80526428e+02,-2.31352386e+01,0.00000000e+00
2.362500,2.68566101e+02,7.11959473e+02,9.80525574e+02,-2.31761131e+01,0.00000000e+00
2.366667,2.69514252e+02,7.11010437e+02,9.80524658e+02,-2.32169876e+01,0.00000000e+00
2.370833,2.70464081e+02,7.10059753e+02,9.80523804e+02,-2.32578621e+01,0.00000000e+00
2.375000,2.71415558e+02,7.09107483e+02,9.80523071e+02,-2.32987366e+01,0.00000000e+00
2.379167,2.72368713e+02,7.08153442e+02,9.80522156e+02,-2.33396111e+01,0.00000000e+00
2.383333,2.73323547e+02,7.07197754e+02,9.80521301e+02,-2.33804855e+01,0.00000000e+00
2.387500,2.74280060e+02,7.06240417e+02,9.80520508e+02,-2.34213600e+01,0.00000000e+00
2.391667,2.75238220e+02,7.05281311e+02,9.80519531e+02,-2.34622345e+01,0.00000000e+00
2.395833,2.76198059e+02,7.04320618e+02,9.80518677e+02,-2.35031090e+01,0.00000000e+00
2.400000,2.77159576e+02,7.03358276e+02,9.80517822e+02,-2.35439835e+01,0.00000000e+00
2.404167,2.78122772e+02,7.02394287e+02,9.80517090e+02,-2.35848579e+01,0.00000000e+00
2.408334,2.79087616e+02,7.01428589e+02,9.80516235e+02,-2.36257324e+01,0.00000000e+00
2.412500,2.80054138e+02,7.00461243e+02,9.80515381e+02,-2.36666069e+01,0.00000000e+00
2.416667,2.81022339e+02,6.99492188e+02,9.80514526e+02,-2.37074814e+01,0.00000000e+00
2.420833,2.81992218e+02,6.98521484e+02,9.80513672e+02,-2.37483559e+01,0.00000000e+00
2.425000,2.82963745e+02,6.97549072e+02,9.80512817e+02,-2.37892303e+01,0.00000000e+00
2.429167,2.83936951e+02,6.96575073e+02,9.80512024e+02,-2.38301048e+01,0.00000000e+00
2.433333,2.84911835e+02,6.95599304e+02,9.80511108e+02,-2.38709793e+01,0.00000000e+00
2.437500,2.85888367e+02,6.94621948e+02,9.80510315e+02,-2.39118538e+01,0.00000000e+00
2.441667,2.86866608e+02,6.93642883e+02,9.80509521e+02,-2.39527283e+01,0.00000000e+00
2.445833,2.87846497e+02,6.92662109e+02,9.80508606e+02,-2.39936028e+01,0.00000000e+00
2.450000,2.88828033e+02,6.91679749e+02,9.80507812e+02,-2.40344772e+01,0.00000000e+00
2.454167,2.89811279e+02,6.90695679e+02,9.80506958e+02,-2.40753517e+01,0.00000000e+00
2.458333,2.90796173e+02,6.89709900e+02,9.80506104e+02,-2.41162262e+01,0.00000000e+00
2.462500,2.91782745e+02,6.88722473e+02,9.80505249e+02,-2.41571007e+01,0.00000000e+00
2.466667,2.92770996e+02,6.87733398e+02,9.80504395e+02,-2.41979752e+01,0.00000000e+00
2.470834,2.93760925e+02,6.86742615e+02,9.80503540e+02,-2.42388496e+01,0.00000000e+00
2.475000,2.94752502e+02,6.85750183e+02,9.80502686e+02,-2.42797241e+01,0.00000000e+00
2.479167,2.95745758e+02,6.84756104e+02,9.80501831e+02,-2.43205986e+01,0.00000000e+00
2.483333,2.96740692e+02,6.83760315e+02,9.80500977e+02,-2.43614731e+01,0.00000000e+00
2.487500,2.97737274e+02,6.82762817e+02,9.80500122e+02,-2.44023476e+01,0.00000000e+00
2.491667,2.98735565e+02,6.81763733e+02,9.80499268e+02,-2.44432220e+01,0.00000000e+00
2.495833,2.99735504e+02,6.80762939e+02,9.80498413e+02,-2.44840965e+01,0.00000000e+00
2.500000,3.00737091e+02,6.79760437e+02,9.80497559e+02,-2.45249710e+01,0.00000000e+00
2.504167,3.01740387e+02,6.78756348e+02,9.80496704e+02,-2.45658455e+01,0.00000000e+00
2.508333,3.02745331e+02,6.77750488e+02,9.80495850e+02,-2.46067200e+01,0.00000000e+00
2.512500,3.03751953e+02,6.76743042e+02,9.80494995e+02,-2.46475945e+01,0.00000000e+00
2.516667,3.04760254e+02,6.75733887e+02,9.80494141e+02,-2.46884689e+01,0.00000000e+00
2.520833,3.05770203e+02,6.74723083e+02,9.80493286e+02,-2.47293434e+01,0.00000000e+00
2.525000,3.06781860e+02,6.73710571e+02,9.80492432e+02,-2.47702179e+01,0.00000000e+00
2.529167,3.07795166e+02,6.72696411e+02,9.80491577e+02,-2.48110924e+01,0.00000000e+00
2.533334,3.08810120e+02,6.71680664e+02,9.80490784e+02,-2.48519669e+01,0.00000000e+00
2.537500,3.09826782e+02,6.70663147e+02,9.80489929e+02,-2.48928413e+01,0.00000000e+00
2.541667,3.10845093e+02,6.69643982e+02,9.80489075e+02,-2.49337158e+01,0.00000000e+00
2.545833,3.11865082e+02,6.68623169e+02,9.80488281e+02,-2.49745903e+01,0.00000000e+00
2.550000,3.12886749e+02,6.67600647e+02,9.80487427e+02,-2.50154648e+01,0.00000000e+00
2.554167,3.13910065e+02,6.66576477e+02,9.80486572e+02,-2.50563393e+01,0.00000000e+00
2.558333,3.14935059e+02,6.65550659e+02,9.80485718e+02,-2.50972137e+01,0.00000000e+00
2.562500,3.15961731e+02,6.64523132e+02,9.80484863e+02,-2.51380882e+01,0.00000000e+00
2.566667,3.16990082e+02,6.63493958e+02,9.80484009e+02,-2.51789627e+01,0.00000000e+00
2.570833,3.18020081e+02,6.62463135e+02,9.80483215e+02,-2.52198372e+01,0.00000000e+00
2.575000,3.19051788e+02,6.61430542e+02,9.80482300e+02,-2.52607117e+01,0.00000000e+00
2.579167,3.20085144e+02,6.60396362e+02,9.80481506e+02,-2.53015862e+01,0.00000000e+00
2.583333,3.21120148e+02,6.59360535e+02,9.80480713e+02,-2.53424606e+01,0.00000000e+00
2.587500,3.22156860e+02,6.58322937e+02,9.80479797e+02,-2.53833351e+01,0.00000000e+00
2.591667,3.23195221e+02,6.57283752e+02,9.80479004e+02,-2.54242096e+01,0.00000000e+00
2.595834,3.24235260e+02,6.56242859e+02,9.80478149e+02,-2.54650841e+01,0.00000000e+00
2.600000,3.25276947e+02,6.55200256e+02,9.80477173e+02,-2.55059586e+01,0.00000000e+00
2.604167,3.26320343e+02,6.54156067e+02,9.80476440e+02,-2.55468330e+01,0.00000000e+00
2.608334,3.27365387e+02,6.53110168e+02,9.80475586e+02,-2.55877075e+01,0.00000000e+00
2.612500,3.28412109e+02,6.52062561e+02,9.80474670e+02,-2.56285820e+01,0.00000000e+00
2.616667,3.29460510e+02,6.51013367e+02,9.80473877e+02,-2.56694565e+01,0.00000000e+00
2.620833,3.30510559e+02,6.49962463e+02,9.80473022e+02,-2.57103310e+01,0.00000000e+00
2.625000,3.31562286e+02,6.48909851e+02,9.80472168e+02,-2.57512054e+01,0.00000000e+00
2.629167,3.32615692e+02,6.47855591e+02,9.80471313e+02,-2.57920799e+01,0.00000000e+00
2.633333,3.33670776e+02,6.46799683e+02,9.80470459e+02,-2.58329544e+01,0.00000000e+00
2.637500,3.34727509e+02,6.45742065e+02,9.80469604e+02,-2.58738289e+01,0.00000000e+00
2.641667,3.35785919e+02,6.44682800e+02,9.80468750e+02,-2.59147034e+01,0.00000000e+00
2.645833,3.36846008e+02,6.43621887e+02,9.80467896e+02,-2.59555779e+01,0.00000000e+00
2.650000,3.37907776e+02,6.42559204e+02,9.80466980e+02,-2.59964523e+01,0.00000000e+00
2.654167,3.38971191e+02,6.41494934e+02,9.80466125e+02,-2.60373268e+01,0.00000000e+00
2.658334,3.40036285e+02,6.40429016e+02,9.80465332e+02,-2.60782013e+01,0.00000000e+00
2.662500,3.41103058e+02,6.39361389e+02,9.80464478e+02,-2.61190758e+01,0.00000000e+00
2.666667,3.42171509e+02,6.38292114e+02,9.80463623e+02,-2.61599503e+01,0.00000000e+00
2.670834,3.43241608e+02,6.37221191e+02,9.80462769e+02,-2.62008247e+01,0.00000000e+00
2.675000,3.44313385e+02,6.36148560e+02,9.80461914e+02,-2.62416992e+01,0.00000000e+00
2.679167,3.45386841e+02,6.35074280e+02,9.80461121e+02,-2.62825737e+01,0.00000000e+00
2.683333,3.46461975e+02,6.33998291e+02,9.80460266e+02,-2.63234482e+01,0.00000000e+00
2.687500,3.47538757e+02,6.32920715e+02,9.80459473e+02,-2.63643227e+01,0.00000000e+00
2.691667,3.48617218e+02,6.31841370e+02,9.80458618e+02,-2.64051971e+01,0.00000000e+00
2.695833,3.49697357e+02,6.30760376e+02,9.80457764e+02,-2.64460716e+01,0.00000000e+00
2.700000,3.50779144e+02,6.29677734e+02,9.80456909e+02,-2.64869461e+01,0.00000000e+00
2.704167,3.51862640e+02,6.28593384e+02,9.80456055e+02,-2.65278206e+01,0.00000000e+00
2.708333,3.52947784e+02,6.27507446e+02,9.80455200e+02,-2.65686951e+01,0.00000000e+00
2.712500,3.54034607e+02,6.26419739e+02,9.80454346e+02,-2.66095695e+01,0.00000000e+00
2.716667,3.55123077e+02,6.25330444e+02,9.80453491e+02,-2.66504440e+01,0.00000000e+00
2.720834,3.56213257e+02,6.24239441e+02,9.80452698e+02,-2.66913185e+01,0.00000000e+00
2.725000,3.57305084e+02,6.23146729e+02,9.80451782e+02,-2.67321930e+01,0.00000000e+00
2.729167,3.58398560e+02,6.22052368e+02,9.80450928e+02,-2.67730675e+01,0.00000000e+00
2.733334,3.59493744e+02,6.20956360e+02,9.80450073e+02,-2.68139420e+01,0.00000000e+00
2.737500,3.60590576e+02,6.19858643e+02,9.80449219e+02,-2.68548164e+01,0.00000000e+00
2.741667,3.61689087e+02,6.18759338e+02,9.80448425e+02,-2.68956909e+01,0.00000000e+00
2.745833,3.62789276e+02,6.17658264e+02,9.80447510e+02,-2.69365654e+01,0.00000000e+00
2.750000,3.63891144e+02,6.16555542e+02,9.80446655e+02,-2.69774399e+01,0.00000000e+00
2.754167,3.64994659e+02,6.15451172e+02,9.80445801e+02,-2.70183144e+01,0.00000000e+00
2.758333,3.66099854e+02,6.14345154e+02,9.80445007e+02,-2.70591888e+01,0.00000000e+00
2.762500,3.67206726e+02,6.13237427e+02,9.80444153e+02,-2.71000633e+01,0.00000000e+00
2.766667,3.68315247e+02,6.12128052e+02,9.80443298e+02,-2.71409378e+01,0.00000000e+00
2.770833,3.69425446e+02,6.11016968e+02,9.80442383e+02,-2.71818123e+01,0.00000000e+00
2.775000,3.70537323e+02,6.09904297e+02,9.80441650e+02,-2.72226868e+01,0.00000000e+00
2.779167,3.71650879e+02,6.08789917e+02,9.80440796e+02,-2.72635612e+01,0.00000000e+00
2.783334,3.72766113e+02,6.07673828e+02,9.80439941e+02,-2.73044357e+01,0.00000000e+00
2.787500,3.73882996e+02,6.06556091e+02,9.80439087e+02,-2.73453102e+01,0.00000000e+00
2.791667,3.75001556e+02,6.05436707e+02,9.80438232e+02,-2.73861847e+01,0.00000000e+00
2.795834,3.76121796e+02,6.04315613e+02,9.80437378e+02,-2.74270592e+01,0.00000000e+00
2.800000,3.77243683e+02,6.03192871e+02,9.80436523e+02,-2.74679337e+01,0.00000000e+00
2.804167,3.78367249e+02,6.02068420e+02,9.80435669e+02,-2.75088081e+01,0.00000000e+00
2.808333,3.79492493e+02,6.00942322e+02,9.80434814e+02,-2.75496826e+01,0.00000000e+00
2.812500,3.80619415e+02,5.99814575e+02,9.80433960e+02,-2.75905571e+01,0.00000000e+00
2.816667,3.81748016e+02,5.98685120e+02,9.80433105e+02,-2.76314316e+01,0.00000000e+00
2.820833,3.82878265e+02,5.97554016e+02,9.80432251e+02,-2.76723061e+01,0.00000000e+00
2.825000,3.84010193e+02,5.96421204e+02,9.80431396e+02,-2.77131805e+01,0.00000000e+00
2.829167,3.85143799e+02,5.95286743e+02,9.80430542e+02,-2.77540550e+01,0.00000000e+00
2.833333,3.86279053e+02,5.94150696e+02,9.80429749e+02,-2.77949295e+01,0.00000000e+00
2.837500,3.87415985e+02,5.93012878e+02,9.80428833e+02,-2.78358040e+01,0.00000000e+00
2.841667,3.88554596e+02,5.91873413e+02,9.80427979e+02,-2.78766785e+01,0.00000000e+00
2.845834,3.89694885e+02,5.90732300e+02,9.80427185e+02,-2.79175529e+01,0.00000000e+00
2.850000,3.90836823e+02,5.89589478e+02,9.80426270e+02,-2.79584274e+01,0.00000000e+00
2.854167,3.91980469e+02,5.88445007e+02,9.80425476e+02,-2.79993019e+01,0.00000000e+00
2.858334,3.93125732e+02,5.87298889e+02,9.80424622e+02,-2.80401764e+01,0.00000000e+00
2.862500,3.94272705e+02,5.86151062e+02,9.80423767e+02,-2.80810509e+01,0.00000000e+00
2.866667,3.95421356e+02,5.85001587e+02,9.80422974e+02,-2.81219254e+01,0.00000000e+00
2.870833,3.96571655e+02,5.83850464e+02,9.80422119e+02,-2.81627998e+01,0.00000000e+00
2.875000,3.97723633e+02,5.82697632e+02,9.80421265e+02,-2.82036743e+01,0.00000000e+00
2.879167,3.98877258e+02,5.81543091e+02,9.80420349e+02,-2.82445488e+01,0.00000000e+00
2.883333,4.00032593e+02,5.80386963e+02,9.80419556e+02,-2.82854233e+01,0.00000000e+00
2.887500,4.01189575e+02,5.79229126e+02,9.80418701e+02,-2.83262978e+01,0.00000000e+00
2.891667,4.02348236e+02,5.78069580e+02,9.80417847e+02,-2.83671722e+01,0.00000000e+00
2.895833,4.03508545e+02,5.76908386e+02,9.80416931e+02,-2.84080467e+01,0.00000000e+00
2.900000,4.04670563e+02,5.75745544e+02,9.80416138e+02,-2.84489212e+01,0.00000000e+00
2.904167,4.05834229e+02,5.74581055e+02,9.80415283e+02,-2.84897957e+01,0.00000000e+00
2.908334,4.06999573e+02,5.73414856e+02,9.80414429e+02,-2.85306702e+01,0.00000000e+00
2.912500,4.08166595e+02,5.72247009e+02,9.80413574e+02,-2.85715446e+01,0.00000000e+00
2.916667,4.09335266e+02,5.71077454e+02,9.80412720e+02,-2.86124191e+01,0.00000000e+00
2.920834,4.10505615e+02,5.69906250e+02,9.80411865e+02,-2.86532936e+01,0.00000000e+00
2.925000,4.11677643e+02,5.68733398e+02,9.80411011e+02,-2.86941681e+01,0.00000000e+00
2.929167,4.12851349e+02,5.67558838e+02,9.80410156e+02,-2.87350426e+01,0.00000000e+00
2.933333,4.14026703e+02,5.66382629e+02,9.80409302e+02,-2.87759171e+01,0.00000000e+00
2.937500,4.15203735e+02,5.65204712e+02,9.80408447e+02,-2.88167915e+01,0.00000000e+00
2.941667,4.16382446e+02,5.64025208e+02,9.80407654e+02,-2.88576660e+01,0.00000000e+00
2.945833,4.17562836e+02,5.62843933e+02,9.80406738e+02,-2.88985405e+01,0.00000000e+00
2.950000,4.18744873e+02,5.61661011e+02,9.80405884e+02,-2.89394150e+01,0.00000000e+00
2.954167,4.19928589e+02,5.60476440e+02,9.80405029e+02,-2.89802895e+01,0.00000000e+00
2.958333,4.21113983e+02,5.59290222e+02,9.80404175e+02,-2.90211639e+01,0.00000000e+00
2.962500,4.22301025e+02,5.58102356e+02,9.80403381e+02,-2.90620384e+01,0.00000000e+00
2.966667,4.23489777e+02,5.56912781e+02,9.80402588e+02,-2.91029129e+01,0.00000000e+00
2.970834,4.24680176e+02,5.55721497e+02,9.80401672e+02,-2.91437874e+01,0.00000000e+00
2.975000,4.25872253e+02,5.54528564e+02,9.80400818e+02,-2.91846619e+01,0.00000000e+00
2.979167,4.27065979e+02,5.53333984e+02,9.80399963e+02,-2.92255363e+01,0.00000000e+00
2.983334,4.28261414e+02,5.52137695e+02,9.80399109e+02,-2.92664108e+01,0.00000000e+00
2.987500,4.29458496e+02,5.50939819e+02,9.80398315e+02,-2.93072853e+01,0.00000000e+00
2.991667,4.30657227e+02,5.49740173e+02,9.80397400e+02,-2.93481598e+01,0.00000000e+00
2.995833,4.31857666e+02,5.48538879e+02,9.80396545e+02,-2.93890343e+01,0.00000000e+00
3.000000,4.33059753e+02,5.47335999e+02,9.80395752e+02,-2.94299088e+01,0.00000000e+00
3.004167,4.34263519e+02,5.46131348e+02,9.80394897e+02,-2.94707832e+01,0.00000000e+00
3.008333,4.35468964e+02,5.44925049e+02,9.80394043e+02,-2.95116577e+01,0.00000000e+00
3.012500,4.36676086e+02,5.43717102e+02,9.80393188e+02,-2.95525322e+01,0.00000000e+00
3.016667,4.37884857e+02,5.42507446e+02,9.80392334e+02,-2.95934067e+01,0.00000000e+00
3.020833,4.39095306e+02,5.41296143e+02,9.80391479e+02,-2.96342812e+01,0.00000000e+00
3.025000,4.40307434e+02,5.40083191e+02,9.80390625e+02,-2.96751556e+01,0.00000000e+00
3.029167,4.41521210e+02,5.38868530e+02,9.80389771e+02,-2.97160301e+01,0.00000000e+00
3.033334,4.42736694e+02,5.37652222e+02,9.80388916e+02,-2.97569046e+01,0.00000000e+00
3.037500,4.43953827e+02,5.36434265e+02,9.80388062e+02,-2.97977791e+01,0.00000000e+00
3.041667,4.45172638e+02,5.35214600e+02,9.80387207e+02,-2.98386536e+01,0.00000000e+00
3.045834,4.46393097e+02,5.33993286e+02,9.80386353e+02,-2.98795280e+01,0.00000000e+00
3.050000,4.47615234e+02,5.32770264e+02,9.80385498e+02,-2.99204025e+01,0.00000000e+00
3.054167,4.48839050e+02,5.31545593e+02,9.80384644e+02,-2.99612770e+01,0.00000000e+00
3.058333,4.50064545e+02,5.30319275e+02,9.80383789e+02,-3.00021515e+01,0.00000000e+00
3.062500,4.51291718e+02,5.29091248e+02,9.80382935e+02,-3.00430260e+01,0.00000000e+00
3.066667,4.52520538e+02,5.27861572e+02,9.80382080e+02,-3.00839005e+01,0.00000000e+00
3.070833,4.53751038e+02,5.26630249e+02,9.80381287e+02,-3.01247749e+01,0.00000000e+00
3.075000,4.54983215e+02,5.25397217e+02,9.80380432e+02,-3.01656494e+01,0.00000000e+00
3.079167,4.56217041e+02,5.24162537e+02,9.80379578e+02,-3.02065239e+01,0.00000000e+00
3.083333,4.57452545e+02,5.22926147e+02,9.80378662e+02,-3.02473984e+01,0.00000000e+00
3.087500,4.58689728e+02,5.21688110e+02,9.80377808e+02,-3.02882729e+01,0.00000000e+00
3.091667,4.59928589e+02,5.20448364e+02,9.80376953e+02,-3.03291473e+01,0.00000000e+00
3.095834,4.61169098e+02,5.19207031e+02,9.80376099e+02,-3.03700218e+01,0.00000000e+00
3.100000,4.62411316e+02,5.17963989e+02,9.80375305e+02,-3.04108963e+01,0.00000000e+00
3.104167,4.63655182e+02,5.16719299e+02,9.80374512e+02,-3.04517708e+01,0.00000000e+00
3.108334,4.64900696e+02,5.15472900e+02,9.80373596e+02,-3.04926453e+01,0.00000000e+00
3.112500,4.66147919e+02,5.14224854e+02,9.80372803e+02,-3.05335197e+01,0.00000000e+00
3.116667,4.67396790e+02,5.12975098e+02,9.80371887e+02,-3.05743942e+01,0.00000000e+00
3.120833,4.68647339e+02,5.11723724e+02,9.80371094e+02,-3.06152687e+01,0.00000000e+00
3.125000,4.69899567e+02,5.10470642e+02,9.80370239e+02,-3.06561432e+01,0.00000000e+00
3.129167,4.71153442e+02,5.09215912e+02,9.80369385e+02,-3.06970177e+01,0.00000000e+00
3.133333,4.72408997e+02,5.07959503e+02,9.80368530e+02,-3.07378922e+01,0.00000000e+00
3.137500,4.73666229e+02,5.06701385e+02,9.80367615e+02,-3.07787666e+01,0.00000000e+00
3.141667,4.74925140e+02,5.05441650e+02,9.80366821e+02,-3.08196411e+01,0.00000000e+00
3.145833,4.76185699e+02,5.04180237e+02,9.80365967e+02,-3.08605156e+01,0.00000000e+00
3.150000,4.77447968e+02,5.02917114e+02,9.80365112e+02,-3.09013901e+01,0.00000000e+00
3.154167,4.78711853e+02,5.01652344e+02,9.80364197e+02,-3.09422646e+01,0.00000000e+00
3.158334,4.79977448e+02,5.00385925e+02,9.80363403e+02,-3.09831390e+01,0.00000000e+00
3.162500,4.81244720e+02,4.99117828e+02,9.80362549e+02,-3.10240135e+01,0.00000000e+00
3.166667,4.82513641e+02,4.97848053e+02,9.80361694e+02,-3.10648880e+01,0.00000000e+00
3.170834,4.83784241e+02,4.96576599e+02,9.80360840e+02,-3.11057625e+01,0.00000000e+00
3.175000,4.85056488e+02,4.95303497e+02,9.80359985e+02,-3.11466370e+01,0.00000000e+00
3.179167,4.86330444e+02,4.94028717e+02,9.80359131e+02,-3.11875114e+01,0.00000000e+00
3.183333,4.87606049e+02,4.92752228e+02,9.80358276e+02,-3.12283859e+01,0.00000000e+00
3.187500,4.88883331e+02,4.91474121e+02,9.80357422e+02,-3.12692604e+01,0.00000000e+00
3.191667,4.90162262e+02,4.90194305e+02,9.80356567e+02,-3.13101349e+01,0.00000000e+00
3.195833,4.91442902e+02,4.88912842e+02,9.80355713e+02,-3.13510094e+01,0.00000000e+00
3.200000,4.92725189e+02,4.87629700e+02,9.80354858e+02,-3.13918839e+01,0.00000000e+00
3.204167,4.94009155e+02,4.86344879e+02,9.80354004e+02,-3.14327583e+01,0.00000000e+00
3.208333,4.95294769e+02,4.85058380e+02,9.80353149e+02,-3.14736328e+01,0.00000000e+00
3.212500,4.96582092e+02,4.83770233e+02,9.80352295e+02,-3.15145073e+01,0.00000000e+00
3.216667,4.97871063e+02,4.82480408e+02,9.80351440e+02,-3.15553818e+01,0.00000000e+00
3.220834,4.99161713e+02,4.81188904e+02,9.80350586e+02,-3.15962563e+01,0.00000000e+00
3.225000,5.00454010e+02,4.79895721e+02,9.80349731e+02,-3.16371307e+01,0.00000000e+00
3.229167,5.01748016e+02,4.78600891e+02,9.80348877e+02,-3.16780052e+01,0.00000000e+00
3.233334,5.03043671e+02,4.77304413e+02,9.80348083e+02,-3.17188797e+01,0.00000000e+00
3.237500,5.04341003e+02,4.76006226e+02,9.80347229e+02,-3.17597542e+01,0.00000000e+00
3.241667,5.05639984e+02,4.74706360e+02,9.80346313e+02,-3.18006287e+01,0.00000000e+00
3.245833,5.06940674e+02,4.73404846e+02,9.80345520e+02,-3.18415031e+01,0.00000000e+00
3.250000,5.08243011e+02,4.72101654e+02,9.80344666e+02,-3.18823776e+01,0.00000000e+00
3.254167,5.09547028e+02,4.70796783e+02,9.80343811e+02,-3.19232521e+01,0.00000000e+00
3.258333,5.10852692e+02,4.69490265e+02,9.80342957e+02,-3.19641266e+01,0.00000000e+00
3.262500,5.12160034e+02,4.68182068e+02,9.80342102e+02,-3.20050011e+01,0.00000000e+00
3.266667,5.13469055e+02,4.66872192e+02,9.80341248e+02,-3.20458755e+01,0.00000000e+00
3.270833,5.14779785e+02,4.65560638e+02,9.80340454e+02,-3.20867500e+01,0.00000000e+00
3.275000,5.16092102e+02,4.64247437e+02,9.80339539e+02,-3.21276245e+01,0.00000000e+00
3.279167,5.17406189e+02,4.62932526e+02,9.80338745e+02,-3.21684990e+01,0.00000000e+00
3.283334,5.18721863e+02,4.61615967e+02,9.80337830e+02,-3.22093735e+01,0.00000000e+00
3.287500,5.20039246e+02,4.60297729e+02,9.80336975e+02,-3.22502480e+01,0.00000000e+00
3.291667,5.21358276e+02,4.58977814e+02,9.80336060e+02,-3.22911224e+01,0.00000000e+00
3.295834,5.22679016e+02,4.57656250e+02,9.80335266e+02,-3.23319969e+01,0.00000000e+00
3.300000,5.24001404e+02,4.56333008e+02,9.80334412e+02,-3.23728714e+01,0.00000000e+00
3.304167,5.25325439e+02,4.55008118e+02,9.80333557e+02,-3.24137459e+01,0.00000000e+00
3.308333,5.26651184e+02,4.53681549e+02,9.80332764e+02,-3.24546204e+01,0.00000000e+00
3.312500,5.27978577e+02,4.52353271e+02,9.80331848e+02,-3.24954948e+01,0.00000000e+00
3.316667,5.29307678e+02,4.51023376e+02,9.80331055e+02,-3.25363693e+01,0.00000000e+00
3.320833,5.30638428e+02,4.49691772e+02,9.80330200e+02,-3.25772438e+01,0.00000000e+00
3.325000,5.31970825e+02,4.48358490e+02,9.80329346e+02,-3.26181183e+01,0.00000000e+00
3.329167,5.33304932e+02,4.47023560e+02,9.80328491e+02,-3.26589928e+01,0.00000000e+00
3.333333,5.34640686e+02,4.45686951e+02,9.80327637e+02,-3.26998672e+01,0.00000000e+00
3.337500,5.35978088e+02,4.44348663e+02,9.80326782e+02,-3.27407417e+01,0.00000000e+00
3.341667,5.37317200e+02,4.43008728e+02,9.80325928e+02,-3.27816162e+01,0.00000000e+00
3.345834,5.38657959e+02,4.41667114e+02,9.80325073e+02,-3.28224907e+01,0.00000000e+00
3.350000,5.40000366e+02,4.40323792e+02,9.80324158e+02,-3.28633652e+01,0.00000000e+00
3.354167,5.41344482e+02,4.38978851e+02,9.80323364e+02,-3.29042397e+01,0.00000000e+00
3.358334,5.42690247e+02,4.37632202e+02,9.80322449e+02,-3.29451141e+01,0.00000000e+00
3.362500,5.44037720e+02,4.36283936e+02,9.80321655e+02,-3.29859886e+01,0.00000000e+00
3.366667,5.45386841e+02,4.34933960e+02,9.80320801e+02,-3.30268631e+01,0.00000000e+00
3.370833,5.46737610e+02,4.33582306e+02,9.80319946e+02,-3.30677376e+01,0.00000000e+00
3.375000,5.48090088e+02,4.32229004e+02,9.80319092e+02,-3.31086121e+01,0.00000000e+00
3.379167,5.49444214e+02,4.30874023e+02,9.80318237e+02,-3.31494865e+01,0.00000000e+00
3.383333,5.50800049e+02,4.29517365e+02,9.80317383e+02,-3.31903610e+01,0.00000000e+00
3.387500,5.52157532e+02,4.28159058e+02,9.80316589e+02,-3.32312355e+01,0.00000000e+00
3.391667,5.53516663e+02,4.26799042e+02,9.80315674e+02,-3.32721100e+01,0.00000000e+00
3.395833,5.54877441e+02,4.25437378e+02,9.80314819e+02,-3.33129845e+01,0.00000000e+00
3.400000,5.56239929e+02,4.24074036e+02,9.80313965e+02,-3.33538589e+01,0.00000000e+00
3.404167,5.57604126e+02,4.22709015e+02,9.80313110e+02,-3.33947334e+01,0.00000000e+00
3.408334,5.58969910e+02,4.21342346e+02,9.80312256e+02,-3.34356079e+01,0.00000000e+00
3.412500,5.60337463e+02,4.19973999e+02,9.80311462e+02,-3.34764824e+01,0.00000000e+00
3.416667,5.61706604e+02,4.18603973e+02,9.80310547e+02,-3.35173569e+01,0.00000000e+00
3.420834,5.63077454e+02,4.17232239e+02,9.80309692e+02,-3.35582314e+01,0.00000000e+00
3.425000,5.64449951e+02,4.15858887e+02,9.80308838e+02,-3.35991058e+01,0.00000000e+00
3.429167,5.65824158e+02,4.14483856e+02,9.80307983e+02,-3.36399803e+01,0.00000000e+00
3.433333,5.67200012e+02,4.13107178e+02,9.80307190e+02,-3.36808548e+01,0.00000000e+00
3.437500,5.68577515e+02,4.11728790e+02,9.80306274e+02,-3.37217293e+01,0.00000000e+00
3.441667,5.69956726e+02,4.10348755e+02,9.80305481e+02,-3.37626038e+01,0.00000000e+00
3.445833,5.71337585e+02,4.08967041e+02,9.80304626e+02,-3.38034782e+01,0.00000000e+00
3.450000,5.72720093e+02,4.07583649e+02,9.80303711e+02,-3.38443527e+01,0.00000000e+00
3.454167,5.74104309e+02,4.06198578e+02,9.80302856e+02,-3.38852272e+01,0.00000000e+00
3.458333,5.75490173e+02,4.04811859e+02,9.80302002e+02,-3.39261017e+01,0.00000000e+00
3.462500,5.76877747e+02,4.03423462e+02,9.80301208e+02,-3.39669762e+01,0.00000000e+00
3.466667,5.78266968e+02,4.02033386e+02,9.80300354e+02,-3.40078506e+01,0.00000000e+00
3.470834,5.79657837e+02,4.00641663e+02,9.80299500e+02,-3.40487251e+01,0.00000000e+00
3.475000,5.81050415e+02,3.99248230e+02,9.80298645e+02,-3.40895996e+01,0.00000000e+00
3.479167,5.82444641e+02,3.97853149e+02,9.80297791e+02,-3.41304741e+01,0.00000000e+00
3.483334,5.83840515e+02,3.96456390e+02,9.80296875e+02,-3.41713486e+01,0.00000000e+00
3.487500,5.85238098e+02,3.95057953e+02,9.80296021e+02,-3.42122231e+01,0.00000000e+00
3.491667,5.86637329e+02,3.93657837e+02,9.80295166e+02,-3.42530975e+01,0.00000000e+00
3.495833,5.88038269e+02,3.92256104e+02,9.80294373e+02,-3.42939720e+01,0.00000000e+00
3.500000,5.89440857e+02,3.90852661e+02,9.80293518e+02,-3.43348465e+01,0.00000000e+00
3.504167,5.90845093e+02,3.89447571e+02,9.80292664e+02,-3.43757210e+01,0.00000000e+00
3.508333,5.92251038e+02,3.88040771e+02,9.80291809e+02,-3.44165955e+01,0.00000000e+00
3.512500,5.93658630e+02,3.86632324e+02,9.80290955e+02,-3.44574699e+01,0.00000000e+00
3.516667,5.95067871e+02,3.85222229e+02,9.80290100e+02,-3.44983444e+01,0.00000000e+00
3.520833,5.96478821e+02,3.83810425e+02,9.80289246e+02,-3.45392189e+01,0.00000000e+00
3.525000,5.97891418e+02,3.82396942e+02,9.80288330e+02,-3.45800934e+01,0.00000000e+00
3.529167,5.99305725e+02,3.80981842e+02,9.80287598e+02,-3.46209679e+01,0.00000000e+00
3.533334,6.00721680e+02,3.79565033e+02,9.80286743e+02,-3.46618423e+01,0.00000000e+00
3.537500,6.02139282e+02,3.78146545e+02,9.80285828e+02,-3.47027168e+01,0.00000000e+00
3.541667,6.03558594e+02,3.76726410e+02,9.80285034e+02,-3.47435913e+01,0.00000000e+00
3.545834,6.04979553e+02,3.75304596e+02,9.80284180e+02,-3.47844658e+01,0.00000000e+00
3.550000,6.06402161e+02,3.73881104e+02,9.80283264e+02,-3.48253403e+01,0.00000000e+00
3.554167,6.07826477e+02,3.72455933e+02,9.80282410e+02,-3.48662148e+01,0.00000000e+00
3.558334,6.09252441e+02,3.71029114e+02,9.80281555e+02,-3.49070892e+01,0.00000000e+00
3.562500,6.10680054e+02,3.69600616e+02,9.80280640e+02,-3.49479637e+01,0.00000000e+00
3.566667,6.12109375e+02,3.68170471e+02,9.80279846e+02,-3.49888382e+01,0.00000000e+00
3.570833,6.13540405e+02,3.66738617e+02,9.80279053e+02,-3.50297127e+01,0.00000000e+00
3.575000,6.14973022e+02,3.65305115e+02,9.80278137e+02,-3.50705872e+01,0.00000000e+00
3.579167,6.16407349e+02,3.63869934e+02,9.80277283e+02,-3.51114616e+01,0.00000000e+00
3.583333,6.17843384e+02,3.62433075e+02,9.80276489e+02,-3.51523361e+01,0.00000000e+00
3.587500,6.19281006e+02,3.60994568e+02,9.80275574e+02,-3.51932106e+01,0.00000000e+00
3.591667,6.20720398e+02,3.59554382e+02,9.80274780e+02,-3.52340851e+01,0.00000000e+00
3.595834,6.22161377e+02,3.58112518e+02,9.80273926e+02,-3.52749596e+01,0.00000000e+00
3.600000,6.23604065e+02,3.56668976e+02,9.80273071e+02,-3.53158340e+01,0.00000000e+00
3.604167,6.25048401e+02,3.55223785e+02,9.80272217e+02,-3.53567085e+01,0.00000000e+00
3.608334,6.26494446e+02,3.53776886e+02,9.80271362e+02,-3.53975830e+01,0.00000000e+00
3.612500,6.27942139e+02,3.52328339e+02,9.80270508e+02,-3.54384575e+01,0.00000000e+00
3.616667,6.29391479e+02,3.50878113e+02,9.80269592e+02,-3.54793320e+01,0.00000000e+00
3.620834,6.30842529e+02,3.49426208e+02,9.80268738e+02,-3.55202065e+01,0.00000000e+00
3.625000,6.32295227e+02,3.47972656e+02,9.80267883e+02,-3.55610809e+01,0.00000000e+00
3.629167,6.33749634e+02,3.46517426e+02,9.80267090e+02,-3.56019554e+01,0.00000000e+00
3.633333,6.35205688e+02,3.45060547e+02,9.80266235e+02,-3.56428299e+01,0.00000000e+00
3.637500,6.36663391e+02,3.43601990e+02,9.80265381e+02,-3.56837044e+01,0.00000000e+00
3.641667,6.38122742e+02,3.42141724e+02,9.80264465e+02,-3.57245789e+01,0.00000000e+00
3.645833,6.39583801e+02,3.40679840e+02,9.80263672e+02,-3.57654533e+01,0.00000000e+00
3.650000,6.41046570e+02,3.39216248e+02,9.80262817e+02,-3.58063278e+01,0.00000000e+00
3.654167,6.42510986e+02,3.37750977e+02,9.80261963e+02,-3.58472023e+01,0.00000000e+00
3.658334,6.43977051e+02,3.36284058e+02,9.80261108e+02,-3.58880768e+01,0.00000000e+00
3.662500,6.45444763e+02,3.34815460e+02,9.80260254e+02,-3.59289513e+01,0.00000000e+00
3.666667,6.46914185e+02,3.33345184e+02,9.80259399e+02,-3.59698257e+01,0.00000000e+00
3.670834,6.48385254e+02,3.31873260e+02,9.80258545e+02,-3.60107002e+01,0.00000000e+00
3.675000,6.49858032e+02,3.30399658e+02,9.80257690e+02,-3.60515747e+01,0.00000000e+00
3.679167,6.51332458e+02,3.28924377e+02,9.80256836e+02,-3.60924492e+01,0.00000000e+00
3.683334,6.52808533e+02,3.27447418e+02,9.80255981e+02,-3.61333237e+01,0.00000000e+00
3.687500,6.54286316e+02,3.25968811e+02,9.80255127e+02,-3.61741982e+01,0.00000000e+00
3.691667,6.55765747e+02,3.24488495e+02,9.80254272e+02,-3.62150726e+01,0.00000000e+00
3.695833,6.57246826e+02,3.23006531e+02,9.80253357e+02,-3.62559471e+01,0.00000000e+00
3.700000,6.58729614e+02,3.21522888e+02,9.80252502e+02,-3.62968216e+01,0.00000000e+00
3.704167,6.60214050e+02,3.20037598e+02,9.80251648e+02,-3.63376961e+01,0.00000000e+00
3.708333,6.61700195e+02,3.18550629e+02,9.80250854e+02,-3.63785706e+01,0.00000000e+00
3.712500,6.63187988e+02,3.17061981e+02,9.80250000e+02,-3.64194450e+01,0.00000000e+00
3.716667,6.64677429e+02,3.15571686e+02,9.80249146e+02,-3.64603195e+01,0.00000000e+00
3.720834,6.66168579e+02,3.14079681e+02,9.80248291e+02,-3.65011940e+01,0.00000000e+00
3.725000,6.67661377e+02,3.12586029e+02,9.80247437e+02,-3.65420685e+01,0.00000000e+00
3.729167,6.69155884e+02,3.11090698e+02,9.80246582e+02,-3.65829430e+01,0.00000000e+00
3.733334,6.70651978e+02,3.09593719e+02,9.80245728e+02,-3.66238174e+01,0.00000000e+00
3.737500,6.72149841e+02,3.08095032e+02,9.80244873e+02,-3.66646919e+01,0.00000000e+00
3.741667,6.73649292e+02,3.06594696e+02,9.80244019e+02,-3.67055664e+01,0.00000000e+00
3.745834,6.75150452e+02,3.05092682e+02,9.80243164e+02,-3.67464409e+01,0.00000000e+00
3.750000,6.76653259e+02,3.03588989e+02,9.80242249e+02,-3.67873154e+01,0.00000000e+00
3.754167,6.78157776e+02,3.02083649e+02,9.80241455e+02,-3.68281898e+01,0.00000000e+00
3.758333,6.79663940e+02,3.00576630e+02,9.80240601e+02,-3.68690643e+01,0.00000000e+00
3.762500,6.81171814e+02,2.99067932e+02,9.80239746e+02,-3.69099388e+01,0.00000000e+00
3.766667,6.82681274e+02,2.97557587e+02,9.80238892e+02,-3.69508133e+01,0.00000000e+00
3.770833,6.84192505e+02,2.96045532e+02,9.80238037e+02,-3.69916878e+01,0.00000000e+00
3.775000,6.85705322e+02,2.94531830e+02,9.80237183e+02,-3.70325623e+01,0.00000000e+00
3.779167,6.87219849e+02,2.93016449e+02,9.80236328e+02,-3.70734367e+01,0.00000000e+00
3.783334,6.88736023e+02,2.91499420e+02,9.80235474e+02,-3.71143112e+01,0.00000000e+00
3.787500,6.90253906e+02,2.89980682e+02,9.80234619e+02,-3.71551857e+01,0.00000000e+00
3.791667,6.91773438e+02,2.88460297e+02,9.80233765e+02,-3.71960602e+01,0.00000000e+00
3.795834,6.93294678e+02,2.86938232e+02,9.80232910e+02,-3.72369347e+01,0.00000000e+00
3.800000,6.94817505e+02,2.85414520e+02,9.80232056e+02,-3.72778091e+01,0.00000000e+00
3.804167,6.96342102e+02,2.83889099e+02,9.80231201e+02,-3.73186836e+01,0.00000000e+00
3.808334,6.97868286e+02,2.82362030e+02,9.80230347e+02,-3.73595581e+01,0.00000000e+00
3.812500,6.99396179e+02,2.80833313e+02,9.80229492e+02,-3.74004326e+01,0.00000000e+00
3.816667,7.00925720e+02,2.79302887e+02,9.80228638e+02,-3.74413071e+01,0.00000000e+00
3.820833,7.02456970e+02,2.77770813e+02,9.80227783e+02,-3.74821815e+01,0.00000000e+00
3.825000,7.03989868e+02,2.76237061e+02,9.80226929e+02,-3.75230560e+01,0.00000000e+00
3.829167,7.05524414e+02,2.74701630e+02,9.80226074e+02,-3.75639305e+01,0.00000000e+00
3.833333,7.07060669e+02,2.73164520e+02,9.80225220e+02,-3.76048050e+01,0.00000000e+00
3.837500,7.08598572e+02,2.71625763e+02,9.80224365e+02,-3.76456795e+01,0.00000000e+00
3.841667,7.10138184e+02,2.70085327e+02,9.80223511e+02,-3.76865540e+01,0.00000000e+00
3.845834,7.11679443e+02,2.68543213e+02,9.80222656e+02,-3.77274284e+01,0.00000000e+00
3.850000,7.13222351e+02,2.66999420e+02,9.80221802e+02,-3.77683029e+01,0.00000000e+00
3.854167,7.14766968e+02,2.65453979e+02,9.80220947e+02,-3.78091774e+01,0.00000000e+00
3.858334,7.16313232e+02,2.63906860e+02,9.80220093e+02,-3.78500519e+01,0.00000000e+00
3.862500,7.17861145e+02,2.62358063e+02,9.80219238e+02,-3.78909264e+01,0.00000000e+00
3.866667,7.19410767e+02,2.60807617e+02,9.80218384e+02,-3.79318008e+01,0.00000000e+00
3.870834,7.20962036e+02,2.59255463e+02,9.80217529e+02,-3.79726753e+01,0.00000000e+00
3.875000,7.22515015e+02,2.57701660e+02,9.80216675e+02,-3.80135498e+01,0.00000000e+00
3.879167,7.24069580e+02,2.56146179e+02,9.80215759e+02,-3.80544243e+01,0.00000000e+00
3.883333,7.25625916e+02,2.54589050e+02,9.80214966e+02,-3.80952988e+01,0.00000000e+00
3.887500,7.27183838e+02,2.53030228e+02,9.80214050e+02,-3.81361732e+01,0.00000000e+00
3.891667,7.28743469e+02,2.51469742e+02,9.80213196e+02,-3.81770477e+01,0.00000000e+00
3.895833,7.30304810e+02,2.49907593e+02,9.80212402e+02,-3.82179222e+01,0.00000000e+00
3.900000,7.31867737e+02,2.48343765e+02,9.80211487e+02,-3.82587967e+01,0.00000000e+00
3.904167,7.33432434e+02,2.46778259e+02,9.80210693e+02,-3.82996712e+01,0.00000000e+00
3.908334,7.34998718e+02,2.45211090e+02,9.80209839e+02,-3.83405457e+01,0.00000000e+00
3.912500,7.36566711e+02,2.43642258e+02,9.80208984e+02,-3.83814201e+01,0.00000000e+00
3.916667,7.38136353e+02,2.42071747e+02,9.80208130e+02,-3.84222946e+01,0.00000000e+00
3.920834,7.39707703e+02,2.40499557e+02,9.80207275e+02,-3.84631691e+01,0.00000000e+00
3.925000,7.41280701e+02,2.38925720e+02,9.80206421e+02,-3.85040436e+01,0.00000000e+00
3.929167,7.42855347e+02,2.37350189e+02,9.80205566e+02,-3.85449181e+01,0.00000000e+00
3.933334,7.44431702e+02,2.35772995e+02,9.80204712e+02,-3.85857925e+01,0.00000000e+00
3.937500,7.46009705e+02,2.34194138e+02,9.80203857e+02,-3.86266670e+01,0.00000000e+00
3.941667,7.47589355e+02,2.32613586e+02,9.80202942e+02,-3.86675415e+01,0.00000000e+00
3.945833,7.49170715e+02,2.31031372e+02,9.80202087e+02,-3.87084160e+01,0.00000000e+00
3.950000,7.50753784e+02,2.29447510e+02,9.80201294e+02,-3.87492905e+01,0.00000000e+00
3.954167,7.52338440e+02,2.27861969e+02,9.80200439e+02,-3.87901649e+01,0.00000000e+00
3.958333,7.53924805e+02,2.26274734e+02,9.80199524e+02,-3.88310394e+01,0.00000000e+00
3.962500,7.55512817e+02,2.24685852e+02,9.80198669e+02,-3.88719139e+01,0.00000000e+00
3.966667,7.57102539e+02,2.23095291e+02,9.80197815e+02,-3.89127884e+01,0.00000000e+00
3.970834,7.58693909e+02,2.21503052e+02,9.80196960e+02,-3.89536629e+01,0.00000000e+00
3.975000,7.60286987e+02,2.19909149e+02,9.80196167e+02,-3.89945374e+01,0.00000000e+00
3.979167,7.61881714e+02,2.18313583e+02,9.80195312e+02,-3.90354118e+01,0.00000000e+00
3.983334,7.63478088e+02,2.16716339e+02,9.80194458e+02,-3.90762863e+01,0.00000000e+00
3.987500,7.65076111e+02,2.15117432e+02,9.80193542e+02,-3.91171608e+01,0.00000000e+00
3.991667,7.66675842e+02,2.13516846e+02,9.80192688e+02,-3.91580353e+01,0.00000000e+00
3.995834,7.68277283e+02,2.11914597e+02,9.80191895e+02,-3.91989098e+01,0.00000000e+00
4.000000,7.69880310e+02,2.10310654e+02,9.80190979e+02,-3.92397842e+01,0.00000000e+00
