t,KE,vx
0.004167,4.97918777e+01,9.97916603e+00
0.008333,4.95846252e+01,9.95837593e+00
0.012500,4.93782310e+01,9.93762875e+00
0.016667,4.91727066e+01,9.91692543e+00
0.020833,4.89680290e+01,9.89626503e+00
0.025000,4.87642059e+01,9.87564754e+00
0.029167,4.85612335e+01,9.85507298e+00
0.033333,4.83591003e+01,9.83454132e+00
0.037500,4.81578140e+01,9.81405258e+00
0.041667,4.79573669e+01,9.79360676e+00
0.045833,4.77577477e+01,9.77320290e+00
0.050000,4.75589638e+01,9.75284195e+00
0.054167,4.73610001e+01,9.73252296e+00
0.058333,4.71638718e+01,9.71224689e+00
0.062500,4.69675560e+01,9.69201279e+00
0.066667,4.67720566e+01,9.67182064e+00
0.070833,4.65773697e+01,9.65167046e+00
0.075000,4.63834953e+01,9.63156223e+00
0.079167,4.61904259e+01,9.61149597e+00
0.083333,4.59981651e+01,9.59147167e+00
0.087500,4.58067055e+01,9.57148933e+00
0.091667,4.56160355e+01,9.55154800e+00
0.095833,4.54261627e+01,9.53164864e+00
0.100000,4.52370872e+01,9.51179123e+00
0.104167,4.50487938e+01,9.49197483e+00
0.108333,4.48612823e+01,9.47219944e+00
0.112500,4.46745491e+01,9.45246506e+00
0.116667,4.44885902e+01,9.43277168e+00
0.120833,4.43034172e+01,9.41312027e+00
0.125000,4.41190033e+01,9.39350891e+00
0.129167,4.39353638e+01,9.37393856e+00
0.133333,4.37524872e+01,9.35440922e+00
0.137500,4.35703735e+01,9.33492088e+00
0.141667,4.33890152e+01,9.31547260e+00
0.145833,4.32084160e+01,9.29606533e+00
0.150000,4.30285645e+01,9.27669811e+00
0.154167,4.28494568e+01,9.25737095e+00
0.158333,4.26711044e+01,9.23808479e+00
0.162500,4.24934921e+01,9.21883869e+00
0.166667,4.23166199e+01,9.19963264e+00
0.170833,4.21404839e+01,9.18046665e+00
0.175000,4.19650803e+01,9.16134071e+00
0.179167,4.17904015e+01,9.14225388e+00
0.183333,4.16164551e+01,9.12320709e+00
0.187500,4.14432335e+01,9.10420036e+00
0.191667,4.12707253e+01,9.08523273e+00
0.195833,4.10989456e+01,9.06630516e+00
0.200000,4.09278755e+01,9.04741669e+00
0.204167,4.07575150e+01,9.02856731e+00
0.208333,4.05878677e+01,9.00975800e+00
0.212500,4.04189301e+01,8.99098778e+00
0.216667,4.02506943e+01,8.97225666e+00
0.220833,4.00831604e+01,8.95356464e+00
0.225000,3.99163170e+01,8.93491077e+00
0.229167,3.97501678e+01,8.91629601e+00
0.233333,3.95847130e+01,8.89772034e+00
0.237500,3.94199448e+01,8.87918282e+00
0.241667,3.92558632e+01,8.86068439e+00
0.245833,3.90924644e+01,8.84222412e+00
0.250000,3.89297485e+01,8.82380295e+00
0.254167,3.87677116e+01,8.80541992e+00
0.258333,3.86063423e+01,8.78707504e+00
0.262500,3.84456482e+01,8.76876831e+00
0.266667,3.82856216e+01,8.75049973e+00
0.270833,3.81262627e+01,8.73226929e+00
0.275000,3.79675674e+01,8.71407700e+00
0.279167,3.78095360e+01,8.69592285e+00
0.283333,3.76521568e+01,8.67780590e+00
0.287500,3.74954376e+01,8.65972710e+00
0.291667,3.73393631e+01,8.64168549e+00
0.295833,3.71839447e+01,8.62368202e+00
0.300000,3.70291710e+01,8.60571575e+00
0.304167,3.68750381e+01,8.58778667e+00
0.308333,3.67215500e+01,8.56989479e+00
0.312500,3.65687027e+01,8.55204105e+00
0.316667,3.64164925e+01,8.53422451e+00
0.320833,3.62649117e+01,8.51644421e+00
0.325000,3.61139603e+01,8.49870110e+00
0.329167,3.59636383e+01,8.48099518e+00
0.333333,3.58139458e+01,8.46332645e+00
0.337500,3.56648750e+01,8.44569397e+00
0.341667,3.55164223e+01,8.42809868e+00
0.345833,3.53685875e+01,8.41053963e+00
0.350000,3.52213745e+01,8.39301777e+00
0.354167,3.50747681e+01,8.37553215e+00
0.358333,3.49287720e+01,8.35808277e+00
0.362500,3.47833862e+01,8.34066963e+00
0.366667,3.46385994e+01,8.32329273e+00
0.370833,3.44944191e+01,8.30595207e+00
0.375000,3.43508415e+01,8.28864765e+00
0.379167,3.42078590e+01,8.27137947e+00
0.383333,3.40654755e+01,8.25414753e+00
0.387500,3.39236794e+01,8.23695087e+00
0.391667,3.37824783e+01,8.21979046e+00
0.395833,3.36418610e+01,8.20266533e+00
0.400000,3.35018311e+01,8.18557644e+00
0.404167,3.33623810e+01,8.16852283e+00
0.408333,3.32235146e+01,8.15150452e+00
0.412500,3.30852280e+01,8.13452244e+00
0.416667,3.29475174e+01,8.11757565e+00
0.420833,3.28103790e+01,8.10066414e+00
0.425000,3.26738129e+01,8.08378792e+00
0.429167,3.25378075e+01,8.06694603e+00
0.433333,3.24023743e+01,8.05013943e+00
0.437500,3.22675018e+01,8.03336811e+00
0.441667,3.21331940e+01,8.01663208e+00
0.445833,3.19994431e+01,7.99993038e+00
0.450000,3.18662472e+01,7.98326349e+00
0.454167,3.17336082e+01,7.96663141e+00
0.458333,3.16015205e+01,7.95003414e+00
0.462500,3.14699821e+01,7.93347120e+00
0.466667,3.13389931e+01,7.91694307e+00
0.470833,3.12085495e+01,7.90044928e+00
0.475000,3.10786476e+01,7.88398981e+00
0.479167,3.09492874e+01,7.86756468e+00
0.483333,3.08204651e+01,7.85117388e+00
0.487500,3.06921787e+01,7.83481693e+00
0.491667,3.05644264e+01,7.81849432e+00
0.495833,3.04372063e+01,7.80220556e+00
0.500000,3.03105145e+01,7.78595066e+00
0.504167,3.01843491e+01,7.76972961e+00
0.508333,3.00587101e+01,7.75354242e+00
0.512500,2.99335957e+01,7.73738909e+00
0.516667,2.98089981e+01,7.72126913e+00
0.520833,2.96849232e+01,7.70518303e+00
0.525000,2.95613632e+01,7.68913031e+00
0.529167,2.94383163e+01,7.67311096e+00
0.533333,2.93157825e+01,7.65712500e+00
0.537500,2.91937580e+01,7.64117241e+00
0.541667,2.90722427e+01,7.62525320e+00
0.545833,2.89512329e+01,7.60936689e+00
0.550000,2.88307266e+01,7.59351397e+00
0.554167,2.87107220e+01,7.57769394e+00
0.558333,2.85912170e+01,7.56190681e+00
0.562500,2.84722099e+01,7.54615259e+00
0.566667,2.83536968e+01,7.53043127e+00
0.570833,2.82356796e+01,7.51474285e+00
0.575000,2.81181526e+01,7.49908686e+00
0.579167,2.80011158e+01,7.48346376e+00
0.583333,2.78845634e+01,7.46787310e+00
0.587500,2.77684975e+01,7.45231485e+00
0.591667,2.76529160e+01,7.43678904e+00
0.595833,2.75378151e+01,7.42129564e+00
0.600000,2.74231892e+01,7.40583420e+00
0.604167,2.73090439e+01,7.39040518e+00
0.608333,2.71953716e+01,7.37500811e+00
0.612500,2.70821762e+01,7.35964346e+00
0.616667,2.69694500e+01,7.34431076e+00
0.620833,2.68571930e+01,7.32901001e+00
0.625000,2.67454052e+01,7.31374121e+00
0.629167,2.66340790e+01,7.29850388e+00
0.633333,2.65232182e+01,7.28329849e+00
0.637500,2.64128170e+01,7.26812458e+00
0.641667,2.63028793e+01,7.25298262e+00
0.645833,2.61933956e+01,7.23787212e+00
0.650000,2.60843697e+01,7.22279310e+00
0.654167,2.59757977e+01,7.20774555e+00
0.658333,2.58676758e+01,7.19272900e+00
0.662500,2.57600040e+01,7.17774391e+00
0.666667,2.56527824e+01,7.16279030e+00
0.670833,2.55460052e+01,7.14786768e+00
0.675000,2.54396744e+01,7.13297606e+00
0.679167,2.53337841e+01,7.11811543e+00
0.683333,2.52283344e+01,7.10328579e+00
0.687500,2.51233253e+01,7.08848715e+00
0.691667,2.50187531e+01,7.07371950e+00
0.695833,2.49146156e+01,7.05898237e+00
0.700000,2.48109112e+01,7.04427576e+00
0.704167,2.47076397e+01,7.02960014e+00
0.708333,2.46047974e+01,7.01495504e+00
0.712500,2.45023842e+01,7.00034046e+00
0.716667,2.44003963e+01,6.98575640e+00
0.720833,2.42988319e+01,6.97120237e+00
0.725000,2.41976910e+01,6.95667887e+00
0.729167,2.40969696e+01,6.94218540e+00
0.733333,2.39966698e+01,6.92772245e+00
0.737500,2.38967857e+01,6.91328955e+00
0.741667,2.37973194e+01,6.89888668e+00
0.745833,2.36982651e+01,6.88451385e+00
0.750000,2.35996246e+01,6.87017107e+00
0.754167,2.35013943e+01,6.85585785e+00
0.758333,2.34035721e+01,6.84157467e+00
0.762500,2.33061562e+01,6.82732105e+00
0.766667,2.32091484e+01,6.81309748e+00
0.770833,2.31125450e+01,6.79890347e+00
0.775000,2.30163422e+01,6.78473902e+00
0.779167,2.29205399e+01,6.77060413e+00
0.783333,2.28251343e+01,6.75649834e+00
0.787500,2.27301273e+01,6.74242210e+00
0.791667,2.26355171e+01,6.72837543e+00
0.795833,2.25412998e+01,6.71435785e+00
0.800000,2.24474754e+01,6.70036936e+00
0.804167,2.23540382e+01,6.68640995e+00
0.808333,2.22609921e+01,6.67247963e+00
0.812500,2.21683331e+01,6.65857840e+00
0.816667,2.20760612e+01,6.64470625e+00
0.820833,2.19841709e+01,6.63086271e+00
0.825000,2.18926640e+01,6.61704826e+00
0.829167,2.18015366e+01,6.60326242e+00
0.833333,2.17107925e+01,6.58950567e+00
0.837500,2.16204243e+01,6.57577753e+00
0.841667,2.15304337e+01,6.56207800e+00
0.845833,2.14408150e+01,6.54840660e+00
0.850000,2.13515682e+01,6.53476381e+00
0.854167,2.12626972e+01,6.52114964e+00
0.858333,2.11741924e+01,6.50756359e+00
0.862500,2.10860577e+01,6.49400616e+00
0.866667,2.09982910e+01,6.48047686e+00
0.870833,2.09108868e+01,6.46697569e+00
0.875000,2.08238487e+01,6.45350266e+00
0.879167,2.07371712e+01,6.44005775e+00
0.883333,2.06508579e+01,6.42664099e+00
0.887500,2.05648994e+01,6.41325188e+00
0.891667,2.04793015e+01,6.39989090e+00
0.895833,2.03940582e+01,6.38655758e+00
0.900000,2.03091698e+01,6.37325191e+00
0.904167,2.02246342e+01,6.35997391e+00
0.908333,2.01404495e+01,6.34672356e+00
0.912500,2.00566158e+01,6.33350086e+00
0.916667,1.99731331e+01,6.32030582e+00
0.920833,1.98899975e+01,6.30713844e+00
0.925000,1.98072071e+01,6.29399824e+00
0.929167,1.97247620e+01,6.28088570e+00
0.933333,1.96426601e+01,6.26780033e+00
0.937500,1.95608997e+01,6.25474215e+00
0.941667,1.94794788e+01,6.24171114e+00
0.945833,1.93983974e+01,6.22870731e+00
0.950000,1.93176537e+01,6.21573067e+00
0.954167,1.92372475e+01,6.20278120e+00
0.958333,1.91571732e+01,6.18985844e+00
0.962500,1.90774345e+01,6.17696285e+00
0.966667,1.89980278e+01,6.16409397e+00
0.970833,1.89189491e+01,6.15125179e+00
0.975000,1.88402004e+01,6.13843632e+00
0.979167,1.87617798e+01,6.12564754e+00
0.983333,1.86836853e+01,6.11288548e+00
0.987500,1.86059151e+01,6.10015011e+00
0.991667,1.85284710e+01,6.08744144e+00
0.995833,1.84513493e+01,6.07475901e+00
1.000000,1.83745480e+01,6.06210327e+00
1.004167,1.82980671e+01,6.04947376e+00
1.008333,1.82219028e+01,6.03687048e+00
1.012500,1.81460552e+01,6.02429342e+00
1.016667,1.80705242e+01,6.01174259e+00
1.020833,1.79953079e+01,5.99921799e+00
1.025000,1.79204063e+01,5.98671961e+00
1.029167,1.78458138e+01,5.97424698e+00
1.033333,1.77715340e+01,5.96180058e+00
1.037500,1.76975613e+01,5.94937992e+00
1.041667,1.76238956e+01,5.93698502e+00
1.045833,1.75505390e+01,5.92461634e+00
1.050000,1.74774876e+01,5.91227341e+00
1.054167,1.74047413e+01,5.89995623e+00
1.058333,1.73322964e+01,5.88766432e+00
1.062500,1.72601509e+01,5.87539816e+00
1.066667,1.71883087e+01,5.86315775e+00
1.070833,1.71167641e+01,5.85094261e+00
1.075000,1.70455189e+01,5.83875322e+00
1.079167,1.69745712e+01,5.82658911e+00
1.083333,1.69039154e+01,5.81445026e+00
1.087500,1.68335552e+01,5.80233669e+00
1.091667,1.67634888e+01,5.79024839e+00
1.095833,1.66937122e+01,5.77818537e+00
1.100000,1.66242256e+01,5.76614714e+00
1.104167,1.65550308e+01,5.75413418e+00
1.108333,1.64861202e+01,5.74214602e+00
1.112500,1.64174995e+01,5.73018312e+00
1.116667,1.63491631e+01,5.71824503e+00
1.120833,1.62811108e+01,5.70633173e+00
1.125000,1.62133427e+01,5.69444323e+00
1.129167,1.61458549e+01,5.68257952e+00
1.133333,1.60786495e+01,5.67074060e+00
1.137500,1.60117245e+01,5.65892649e+00
1.141667,1.59450760e+01,5.64713669e+00
1.145833,1.58787069e+01,5.63537169e+00
1.150000,1.58126125e+01,5.62363100e+00
1.154167,1.57467957e+01,5.61191511e+00
1.158333,1.56812515e+01,5.60022354e+00
1.162500,1.56159811e+01,5.58855629e+00
1.166667,1.55509815e+01,5.57691336e+00
1.170833,1.54862528e+01,5.56529474e+00
1.175000,1.54217939e+01,5.55370045e+00
1.179167,1.53576021e+01,5.54212999e+00
1.183333,1.52936792e+01,5.53058386e+00
1.187500,1.52300205e+01,5.51906157e+00
1.191667,1.51666279e+01,5.50756359e+00
1.195833,1.51034994e+01,5.49608946e+00
1.200000,1.50406332e+01,5.48463917e+00
1.204167,1.49780283e+01,5.47321272e+00
1.208333,1.49156847e+01,5.46181011e+00
1.212500,1.48536005e+01,5.45043135e+00
1.216667,1.47917738e+01,5.43907595e+00
1.220833,1.47302046e+01,5.42774439e+00
1.225000,1.46688929e+01,5.41643667e+00
1.229167,1.46078358e+01,5.40515232e+00
1.233333,1.45470314e+01,5.39389133e+00
1.237500,1.44864807e+01,5.38265371e+00
1.241667,1.44261837e+01,5.37143993e+00
1.245833,1.43661375e+01,5.36024952e+00
1.250000,1.43063393e+01,5.34908199e+00
1.254167,1.42467899e+01,5.33793783e+00
1.258333,1.41874895e+01,5.32681704e+00
1.262500,1.41284351e+01,5.31571913e+00
1.266667,1.40696268e+01,5.30464458e+00
1.270833,1.40110626e+01,5.29359293e+00
1.275000,1.39527445e+01,5.28256464e+00
1.279167,1.38946686e+01,5.27155924e+00
1.283333,1.38368340e+01,5.26057673e+00
1.287500,1.37792397e+01,5.24961710e+00
1.291667,1.37218857e+01,5.23868036e+00
1.295833,1.36647711e+01,5.22776651e+00
1.300000,1.36078930e+01,5.21687508e+00
1.304167,1.35512524e+01,5.20600653e+00
1.308333,1.34948454e+01,5.19516039e+00
1.312500,1.34386759e+01,5.18433714e+00
1.316667,1.33827391e+01,5.17353630e+00
1.320833,1.33270340e+01,5.16275787e+00
1.325000,1.32715616e+01,5.15200186e+00
1.329167,1.32163200e+01,5.14126825e+00
1.333333,1.31613083e+01,5.13055706e+00
1.337500,1.31065254e+01,5.11986828e+00
1.341667,1.30519724e+01,5.10920191e+00
1.345833,1.29976444e+01,5.09855747e+00
1.350000,1.29435434e+01,5.08793545e+00
1.354167,1.28896675e+01,5.07733536e+00
1.358333,1.28360147e+01,5.06675720e+00
1.362500,1.27825871e+01,5.05620146e+00
1.366667,1.27293806e+01,5.04566765e+00
1.370833,1.26763964e+01,5.03515577e+00
1.375000,1.26236334e+01,5.02466583e+00
1.379167,1.25710897e+01,5.01419783e+00
1.383333,1.25187635e+01,5.00375128e+00
1.387500,1.24666557e+01,4.99332666e+00
1.391667,1.24147654e+01,4.98292398e+00
1.395833,1.23630905e+01,4.97254276e+00
1.400000,1.23116302e+01,4.96218300e+00
1.404167,1.22603855e+01,4.95184517e+00
1.408333,1.22093534e+01,4.94152880e+00
1.412500,1.21585340e+01,4.93123388e+00
1.416667,1.21079254e+01,4.92096043e+00
1.420833,1.20575285e+01,4.91070843e+00
1.425000,1.20073414e+01,4.90047789e+00
1.429167,1.19573622e+01,4.89026833e+00
1.433333,1.19075918e+01,4.88008022e+00
1.437500,1.18580265e+01,4.86991310e+00
1.441667,1.18086700e+01,4.85976744e+00
1.445833,1.17595177e+01,4.84964275e+00
1.450000,1.17105694e+01,4.83953905e+00
1.454167,1.16618242e+01,4.82945633e+00
1.458333,1.16132841e+01,4.81939507e+00
1.462500,1.15649443e+01,4.80935431e+00
1.466667,1.15168056e+01,4.79933453e+00
1.470833,1.14688683e+01,4.78933573e+00
1.475000,1.14211311e+01,4.77935791e+00
1.479167,1.13735914e+01,4.76940060e+00
1.483333,1.13262501e+01,4.75946426e+00
1.487500,1.12791052e+01,4.74954844e+00
1.491667,1.12321577e+01,4.73965359e+00
1.495833,1.11854057e+01,4.72977924e+00
1.500000,1.11388483e+01,4.71992540e+00
1.504167,1.10924835e+01,4.71009207e+00
1.508333,1.10463123e+01,4.70027924e+00
1.512500,1.10003338e+01,4.69048691e+00
1.516667,1.09545469e+01,4.68071508e+00
1.520833,1.09089489e+01,4.67096329e+00
1.525000,1.08635416e+01,4.66123199e+00
1.529167,1.08183222e+01,4.65152073e+00
1.533333,1.07732925e+01,4.64182997e+00
1.537500,1.07284498e+01,4.63215923e+00
1.541667,1.06837950e+01,4.62250900e+00
1.545833,1.06393251e+01,4.61287880e+00
1.550000,1.05950413e+01,4.60326862e+00
1.554167,1.05509405e+01,4.59367847e+00
1.558333,1.05070248e+01,4.58410835e+00
1.562500,1.04632893e+01,4.57455778e+00
1.566667,1.04197369e+01,4.56502724e+00
1.570833,1.03763666e+01,4.55551672e+00
1.575000,1.03331747e+01,4.54602575e+00
1.579167,1.02901649e+01,4.53655481e+00
1.583333,1.02473326e+01,4.52710342e+00
1.587500,1.02046804e+01,4.51767206e+00
1.591667,1.01622057e+01,4.50826025e+00
1.595833,1.01199064e+01,4.49886799e+00
1.600000,1.00777836e+01,4.48949528e+00
1.604167,1.00358362e+01,4.48014212e+00
1.608333,9.99406433e+00,4.47080851e+00
1.612500,9.95246410e+00,4.46149397e+00
1.616667,9.91103745e+00,4.45219898e+00
1.620833,9.86978436e+00,4.44292355e+00
1.625000,9.82870197e+00,4.43366718e+00
1.629167,9.78779221e+00,4.42443037e+00
1.633333,9.74705124e+00,4.41521263e+00
1.637500,9.70647907e+00,4.40601397e+00
1.641667,9.66607857e+00,4.39683485e+00
1.645833,9.62584496e+00,4.38767481e+00
1.650000,9.58577919e+00,4.37853384e+00
1.654167,9.54588032e+00,4.36941195e+00
1.658333,9.50614548e+00,4.36030865e+00
1.662500,9.46657658e+00,4.35122442e+00
1.666667,9.42717361e+00,4.34215927e+00
1.670833,9.38793468e+00,4.33311319e+00
1.675000,9.34885883e+00,4.32408571e+00
1.679167,9.30994606e+00,4.31507730e+00
1.683333,9.27119446e+00,4.30608749e+00
1.687500,9.23260403e+00,4.29711628e+00
1.691667,9.19417381e+00,4.28816366e+00
1.695833,9.15590286e+00,4.27922964e+00
1.700000,9.11779404e+00,4.27031469e+00
1.704167,9.07984066e+00,4.26141787e+00
1.708333,9.04204655e+00,4.25253963e+00
1.712500,9.00440979e+00,4.24368000e+00
1.716667,8.96693039e+00,4.23483896e+00
1.720833,8.92960548e+00,4.22601604e+00
1.725000,8.89243698e+00,4.21721172e+00
1.729167,8.85542297e+00,4.20842552e+00
1.733333,8.81856346e+00,4.19965792e+00
1.737500,8.78185654e+00,4.19090843e+00
1.741667,8.74530220e+00,4.18217707e+00
1.745833,8.70890236e+00,4.17346430e+00
1.750000,8.67265320e+00,4.16476965e+00
1.754167,8.63655472e+00,4.15609312e+00
1.758333,8.60060692e+00,4.14743471e+00
1.762500,8.56480789e+00,4.13879395e+00
1.766667,8.52915764e+00,4.13017130e+00
1.770833,8.49365616e+00,4.12156677e+00
1.775000,8.45830154e+00,4.11297989e+00
1.779167,8.42309570e+00,4.10441113e+00
1.783333,8.38803482e+00,4.09586000e+00
1.787500,8.35312080e+00,4.08732700e+00
1.791667,8.31835175e+00,4.07881165e+00
1.795833,8.28372765e+00,4.07031393e+00
1.800000,8.24924755e+00,4.06183386e+00
1.804167,8.21490955e+00,4.05337143e+00
1.808333,8.18071556e+00,4.04492664e+00
1.812500,8.14666367e+00,4.03649950e+00
1.816667,8.11275482e+00,4.02809000e+00
1.820833,8.07898617e+00,4.01969814e+00
1.825000,8.04535770e+00,4.01132345e+00
1.829167,8.01187038e+00,4.00296640e+00
1.833333,7.97852135e+00,3.99462676e+00
1.837500,7.94531202e+00,3.98630452e+00
1.841667,7.91224098e+00,3.97799969e+00
1.845833,7.87930679e+00,3.96971202e+00
1.850000,7.84651041e+00,3.96144176e+00
1.854167,7.81385040e+00,3.95318866e+00
1.858333,7.78132582e+00,3.94495273e+00
1.862500,7.74893713e+00,3.93673396e+00
1.866667,7.71668339e+00,3.92853236e+00
1.870833,7.68456411e+00,3.92034793e+00
1.875000,7.65257788e+00,3.91218042e+00
1.879167,7.62072468e+00,3.90402985e+00
1.883333,7.58900452e+00,3.89589643e+00
1.887500,7.55741644e+00,3.88777995e+00
1.891667,7.52595997e+00,3.87968040e+00
1.895833,7.49463367e+00,3.87159753e+00
1.900000,7.46343803e+00,3.86353159e+00
1.904167,7.43237209e+00,3.85548234e+00
1.908333,7.40143585e+00,3.84745002e+00
1.912500,7.37062836e+00,3.83943439e+00
1.916667,7.33994865e+00,3.83143544e+00
1.920833,7.30939722e+00,3.82345319e+00
1.925000,7.27897310e+00,3.81548762e+00
1.929167,7.24867487e+00,3.80753851e+00
1.933333,7.21850300e+00,3.79960608e+00
1.937500,7.18845701e+00,3.79169011e+00
1.941667,7.15853548e+00,3.78379059e+00
1.945833,7.12873888e+00,3.77590752e+00
1.950000,7.09906626e+00,3.76804090e+00
1.954167,7.06951714e+00,3.76019073e+00
1.958333,7.04009151e+00,3.75235701e+00
1.962500,7.01078796e+00,3.74453950e+00
1.966667,6.98160601e+00,3.73673820e+00
1.970833,6.95254564e+00,3.72895312e+00
1.975000,6.92360592e+00,3.72118425e+00
1.979167,6.89478731e+00,3.71343160e+00
1.983333,6.86608839e+00,3.70569515e+00
1.987500,6.83750916e+00,3.69797492e+00
1.991667,6.80904865e+00,3.69027066e+00
1.995833,6.78070641e+00,3.68258238e+00
2.000000,6.75248289e+00,3.67491031e+00
2.004167,6.72437668e+00,3.66725421e+00
2.008333,6.69638777e+00,3.65961409e+00
2.012500,6.66851425e+00,3.65198970e+00
2.016667,6.64075756e+00,3.64438128e+00
2.020833,6.61311579e+00,3.63678861e+00
2.025000,6.58558941e+00,3.62921190e+00
2.029167,6.55817795e+00,3.62165093e+00
2.033334,6.53087997e+00,3.61410570e+00
2.037500,6.50369596e+00,3.60657620e+00
2.041667,6.47662544e+00,3.59906244e+00
2.045833,6.44966650e+00,3.59156418e+00
2.050000,6.42282057e+00,3.58408165e+00
2.054167,6.39608622e+00,3.57661462e+00
2.058333,6.36946344e+00,3.56916332e+00
2.062500,6.34295130e+00,3.56172752e+00
2.066667,6.31654978e+00,3.55430722e+00
2.070833,6.29025841e+00,3.54690242e+00
2.075000,6.26407576e+00,3.53951287e+00
2.079167,6.23800230e+00,3.53213882e+00
2.083333,6.21203709e+00,3.52478004e+00
2.087500,6.18618059e+00,3.51743674e+00
2.091667,6.16043139e+00,3.51010871e+00
2.095834,6.13478947e+00,3.50279593e+00
2.100000,6.10925436e+00,3.49549842e+00
2.104167,6.08382511e+00,3.48821592e+00
2.108333,6.05850172e+00,3.48094869e+00
2.112500,6.03328419e+00,3.47369671e+00
2.116667,6.00817156e+00,3.46645975e+00
2.120833,5.98316336e+00,3.45923781e+00
2.125000,5.95825863e+00,3.45203090e+00
2.129167,5.93345785e+00,3.44483900e+00
2.133333,5.90876055e+00,3.43766212e+00
2.137500,5.88416624e+00,3.43050027e+00
2.141667,5.85967350e+00,3.42335320e+00
2.145833,5.83528328e+00,3.41622114e+00
2.150000,5.81099463e+00,3.40910387e+00
2.154167,5.78680658e+00,3.40200138e+00
2.158334,5.76271963e+00,3.39491367e+00
2.162500,5.73873234e+00,3.38784075e+00
2.166667,5.71484566e+00,3.38078260e+00
2.170833,5.69105816e+00,3.37373924e+00
2.175000,5.66736937e+00,3.36671042e+00
2.179167,5.64377975e+00,3.35969639e+00
2.183333,5.62028837e+00,3.35269690e+00
2.187500,5.59689426e+00,3.34571195e+00
2.191667,5.57359743e+00,3.33874154e+00
2.195833,5.55039787e+00,3.33178568e+00
2.200000,5.52729511e+00,3.32484436e+00
2.204167,5.50428867e+00,3.31791759e+00
2.208333,5.48137760e+00,3.31100512e+00
2.212500,5.45856237e+00,3.30410719e+00
2.216667,5.43584156e+00,3.29722357e+00
2.220834,5.41321564e+00,3.29035425e+00
2.225000,5.39068365e+00,3.28349924e+00
2.229167,5.36824560e+00,3.27665854e+00
2.233333,5.34590101e+00,3.26983213e+00
2.237500,5.32364893e+00,3.26301980e+00
2.241667,5.30149031e+00,3.25622177e+00
2.245833,5.27942324e+00,3.24943781e+00
2.250000,5.25744820e+00,3.24266815e+00
2.254167,5.23556519e+00,3.23591256e+00
2.258333,5.21377277e+00,3.22917104e+00
2.262500,5.19207144e+00,3.22244358e+00
2.266667,5.17045975e+00,3.21572995e+00
2.270833,5.14893818e+00,3.20903039e+00
2.275000,5.12750626e+00,3.20234489e+00
2.279167,5.10616350e+00,3.19567323e+00
2.283334,5.08490944e+00,3.18901539e+00
2.287500,5.06374454e+00,3.18237162e+00
2.291667,5.04266739e+00,3.17574167e+00
2.295833,5.02167845e+00,3.16912556e+00
2.300000,5.00077581e+00,3.16252303e+00
2.304167,4.97996092e+00,3.15593433e+00
2.308333,4.95923233e+00,3.14935946e+00
2.312500,4.93859005e+00,3.14279819e+00
2.316667,4.91803360e+00,3.13625050e+00
2.320833,4.89756298e+00,3.12971663e+00
2.325000,4.87717772e+00,3.12319636e+00
2.329167,4.85687733e+00,3.11668968e+00
2.333333,4.83666134e+00,3.11019659e+00
2.337500,4.81652927e+00,3.10371685e+00
2.341667,4.79648113e+00,3.09725070e+00
2.345834,4.77651596e+00,3.09079790e+00
2.350000,4.75663424e+00,3.08435869e+00
2.354167,4.73683548e+00,3.07793283e+00
2.358333,4.71711874e+00,3.07152033e+00
2.362500,4.69748402e+00,3.06512117e+00
2.366667,4.67793083e+00,3.05873537e+00
2.370833,4.65845966e+00,3.05236292e+00
2.375000,4.63906956e+00,3.04600382e+00
2.379167,4.61976004e+00,3.03965783e+00
2.383333,4.60053110e+00,3.03332520e+00
2.387500,4.58138180e+00,3.02700567e+00
2.391667,4.56231213e+00,3.02069926e+00
2.395833,4.54332161e+00,3.01440597e+00
2.400000,4.52441025e+00,3.00812578e+00
2.404167,4.50557804e+00,3.00185871e+00
2.408334,4.48682404e+00,2.99560475e+00
2.412500,4.46814823e+00,2.98936391e+00
2.416667,4.44955015e+00,2.98313594e+00
2.420833,4.43102980e+00,2.97692108e+00
2.425000,4.41258621e+00,2.97071910e+00
2.429167,4.39421892e+00,2.96452999e+00
2.433333,4.37592840e+00,2.95835376e+00
2.437500,4.35771418e+00,2.95219040e+00
2.441667,4.33957577e+00,2.94603992e+00
2.445833,4.32151270e+00,2.93990231e+00
2.450000,4.30352449e+00,2.93377733e+00
2.454167,4.28561163e+00,2.92766523e+00
2.458333,4.26777315e+00,2.92156577e+00
2.462500,4.25000954e+00,2.91547918e+00
2.466667,4.23231936e+00,2.90940523e+00
2.470834,4.21470308e+00,2.90334392e+00
2.475000,4.19715977e+00,2.89729524e+00
2.479167,4.17968988e+00,2.89125919e+00
2.483333,4.16229200e+00,2.88523555e+00
2.487500,4.14496708e+00,2.87922454e+00
2.491667,4.12771416e+00,2.87322617e+00
2.495833,4.11053324e+00,2.86724019e+00
2.500000,4.09342337e+00,2.86126661e+00
2.504167,4.07638502e+00,2.85530567e+00
2.508333,4.05941820e+00,2.84935713e+00
2.512500,4.04252148e+00,2.84342098e+00
2.516667,4.02569437e+00,2.83749700e+00
2.520833,4.00893784e+00,2.83158541e+00
2.525000,3.99225140e+00,2.82568622e+00
2.529167,3.97563362e+00,2.81979918e+00
2.533334,3.95908570e+00,2.81392455e+00
2.537500,3.94260621e+00,2.80806208e+00
2.541667,3.92619538e+00,2.80221176e+00
2.545833,3.90985322e+00,2.79637384e+00
2.550000,3.89357924e+00,2.79054809e+00
2.554167,3.87737250e+00,2.78473425e+00
2.558333,3.86123323e+00,2.77893257e+00
2.562500,3.84516120e+00,2.77314305e+00
2.566667,3.82915640e+00,2.76736569e+00
2.570833,3.81321788e+00,2.76160026e+00
2.575000,3.79734564e+00,2.75584674e+00
2.579167,3.78153992e+00,2.75010538e+00
2.583333,3.76579976e+00,2.74437594e+00
2.587500,3.75012493e+00,2.73865843e+00
2.591667,3.73451567e+00,2.73295283e+00
2.595834,3.71897125e+00,2.72725916e+00
2.600000,3.70349169e+00,2.72157741e+00
2.604167,3.68807626e+00,2.71590734e+00
2.608334,3.67272544e+00,2.71024919e+00
2.612500,3.65743804e+00,2.70460272e+00
2.616667,3.64221454e+00,2.69896817e+00
2.620833,3.62705445e+00,2.69334531e+00
2.625000,3.61195731e+00,2.68773413e+00
2.629167,3.59692311e+00,2.68213463e+00
2.633333,3.58195138e+00,2.67654681e+00
2.637500,3.56704211e+00,2.67097068e+00
2.641667,3.55219460e+00,2.66540599e+00
2.645833,3.53740883e+00,2.65985298e+00
2.650000,3.52268529e+00,2.65431166e+00
2.654167,3.50802255e+00,2.64878178e+00
2.658334,3.49342060e+00,2.64326334e+00
2.662500,3.47887993e+00,2.63775659e+00
2.666667,3.46439981e+00,2.63226128e+00
2.670834,3.44997978e+00,2.62677741e+00
2.675000,3.43561983e+00,2.62130499e+00
2.679167,3.42131925e+00,2.61584377e+00
2.683333,3.40707850e+00,2.61039400e+00
2.687500,3.39289713e+00,2.60495567e+00
2.691667,3.37877440e+00,2.59952855e+00
2.695833,3.36471081e+00,2.59411287e+00
2.700000,3.35070562e+00,2.58870840e+00
2.704167,3.33675861e+00,2.58331513e+00
2.708333,3.32286954e+00,2.57793307e+00
2.712500,3.30903816e+00,2.57256222e+00
2.716667,3.29526448e+00,2.56720257e+00
2.720834,3.28154826e+00,2.56185412e+00
2.725000,3.26788926e+00,2.55651689e+00
2.729167,3.25428748e+00,2.55119085e+00
2.733334,3.24074173e+00,2.54587579e+00
2.737500,3.22725296e+00,2.54057193e+00
2.741667,3.21381998e+00,2.53527904e+00
2.745833,3.20044279e+00,2.52999711e+00
2.750000,3.18712115e+00,2.52472615e+00
2.754167,3.17385483e+00,2.51946616e+00
2.758333,3.16064382e+00,2.51421714e+00
2.762500,3.14748812e+00,2.50897908e+00
2.766667,3.13438702e+00,2.50375199e+00
2.770833,3.12134075e+00,2.49853587e+00
2.775000,3.10834837e+00,2.49333048e+00
2.779167,3.09541059e+00,2.48813605e+00
2.783334,3.08252621e+00,2.48295236e+00
2.787500,3.06969523e+00,2.47777939e+00
2.791667,3.05691838e+00,2.47261739e+00
2.795834,3.04419446e+00,2.46746612e+00
2.800000,3.03152370e+00,2.46232557e+00
2.804167,3.01890540e+00,2.45719576e+00
2.808333,3.00633931e+00,2.45207644e+00
2.812500,2.99382591e+00,2.44696784e+00
2.816667,2.98136449e+00,2.44186997e+00
2.820833,2.96895480e+00,2.43678260e+00
2.825000,2.95659685e+00,2.43170595e+00
2.829167,2.94429040e+00,2.42663980e+00
2.833333,2.93203473e+00,2.42158413e+00
2.837500,2.91983080e+00,2.41653919e+00
2.841667,2.90767765e+00,2.41150475e+00
2.845834,2.89557481e+00,2.40648079e+00
2.850000,2.88352275e+00,2.40146732e+00
2.854167,2.87152004e+00,2.39646411e+00
2.858334,2.85956764e+00,2.39147139e+00
2.862500,2.84766531e+00,2.38648915e+00
2.866667,2.83581209e+00,2.38151717e+00
2.870833,2.82400846e+00,2.37655568e+00
2.875000,2.81225371e+00,2.37160444e+00
2.879167,2.80054784e+00,2.36666346e+00
2.883333,2.78889132e+00,2.36173296e+00
2.887500,2.77728319e+00,2.35681272e+00
2.891667,2.76572323e+00,2.35190272e+00
2.895833,2.75421095e+00,2.34700274e+00
2.900000,2.74274659e+00,2.34211302e+00
2.904167,2.73133039e+00,2.33723354e+00
2.908334,2.71996164e+00,2.33236432e+00
2.912500,2.70864010e+00,2.32750511e+00
2.916667,2.69736576e+00,2.32265615e+00
2.920834,2.68613839e+00,2.31781721e+00
2.925000,2.67495728e+00,2.31298828e+00
2.929167,2.66382337e+00,2.30816960e+00
2.933333,2.65273571e+00,2.30336094e+00
2.937500,2.64169431e+00,2.29856229e+00
2.941667,2.63069868e+00,2.29377365e+00
2.945833,2.61974859e+00,2.28899479e+00
2.950000,2.60884404e+00,2.28422594e+00
2.954167,2.59798503e+00,2.27946711e+00
2.958333,2.58717108e+00,2.27471805e+00
2.962500,2.57640243e+00,2.26997900e+00
2.966667,2.56567812e+00,2.26524973e+00
2.970834,2.55499911e+00,2.26053047e+00
2.975000,2.54436421e+00,2.25582099e+00
2.979167,2.53377342e+00,2.25112128e+00
2.983334,2.52322698e+00,2.24643135e+00
2.987500,2.51272416e+00,2.24175119e+00
2.991667,2.50226521e+00,2.23708081e+00
2.995833,2.49184990e+00,2.23242021e+00
3.000000,2.48147821e+00,2.22776937e+00
