t,box_y,box_vy,p_body_y,p_grid_y,p_sum_y,KE_box,nodes_inside
0.004167,5.49829721e-01,-4.08750027e-02,-4.08750027e-02,0.00000000e+00,-4.08750027e-02,8.35382903e-04,0
0.008333,5.49489081e-01,-8.17500055e-02,-8.17500055e-02,0.00000000e+00,-8.17500055e-02,3.34153161e-03,0
0.012500,5.48978150e-01,-1.22625008e-01,-1.22625008e-01,0.00000000e+00,-1.22625008e-01,7.51844654e-03,0
0.016667,5.48296928e-01,-1.63500011e-01,-1.63500011e-01,0.00000000e+00,-1.63500011e-01,1.33661265e-02,0
0.020833,5.47445357e-01,-2.04375014e-01,-2.04375014e-01,0.00000000e+00,-2.04375014e-01,2.08845735e-02,0
0.025000,5.46423495e-01,-2.45250016e-01,-2.45250016e-01,0.00000000e+00,-2.45250016e-01,3.00737862e-02,0
0.029167,5.45231283e-01,-2.86125004e-01,-2.86125004e-01,0.00000000e+00,-2.86125004e-01,4.09337580e-02,0
0.033333,5.43868780e-01,-3.27000022e-01,-3.27000022e-01,0.00000000e+00,-3.27000022e-01,5.34645058e-02,0
0.037500,5.42335987e-01,-3.67875040e-01,-3.67875040e-01,0.00000000e+00,-3.67875040e-01,6.76660240e-02,0
0.041667,5.40632844e-01,-4.08750057e-01,-4.08750057e-01,0.00000000e+00,-4.08750057e-01,8.35383013e-02,0
0.045833,5.38759410e-01,-4.49625075e-01,-4.49625075e-01,0.00000000e+00,-4.49625075e-01,1.01081356e-01,0
0.050000,5.36715686e-01,-4.90500093e-01,-4.90500093e-01,0.00000000e+00,-4.90500093e-01,1.20295167e-01,0
0.054167,5.34501612e-01,-5.31375110e-01,-5.31375110e-01,0.00000000e+00,-5.31375110e-01,1.41179755e-01,0
0.058333,5.32117248e-01,-5.72250128e-01,-5.72250128e-01,0.00000000e+00,-5.72250128e-01,1.63735107e-01,0
0.062500,5.29562533e-01,-6.13125145e-01,-6.13125145e-01,0.00000000e+00,-6.13125145e-01,1.87961221e-01,0
0.066667,5.26837528e-01,-6.54000163e-01,-6.54000163e-01,0.00000000e+00,-6.54000163e-01,2.13858113e-01,0
0.070833,5.23942232e-01,-6.94875181e-01,-6.94875181e-01,0.00000000e+00,-6.94875181e-01,2.41425753e-01,0
0.075000,5.20876586e-01,-7.35750198e-01,-7.35750198e-01,0.00000000e+00,-7.35750198e-01,2.70664185e-01,0
0.079167,5.17640650e-01,-7.76625216e-01,-7.76625216e-01,0.00000000e+00,-7.76625216e-01,3.01573366e-01,0
0.083333,5.14234424e-01,-8.17500234e-01,-8.17500234e-01,0.00000000e+00,-8.17500234e-01,3.34153324e-01,0
0.087500,5.10657847e-01,-8.58375251e-01,-8.58375251e-01,0.00000000e+00,-8.58375251e-01,3.68404031e-01,0
0.091667,5.06910980e-01,-8.99250269e-01,-8.99250269e-01,0.00000000e+00,-8.99250269e-01,4.04325515e-01,0
0.095833,5.02993762e-01,-9.40125287e-01,-9.40125287e-01,0.00000000e+00,-9.40125287e-01,4.41917777e-01,0
0.100000,4.98906255e-01,-9.81000304e-01,-9.81000304e-01,0.00000000e+00,-9.81000304e-01,4.81180787e-01,0
0.104167,4.94648427e-01,-1.02187526e+00,-1.02187526e+00,0.00000000e+00,-1.02187526e+00,5.22114515e-01,0
0.108333,4.90220308e-01,-1.06275022e+00,-1.06275022e+00,0.00000000e+00,-1.06275022e+00,5.64719021e-01,0
0.112500,4.85621870e-01,-1.10362518e+00,-1.10362518e+00,0.00000000e+00,-1.10362518e+00,6.08994246e-01,0
0.116667,4.80853111e-01,-1.14450014e+00,-1.14450014e+00,0.00000000e+00,-1.14450014e+00,6.54940307e-01,0
0.120833,4.75914061e-01,-1.18537509e+00,-1.18537509e+00,0.00000000e+00,-1.18537509e+00,7.02557087e-01,0
0.125000,4.70804691e-01,-1.22625005e+00,-1.22625005e+00,0.00000000e+00,-1.22625005e+00,7.51844585e-01,0
0.129167,4.65525001e-01,-1.26712501e+00,-1.26712501e+00,0.00000000e+00,-1.26712501e+00,8.02802920e-01,0
0.133333,4.60074991e-01,-1.30799997e+00,-1.30799997e+00,0.00000000e+00,-1.30799997e+00,8.55431974e-01,0
0.137500,4.54454690e-01,-1.34887493e+00,-1.34887493e+00,0.00000000e+00,-1.34887493e+00,9.09731805e-01,0
0.141667,4.48664069e-01,-1.38974988e+00,-1.38974988e+00,0.00000000e+00,-1.38974988e+00,9.65702355e-01,0
0.145833,4.43629622e-01,-1.20826495e+00,-1.20826495e+00,0.00000000e+00,-1.20826495e+00,7.29952097e-01,16
0.150000,4.39230382e-01,-1.05581760e+00,-1.05581760e+00,0.00000000e+00,-1.05581760e+00,5.57375431e-01,16
0.154167,4.35364693e-01,-9.27761793e-01,-9.27761793e-01,0.00000000e+00,-9.27761793e-01,4.30370986e-01,16
0.158333,4.31947201e-01,-8.20194960e-01,-8.20194960e-01,0.00000000e+00,-8.20194960e-01,3.36359888e-01,16
0.162500,4.28906202e-01,-7.29838789e-01,-7.29838789e-01,0.00000000e+00,-7.29838789e-01,2.66332328e-01,16
0.166667,4.26181465e-01,-6.53939605e-01,-6.53939605e-01,0.00000000e+00,-6.53939605e-01,2.13818505e-01,16
0.170833,4.23722357e-01,-5.90184271e-01,-5.90184271e-01,0.00000000e+00,-5.90184271e-01,1.74158737e-01,16
0.175000,4.21486408e-01,-5.36629796e-01,-5.36629796e-01,0.00000000e+00,-5.36629796e-01,1.43985763e-01,16
0.179167,4.19437885e-01,-4.91644055e-01,-4.91644055e-01,0.00000000e+00,-4.91644055e-01,1.20856941e-01,16
0.183333,4.17546809e-01,-4.53856021e-01,-4.53856021e-01,0.00000000e+00,-4.53856021e-01,1.02992646e-01,16
0.187500,4.15787995e-01,-4.22114074e-01,-4.22114074e-01,0.00000000e+00,-4.22114074e-01,8.90901461e-02,16
0.191667,4.14140284e-01,-3.95450830e-01,-3.95450830e-01,0.00000000e+00,-3.95450830e-01,7.81906769e-02,16
0.195833,4.12585884e-01,-3.73053700e-01,-3.73053700e-01,0.00000000e+00,-3.73053700e-01,6.95845336e-02,16
0.200000,4.11109895e-01,-3.54240119e-01,-3.54240119e-01,0.00000000e+00,-3.54240119e-01,6.27430305e-02,16
0.204167,4.09699738e-01,-3.38436723e-01,-3.38436723e-01,0.00000000e+00,-3.38436723e-01,5.72697073e-02,16
0.208333,4.08344895e-01,-3.25161844e-01,-3.25161844e-01,0.00000000e+00,-3.25161844e-01,5.28651141e-02,16
0.212500,4.07036513e-01,-3.14010948e-01,-3.14010948e-01,0.00000000e+00,-3.14010948e-01,4.93014380e-02,16
0.216667,4.05767173e-01,-3.04644197e-01,-3.04644197e-01,0.00000000e+00,-3.04644197e-01,4.64040451e-02,16
0.220833,4.04530615e-01,-2.96776146e-01,-2.96776146e-01,0.00000000e+00,-2.96776146e-01,4.40380387e-02,16
0.225000,4.03321594e-01,-2.90166974e-01,-2.90166974e-01,0.00000000e+00,-2.90166974e-01,4.20984365e-02,16
0.229167,4.02135700e-01,-2.84615278e-01,-2.84615278e-01,0.00000000e+00,-2.84615278e-01,4.05029282e-02,16
0.233333,4.00969237e-01,-2.79951841e-01,-2.79951841e-01,0.00000000e+00,-2.79951841e-01,3.91865149e-02,16
0.237500,3.99819106e-01,-2.76034534e-01,-2.76034534e-01,0.00000000e+00,-2.76034534e-01,3.80975306e-02,16
0.241667,3.98613662e-01,-2.89306074e-01,-2.89306074e-01,0.00000000e+00,-2.89306074e-01,4.18490022e-02,16
0.245833,3.97358447e-01,-3.01250488e-01,-3.01250488e-01,0.00000000e+00,-3.01250488e-01,4.53759283e-02,16
0.250000,3.96058440e-01,-3.12000453e-01,-3.12000453e-01,0.00000000e+00,-3.12000453e-01,4.86721396e-02,16
0.254167,3.94718140e-01,-3.21675420e-01,-3.21675420e-01,0.00000000e+00,-3.21675420e-01,5.17375395e-02,16
0.258333,3.93341541e-01,-3.30382884e-01,-3.30382884e-01,0.00000000e+00,-3.30382884e-01,5.45764230e-02,16
0.262500,3.91932279e-01,-3.38219613e-01,-3.38219613e-01,0.00000000e+00,-3.38219613e-01,5.71962520e-02,16
0.266667,3.90493631e-01,-3.45272660e-01,-3.45272660e-01,0.00000000e+00,-3.45272660e-01,5.96066043e-02,16
0.270833,3.89028549e-01,-3.51620406e-01,-3.51620406e-01,0.00000000e+00,-3.51620406e-01,6.18184544e-02,16
0.275000,3.87539655e-01,-3.57333362e-01,-3.57333362e-01,0.00000000e+00,-3.57333362e-01,6.38435632e-02,16
0.279167,3.86029333e-01,-3.62475038e-01,-3.62475038e-01,0.00000000e+00,-3.62475038e-01,6.56940788e-02,16
0.283333,3.84499729e-01,-3.67102534e-01,-3.67102534e-01,0.00000000e+00,-3.67102534e-01,6.73821345e-02,16
0.287500,3.82952780e-01,-3.71267289e-01,-3.71267289e-01,0.00000000e+00,-3.71267289e-01,6.89197034e-02,16
0.291667,3.81390214e-01,-3.75015557e-01,-3.75015557e-01,0.00000000e+00,-3.75015557e-01,7.03183338e-02,16
0.295833,3.79813582e-01,-3.78389001e-01,-3.78389001e-01,0.00000000e+00,-3.78389001e-01,7.15891197e-02,16
0.300000,3.78224313e-01,-3.81425112e-01,-3.81425112e-01,0.00000000e+00,-3.81425112e-01,7.27425590e-02,16
0.304167,3.76623660e-01,-3.84157598e-01,-3.84157598e-01,0.00000000e+00,-3.84157598e-01,7.37885311e-02,16
0.308333,3.75012755e-01,-3.86616856e-01,-3.86616856e-01,0.00000000e+00,-3.86616856e-01,7.47362971e-02,16
0.312500,3.73392642e-01,-3.88830185e-01,-3.88830185e-01,0.00000000e+00,-3.88830185e-01,7.55944550e-02,16
0.316667,3.71764213e-01,-3.90822172e-01,-3.90822172e-01,0.00000000e+00,-3.90822172e-01,7.63709843e-02,16
0.320833,3.70128304e-01,-3.92614961e-01,-3.92614961e-01,0.00000000e+00,-3.92614961e-01,7.70732537e-02,16
0.325000,3.68485689e-01,-3.94228458e-01,-3.94228458e-01,0.00000000e+00,-3.94228458e-01,7.77080357e-02,16
0.329167,3.66837025e-01,-3.95680636e-01,-3.95680636e-01,0.00000000e+00,-3.95680636e-01,7.82815814e-02,16
0.333333,3.65182906e-01,-3.96987587e-01,-3.96987587e-01,0.00000000e+00,-3.96987587e-01,7.87995756e-02,16
0.337500,3.63523901e-01,-3.98163825e-01,-3.98163825e-01,0.00000000e+00,-3.98163825e-01,7.92672187e-02,16
0.341667,3.61860484e-01,-3.99222434e-01,-3.99222434e-01,0.00000000e+00,-3.99222434e-01,7.96892792e-02,16
0.345833,3.60193074e-01,-4.00175184e-01,-4.00175184e-01,0.00000000e+00,-4.00175184e-01,8.00700858e-02,16
0.350000,3.58522117e-01,-4.01032656e-01,-4.01032656e-01,0.00000000e+00,-4.01032656e-01,8.04135948e-02,16
0.354167,3.56847942e-01,-4.01804388e-01,-4.01804388e-01,0.00000000e+00,-4.01804388e-01,8.07233825e-02,16
0.358333,3.55170876e-01,-4.02498960e-01,-4.02498960e-01,0.00000000e+00,-4.02498960e-01,8.10027048e-02,16
0.362500,3.53491187e-01,-4.03124064e-01,-4.03124064e-01,0.00000000e+00,-4.03124064e-01,8.12545046e-02,16
0.366667,3.51809174e-01,-4.03686672e-01,-4.03686672e-01,0.00000000e+00,-4.03686672e-01,8.14814642e-02,16
0.370833,3.50125045e-01,-4.04193014e-01,-4.04193014e-01,0.00000000e+00,-4.04193014e-01,8.16859975e-02,16
0.375000,3.48439008e-01,-4.04648721e-01,-4.04648721e-01,0.00000000e+00,-4.04648721e-01,8.18702951e-02,16
0.379167,3.47021043e-01,-3.40315044e-01,-3.40315044e-01,0.00000000e+00,-3.40315044e-01,5.79071641e-02,32
0.383333,3.45801413e-01,-2.92708129e-01,-2.92708129e-01,0.00000000e+00,-2.92708129e-01,4.28390242e-02,32
0.387500,3.44728589e-01,-2.57479012e-01,-2.57479012e-01,0.00000000e+00,-2.57479012e-01,3.31477225e-02,32
0.391667,3.43764395e-01,-2.31409475e-01,-2.31409475e-01,0.00000000e+00,-2.31409475e-01,2.67751720e-02,32
0.395833,3.42880577e-01,-2.12118030e-01,-2.12118030e-01,0.00000000e+00,-2.12118030e-01,2.24970300e-02,32
0.400000,3.42056245e-01,-1.97842360e-01,-1.97842360e-01,0.00000000e+00,-1.97842360e-01,1.95707995e-02,32
0.404167,3.41275930e-01,-1.87278345e-01,-1.87278345e-01,0.00000000e+00,-1.87278345e-01,1.75365899e-02,32
0.408333,3.40528190e-01,-1.79460987e-01,-1.79460987e-01,0.00000000e+00,-1.79460987e-01,1.61031224e-02,32
0.412500,3.39804530e-01,-1.73676148e-01,-1.73676148e-01,0.00000000e+00,-1.73676148e-01,1.50817018e-02,32
0.416667,3.39098722e-01,-1.69395357e-01,-1.69395357e-01,0.00000000e+00,-1.69395357e-01,1.43473940e-02,32
0.420833,3.38406116e-01,-1.66227564e-01,-1.66227564e-01,0.00000000e+00,-1.66227564e-01,1.38158016e-02,32
0.425000,3.37723255e-01,-1.63883403e-01,-1.63883403e-01,0.00000000e+00,-1.63883403e-01,1.34288846e-02,32
0.429167,3.37047637e-01,-1.62148729e-01,-1.62148729e-01,0.00000000e+00,-1.62148729e-01,1.31461052e-02,32
0.433333,3.36377352e-01,-1.60865068e-01,-1.60865068e-01,0.00000000e+00,-1.60865068e-01,1.29387854e-02,32
0.437500,3.35711032e-01,-1.59915164e-01,-1.59915164e-01,0.00000000e+00,-1.59915164e-01,1.27864303e-02,32
0.441667,3.35047662e-01,-1.59212217e-01,-1.59212217e-01,0.00000000e+00,-1.59212217e-01,1.26742646e-02,32
0.445833,3.34386438e-01,-1.58692047e-01,-1.58692047e-01,0.00000000e+00,-1.58692047e-01,1.25915827e-02,32
0.450000,3.33726823e-01,-1.58307105e-01,-1.58307105e-01,0.00000000e+00,-1.58307105e-01,1.25305699e-02,32
0.454167,3.33068401e-01,-1.58022270e-01,-1.58022270e-01,0.00000000e+00,-1.58022270e-01,1.24855191e-02,32
0.458333,3.32410842e-01,-1.57811478e-01,-1.57811478e-01,0.00000000e+00,-1.57811478e-01,1.24522317e-02,32
0.462500,3.31753939e-01,-1.57655492e-01,-1.57655492e-01,0.00000000e+00,-1.57655492e-01,1.24276271e-02,32
0.466667,3.31097513e-01,-1.57540068e-01,-1.57540068e-01,0.00000000e+00,-1.57540068e-01,1.24094365e-02,32
0.470833,3.30441445e-01,-1.57454655e-01,-1.57454655e-01,0.00000000e+00,-1.57454655e-01,1.23959845e-02,32
0.475000,3.29785645e-01,-1.57391444e-01,-1.57391444e-01,0.00000000e+00,-1.57391444e-01,1.23860333e-02,32
0.479167,3.29130054e-01,-1.57344684e-01,-1.57344684e-01,0.00000000e+00,-1.57344684e-01,1.23786749e-02,32
0.483333,3.28474581e-01,-1.57310069e-01,-1.57310069e-01,0.00000000e+00,-1.57310069e-01,1.23732286e-02,32
0.487500,3.27819228e-01,-1.57284454e-01,-1.57284454e-01,0.00000000e+00,-1.57284454e-01,1.23691997e-02,32
0.491667,3.27163965e-01,-1.57265499e-01,-1.57265499e-01,0.00000000e+00,-1.57265499e-01,1.23662185e-02,32
0.495833,3.26508760e-01,-1.57251462e-01,-1.57251462e-01,0.00000000e+00,-1.57251462e-01,1.23640113e-02,32
0.500000,3.25853586e-01,-1.57241106e-01,-1.57241106e-01,0.00000000e+00,-1.57241106e-01,1.23623824e-02,32
0.504167,3.25198442e-01,-1.57233432e-01,-1.57233432e-01,0.00000000e+00,-1.57233432e-01,1.23611763e-02,32
0.508333,3.24543327e-01,-1.57227740e-01,-1.57227740e-01,0.00000000e+00,-1.57227740e-01,1.23602813e-02,32
0.512500,3.23888242e-01,-1.57223523e-01,-1.57223523e-01,0.00000000e+00,-1.57223523e-01,1.23596182e-02,32
0.516667,3.23233157e-01,-1.57220408e-01,-1.57220408e-01,0.00000000e+00,-1.57220408e-01,1.23591283e-02,32
0.520833,3.22578073e-01,-1.57218114e-01,-1.57218114e-01,0.00000000e+00,-1.57218114e-01,1.23587679e-02,32
0.525000,3.21923018e-01,-1.57216415e-01,-1.57216415e-01,0.00000000e+00,-1.57216415e-01,1.23585006e-02,32
0.529167,3.21267962e-01,-1.57215148e-01,-1.57215148e-01,0.00000000e+00,-1.57215148e-01,1.23583013e-02,32
0.533333,3.20612907e-01,-1.57214209e-01,-1.57214209e-01,0.00000000e+00,-1.57214209e-01,1.23581542e-02,32
0.537500,3.19957852e-01,-1.57213539e-01,-1.57213539e-01,0.00000000e+00,-1.57213539e-01,1.23580480e-02,32
0.541667,3.19302797e-01,-1.57213017e-01,-1.57213017e-01,0.00000000e+00,-1.57213017e-01,1.23579660e-02,32
0.545833,3.18647742e-01,-1.57212645e-01,-1.57212645e-01,0.00000000e+00,-1.57212645e-01,1.23579083e-02,32
0.550000,3.17992687e-01,-1.57212362e-01,-1.57212362e-01,0.00000000e+00,-1.57212362e-01,1.23578636e-02,32
0.554167,3.17337632e-01,-1.57212138e-01,-1.57212138e-01,0.00000000e+00,-1.57212138e-01,1.23578282e-02,32
0.558333,3.16682577e-01,-1.57211974e-01,-1.57211974e-01,0.00000000e+00,-1.57211974e-01,1.23578021e-02,32
0.562500,3.16027522e-01,-1.57211870e-01,-1.57211870e-01,0.00000000e+00,-1.57211870e-01,1.23577863e-02,32
0.566667,3.15372467e-01,-1.57211781e-01,-1.57211781e-01,0.00000000e+00,-1.57211781e-01,1.23577723e-02,32
0.570833,3.14717412e-01,-1.57211721e-01,-1.57211721e-01,0.00000000e+00,-1.57211721e-01,1.23577630e-02,32
0.575000,3.14062357e-01,-1.57211691e-01,-1.57211691e-01,0.00000000e+00,-1.57211691e-01,1.23577584e-02,32
0.579167,3.13407302e-01,-1.57211661e-01,-1.57211661e-01,0.00000000e+00,-1.57211661e-01,1.23577528e-02,32
0.583333,3.12752247e-01,-1.57211632e-01,-1.57211632e-01,0.00000000e+00,-1.57211632e-01,1.23577481e-02,32
0.587500,3.12097192e-01,-1.57211617e-01,-1.57211617e-01,0.00000000e+00,-1.57211617e-01,1.23577463e-02,32
0.591667,3.11442137e-01,-1.57211602e-01,-1.57211602e-01,0.00000000e+00,-1.57211602e-01,1.23577435e-02,32
0.595833,3.10787082e-01,-1.57211587e-01,-1.57211587e-01,0.00000000e+00,-1.57211587e-01,1.23577416e-02,32
0.600000,3.10132027e-01,-1.57211572e-01,-1.57211572e-01,0.00000000e+00,-1.57211572e-01,1.23577388e-02,32
0.604167,3.09476972e-01,-1.57211557e-01,-1.57211557e-01,0.00000000e+00,-1.57211557e-01,1.23577369e-02,32
0.608333,3.08821917e-01,-1.57211542e-01,-1.57211542e-01,0.00000000e+00,-1.57211542e-01,1.23577341e-02,32
0.612500,3.08166862e-01,-1.57211527e-01,-1.57211527e-01,0.00000000e+00,-1.57211527e-01,1.23577323e-02,32
0.616667,3.07511806e-01,-1.57211542e-01,-1.57211542e-01,0.00000000e+00,-1.57211542e-01,1.23577341e-02,32
0.620833,3.06856751e-01,-1.57211527e-01,-1.57211527e-01,0.00000000e+00,-1.57211527e-01,1.23577323e-02,32
0.625000,3.06201696e-01,-1.57211542e-01,-1.57211542e-01,0.00000000e+00,-1.57211542e-01,1.23577341e-02,32
0.629167,3.05546641e-01,-1.57211527e-01,-1.57211527e-01,0.00000000e+00,-1.57211527e-01,1.23577323e-02,32
0.633333,3.04891586e-01,-1.57211542e-01,-1.57211542e-01,0.00000000e+00,-1.57211542e-01,1.23577341e-02,32
0.637500,3.04236531e-01,-1.57211527e-01,-1.57211527e-01,0.00000000e+00,-1.57211527e-01,1.23577323e-02,32
0.641667,3.03581476e-01,-1.57211542e-01,-1.57211542e-01,0.00000000e+00,-1.57211542e-01,1.23577341e-02,32
0.645833,3.02926421e-01,-1.57211527e-01,-1.57211527e-01,0.00000000e+00,-1.57211527e-01,1.23577323e-02,32
0.650000,3.02271366e-01,-1.57211542e-01,-1.57211542e-01,0.00000000e+00,-1.57211542e-01,1.23577341e-02,32
0.654167,3.01616311e-01,-1.57211527e-01,-1.57211527e-01,0.00000000e+00,-1.57211527e-01,1.23577323e-02,32
0.658333,3.00961256e-01,-1.57211542e-01,-1.57211542e-01,0.00000000e+00,-1.57211542e-01,1.23577341e-02,32
0.662500,3.00306201e-01,-1.57211527e-01,-1.57211527e-01,0.00000000e+00,-1.57211527e-01,1.23577323e-02,32
0.666667,2.99651146e-01,-1.57211542e-01,-1.57211542e-01,0.00000000e+00,-1.57211542e-01,1.23577341e-02,32
0.670833,2.98943698e-01,-1.69788465e-01,-1.69788465e-01,0.00000000e+00,-1.69788465e-01,1.44140618e-02,32
0.675000,2.98193276e-01,-1.80101544e-01,-1.80101544e-01,0.00000000e+00,-1.80101544e-01,1.62182823e-02,32
0.679167,2.97407627e-01,-1.88558280e-01,-1.88558280e-01,0.00000000e+00,-1.88558280e-01,1.77771132e-02,32
0.683333,2.96593070e-01,-1.95492804e-01,-1.95492804e-01,0.00000000e+00,-1.95492804e-01,1.91087183e-02,32
0.687500,2.95754820e-01,-2.01179102e-01,-2.01179102e-01,0.00000000e+00,-2.01179102e-01,2.02365164e-02,32
0.691667,2.94897139e-01,-2.05841869e-01,-2.05841869e-01,0.00000000e+00,-2.05841869e-01,2.11854372e-02,32
0.695833,2.94023544e-01,-2.09665343e-01,-2.09665343e-01,0.00000000e+00,-2.09665343e-01,2.19797771e-02,32
0.700000,2.93136865e-01,-2.12800592e-01,-2.12800592e-01,0.00000000e+00,-2.12800592e-01,2.26420462e-02,32
0.704167,2.92239487e-01,-2.15371504e-01,-2.15371504e-01,0.00000000e+00,-2.15371504e-01,2.31924430e-02,32
0.708333,2.91333318e-01,-2.17479646e-01,-2.17479646e-01,0.00000000e+00,-2.17479646e-01,2.36486979e-02,32
0.712500,2.90419936e-01,-2.19208315e-01,-2.19208315e-01,0.00000000e+00,-2.19208315e-01,2.40261424e-02,32
0.716667,2.89500654e-01,-2.20625818e-01,-2.20625818e-01,0.00000000e+00,-2.20625818e-01,2.43378766e-02,32
0.720833,2.88576543e-01,-2.21788168e-01,-2.21788168e-01,0.00000000e+00,-2.21788168e-01,2.45949961e-02,32
0.725000,2.87648469e-01,-2.22741306e-01,-2.22741306e-01,0.00000000e+00,-2.22741306e-01,2.48068441e-02,32
0.729167,2.86717117e-01,-2.23522872e-01,-2.23522872e-01,0.00000000e+00,-2.23522872e-01,2.49812379e-02,32
0.733333,2.85783112e-01,-2.24163756e-01,-2.24163756e-01,0.00000000e+00,-2.24163756e-01,2.51246952e-02,32
0.737500,2.84846902e-01,-2.24689275e-01,-2.24689275e-01,0.00000000e+00,-2.24689275e-01,2.52426360e-02,32
0.741667,2.83908904e-01,-2.25120202e-01,-2.25120202e-01,0.00000000e+00,-2.25120202e-01,2.53395531e-02,32
0.745833,2.82969445e-01,-2.25473553e-01,-2.25473553e-01,0.00000000e+00,-2.25473553e-01,2.54191607e-02,32
0.750000,2.82028764e-01,-2.25763321e-01,-2.25763321e-01,0.00000000e+00,-2.25763321e-01,2.54845377e-02,32
0.754167,2.81087101e-01,-2.26000920e-01,-2.26000920e-01,0.00000000e+00,-2.26000920e-01,2.55382080e-02,32
0.758333,2.80144632e-01,-2.26195753e-01,-2.26195753e-01,0.00000000e+00,-2.26195753e-01,2.55822595e-02,32
0.762500,2.79201478e-01,-2.26355538e-01,-2.26355538e-01,0.00000000e+00,-2.26355538e-01,2.56184153e-02,32
0.766667,2.78257787e-01,-2.26486549e-01,-2.26486549e-01,0.00000000e+00,-2.26486549e-01,2.56480779e-02,32
0.770833,2.77313650e-01,-2.26593971e-01,-2.26593971e-01,0.00000000e+00,-2.26593971e-01,2.56724134e-02,32
0.775000,2.76369154e-01,-2.26682067e-01,-2.26682067e-01,0.00000000e+00,-2.26682067e-01,2.56923791e-02,32
0.779167,2.75424331e-01,-2.26754293e-01,-2.26754293e-01,0.00000000e+00,-2.26754293e-01,2.57087555e-02,32
0.783333,2.74479270e-01,-2.26813510e-01,-2.26813510e-01,0.00000000e+00,-2.26813510e-01,2.57221833e-02,32
0.787500,2.73534000e-01,-2.26862088e-01,-2.26862088e-01,0.00000000e+00,-2.26862088e-01,2.57332027e-02,32
0.791667,2.72588581e-01,-2.26901904e-01,-2.26901904e-01,0.00000000e+00,-2.26901904e-01,2.57422365e-02,32
0.795833,2.71643013e-01,-2.26934567e-01,-2.26934567e-01,0.00000000e+00,-2.26934567e-01,2.57496480e-02,32
0.800000,2.70697355e-01,-2.26961344e-01,-2.26961344e-01,0.00000000e+00,-2.26961344e-01,2.57557258e-02,32
0.804167,2.69751579e-01,-2.26983309e-01,-2.26983309e-01,0.00000000e+00,-2.26983309e-01,2.57607121e-02,32
0.808333,2.68805742e-01,-2.27001324e-01,-2.27001324e-01,0.00000000e+00,-2.27001324e-01,2.57648006e-02,32
0.812500,2.67859846e-01,-2.27016076e-01,-2.27016076e-01,0.00000000e+00,-2.27016076e-01,2.57681496e-02,32
0.816667,2.66913891e-01,-2.27028191e-01,-2.27028191e-01,0.00000000e+00,-2.27028191e-01,2.57708989e-02,32
0.820833,2.65967906e-01,-2.27038115e-01,-2.27038115e-01,0.00000000e+00,-2.27038115e-01,2.57731527e-02,32
0.825000,2.65021890e-01,-2.27046266e-01,-2.27046266e-01,0.00000000e+00,-2.27046266e-01,2.57750042e-02,32
0.829167,2.64075845e-01,-2.27052942e-01,-2.27052942e-01,0.00000000e+00,-2.27052942e-01,2.57765185e-02,32
0.833333,2.63129771e-01,-2.27058411e-01,-2.27058411e-01,0.00000000e+00,-2.27058411e-01,2.57777609e-02,32
0.837500,2.62183666e-01,-2.27062896e-01,-2.27062896e-01,0.00000000e+00,-2.27062896e-01,2.57787798e-02,32
0.841667,2.61237562e-01,-2.27066591e-01,-2.27066591e-01,0.00000000e+00,-2.27066591e-01,2.57796180e-02,32
0.845833,2.60291427e-01,-2.27069601e-01,-2.27069601e-01,0.00000000e+00,-2.27069601e-01,2.57803015e-02,32
0.850000,2.59345293e-01,-2.27072075e-01,-2.27072075e-01,0.00000000e+00,-2.27072075e-01,2.57808641e-02,32
0.854167,2.58399159e-01,-2.27074087e-01,-2.27074087e-01,0.00000000e+00,-2.27074087e-01,2.57813204e-02,32
0.858333,2.57453024e-01,-2.27075756e-01,-2.27075756e-01,0.00000000e+00,-2.27075756e-01,2.57816985e-02,32
0.862500,2.56506860e-01,-2.27077127e-01,-2.27077127e-01,0.00000000e+00,-2.27077127e-01,2.57820114e-02,32
0.866667,2.55560696e-01,-2.27078259e-01,-2.27078259e-01,0.00000000e+00,-2.27078259e-01,2.57822685e-02,32
0.870833,2.54614532e-01,-2.27079168e-01,-2.27079168e-01,0.00000000e+00,-2.27079168e-01,2.57824734e-02,32
0.875000,2.53668368e-01,-2.27079913e-01,-2.27079913e-01,0.00000000e+00,-2.27079913e-01,2.57826429e-02,32
0.879167,2.52722204e-01,-2.27080524e-01,-2.27080524e-01,0.00000000e+00,-2.27080524e-01,2.57827826e-02,32
0.883333,2.51776040e-01,-2.27081031e-01,-2.27081031e-01,0.00000000e+00,-2.27081031e-01,2.57828981e-02,32
0.887500,2.50829875e-01,-2.27081448e-01,-2.27081448e-01,0.00000000e+00,-2.27081448e-01,2.57829912e-02,32
0.891667,2.49883696e-01,-2.27081791e-01,-2.27081791e-01,0.00000000e+00,-2.27081791e-01,2.57830694e-02,32
0.895833,2.49088913e-01,-1.90748975e-01,-1.90748975e-01,0.00000000e+00,-1.90748975e-01,1.81925856e-02,48
0.900000,2.48394042e-01,-1.66769341e-01,-1.66769341e-01,0.00000000e+00,-1.66769341e-01,1.39060067e-02,48
0.904167,2.47765109e-01,-1.50942773e-01,-1.50942773e-01,0.00000000e+00,-1.50942773e-01,1.13918604e-02,48
0.908333,2.47179702e-01,-1.40497223e-01,-1.40497223e-01,0.00000000e+00,-1.40497223e-01,9.86973476e-03,48
0.912500,2.46623024e-01,-1.33603171e-01,-1.33603171e-01,0.00000000e+00,-1.33603171e-01,8.92490335e-03,48
0.916667,2.46085301e-01,-1.29053086e-01,-1.29053086e-01,0.00000000e+00,-1.29053086e-01,8.32734909e-03,48
0.920833,2.45560095e-01,-1.26050055e-01,-1.26050055e-01,0.00000000e+00,-1.26050055e-01,7.94430822e-03,48
0.925000,2.45043144e-01,-1.24068037e-01,-1.24068037e-01,0.00000000e+00,-1.24068037e-01,7.69643905e-03,48
0.929167,2.44531646e-01,-1.22759908e-01,-1.22759908e-01,0.00000000e+00,-1.22759908e-01,7.53499754e-03,48
0.933333,2.44023740e-01,-1.21896543e-01,-1.21896543e-01,0.00000000e+00,-1.21896543e-01,7.42938370e-03,48
0.937500,2.43518218e-01,-1.21326730e-01,-1.21326730e-01,0.00000000e+00,-1.21326730e-01,7.36008771e-03,48
0.941667,2.43014261e-01,-1.20950654e-01,-1.20950654e-01,0.00000000e+00,-1.20950654e-01,7.31453020e-03,48
0.945833,2.42511332e-01,-1.20702438e-01,-1.20702438e-01,0.00000000e+00,-1.20702438e-01,7.28453929e-03,48
0.950000,2.42009088e-01,-1.20538607e-01,-1.20538607e-01,0.00000000e+00,-1.20538607e-01,7.26477802e-03,48
0.954167,2.41507292e-01,-1.20430477e-01,-1.20430477e-01,0.00000000e+00,-1.20430477e-01,7.25174975e-03,48
0.958333,2.41005793e-01,-1.20359123e-01,-1.20359123e-01,0.00000000e+00,-1.20359123e-01,7.24315923e-03,48
0.962500,2.40504488e-01,-1.20312020e-01,-1.20312020e-01,0.00000000e+00,-1.20312020e-01,7.23749120e-03,48
0.966667,2.40003318e-01,-1.20280929e-01,-1.20280929e-01,0.00000000e+00,-1.20280929e-01,7.23375101e-03,48
0.970833,2.39502236e-01,-1.20260417e-01,-1.20260417e-01,0.00000000e+00,-1.20260417e-01,7.23128393e-03,48
0.975000,2.39001215e-01,-1.20246887e-01,-1.20246887e-01,0.00000000e+00,-1.20246887e-01,7.22965691e-03,48
0.979167,2.38500223e-01,-1.20237954e-01,-1.20237954e-01,0.00000000e+00,-1.20237954e-01,7.22858263e-03,48
0.983333,2.37999260e-01,-1.20232068e-01,-1.20232068e-01,0.00000000e+00,-1.20232068e-01,7.22787529e-03,48
0.987500,2.37498313e-01,-1.20228156e-01,-1.20228156e-01,0.00000000e+00,-1.20228156e-01,7.22740497e-03,48
0.991667,2.36997366e-01,-1.20225586e-01,-1.20225586e-01,0.00000000e+00,-1.20225586e-01,7.22709578e-03,48
0.995833,2.36496434e-01,-1.20223880e-01,-1.20223880e-01,0.00000000e+00,-1.20223880e-01,7.22689042e-03,48
1.000000,2.35995501e-01,-1.20222770e-01,-1.20222770e-01,0.00000000e+00,-1.20222770e-01,7.22675724e-03,48
1.004167,2.35494569e-01,-1.20222054e-01,-1.20222054e-01,0.00000000e+00,-1.20222054e-01,7.22667109e-03,48
1.008333,2.34993652e-01,-1.20221570e-01,-1.20221570e-01,0.00000000e+00,-1.20221570e-01,7.22661288e-03,48
1.012500,2.34492734e-01,-1.20221242e-01,-1.20221242e-01,0.00000000e+00,-1.20221242e-01,7.22657377e-03,48
1.016667,2.33991817e-01,-1.20221026e-01,-1.20221026e-01,0.00000000e+00,-1.20221026e-01,7.22654769e-03,48
1.020833,2.33490899e-01,-1.20220892e-01,-1.20220892e-01,0.00000000e+00,-1.20220892e-01,7.22653139e-03,48
1.025000,2.32989982e-01,-1.20220773e-01,-1.20220773e-01,0.00000000e+00,-1.20220773e-01,7.22651696e-03,48
1.029167,2.32489064e-01,-1.20220721e-01,-1.20220721e-01,0.00000000e+00,-1.20220721e-01,7.22651090e-03,48
1.033333,2.31988147e-01,-1.20220676e-01,-1.20220676e-01,0.00000000e+00,-1.20220676e-01,7.22650532e-03,48
1.037500,2.31487229e-01,-1.20220654e-01,-1.20220654e-01,0.00000000e+00,-1.20220654e-01,7.22650299e-03,48
1.041667,2.30986312e-01,-1.20220631e-01,-1.20220631e-01,0.00000000e+00,-1.20220631e-01,7.22650019e-03,48
1.045833,2.30485395e-01,-1.20220616e-01,-1.20220616e-01,0.00000000e+00,-1.20220616e-01,7.22649833e-03,48
1.050000,2.29984477e-01,-1.20220602e-01,-1.20220602e-01,0.00000000e+00,-1.20220602e-01,7.22649647e-03,48
1.054167,2.29483560e-01,-1.20220587e-01,-1.20220587e-01,0.00000000e+00,-1.20220587e-01,7.22649461e-03,48
1.058333,2.28982642e-01,-1.20220609e-01,-1.20220609e-01,0.00000000e+00,-1.20220609e-01,7.22649740e-03,48
1.062500,2.28481725e-01,-1.20220594e-01,-1.20220594e-01,0.00000000e+00,-1.20220594e-01,7.22649554e-03,48
1.066667,2.27980807e-01,-1.20220616e-01,-1.20220616e-01,0.00000000e+00,-1.20220616e-01,7.22649833e-03,48
1.070833,2.27479890e-01,-1.20220602e-01,-1.20220602e-01,0.00000000e+00,-1.20220602e-01,7.22649647e-03,48
1.075000,2.26978973e-01,-1.20220587e-01,-1.20220587e-01,0.00000000e+00,-1.20220587e-01,7.22649461e-03,48
1.079167,2.26478055e-01,-1.20220609e-01,-1.20220609e-01,0.00000000e+00,-1.20220609e-01,7.22649740e-03,48
1.083333,2.25977138e-01,-1.20220594e-01,-1.20220594e-01,0.00000000e+00,-1.20220594e-01,7.22649554e-03,48
1.087500,2.25476220e-01,-1.20220616e-01,-1.20220616e-01,0.00000000e+00,-1.20220616e-01,7.22649833e-03,48
1.091667,2.24975303e-01,-1.20220602e-01,-1.20220602e-01,0.00000000e+00,-1.20220602e-01,7.22649647e-03,48
1.095833,2.24474385e-01,-1.20220587e-01,-1.20220587e-01,0.00000000e+00,-1.20220587e-01,7.22649461e-03,48
1.100000,2.23973468e-01,-1.20220609e-01,-1.20220609e-01,0.00000000e+00,-1.20220609e-01,7.22649740e-03,48
1.104167,2.23472551e-01,-1.20220594e-01,-1.20220594e-01,0.00000000e+00,-1.20220594e-01,7.22649554e-03,48
1.108333,2.22971633e-01,-1.20220616e-01,-1.20220616e-01,0.00000000e+00,-1.20220616e-01,7.22649833e-03,48
1.112500,2.22470716e-01,-1.20220602e-01,-1.20220602e-01,0.00000000e+00,-1.20220602e-01,7.22649647e-03,48
1.116667,2.21969798e-01,-1.20220587e-01,-1.20220587e-01,0.00000000e+00,-1.20220587e-01,7.22649461e-03,48
1.120833,2.21468881e-01,-1.20220609e-01,-1.20220609e-01,0.00000000e+00,-1.20220609e-01,7.22649740e-03,48
1.125000,2.20967963e-01,-1.20220594e-01,-1.20220594e-01,0.00000000e+00,-1.20220594e-01,7.22649554e-03,48
1.129167,2.20467046e-01,-1.20220616e-01,-1.20220616e-01,0.00000000e+00,-1.20220616e-01,7.22649833e-03,48
1.133333,2.19966128e-01,-1.20220602e-01,-1.20220602e-01,0.00000000e+00,-1.20220602e-01,7.22649647e-03,48
1.137500,2.19465211e-01,-1.20220587e-01,-1.20220587e-01,0.00000000e+00,-1.20220587e-01,7.22649461e-03,48
1.141667,2.18964294e-01,-1.20220609e-01,-1.20220609e-01,0.00000000e+00,-1.20220609e-01,7.22649740e-03,48
1.145833,2.18463376e-01,-1.20220594e-01,-1.20220594e-01,0.00000000e+00,-1.20220594e-01,7.22649554e-03,48
1.150000,2.17962459e-01,-1.20220616e-01,-1.20220616e-01,0.00000000e+00,-1.20220616e-01,7.22649833e-03,48
1.154167,2.17461541e-01,-1.20220602e-01,-1.20220602e-01,0.00000000e+00,-1.20220602e-01,7.22649647e-03,48
1.158333,2.16960624e-01,-1.20220587e-01,-1.20220587e-01,0.00000000e+00,-1.20220587e-01,7.22649461e-03,48
1.162500,2.16459706e-01,-1.20220609e-01,-1.20220609e-01,0.00000000e+00,-1.20220609e-01,7.22649740e-03,48
1.166667,2.15958789e-01,-1.20220594e-01,-1.20220594e-01,0.00000000e+00,-1.20220594e-01,7.22649554e-03,48
1.170833,2.15457872e-01,-1.20220616e-01,-1.20220616e-01,0.00000000e+00,-1.20220616e-01,7.22649833e-03,48
1.175000,2.14956954e-01,-1.20220602e-01,-1.20220602e-01,0.00000000e+00,-1.20220602e-01,7.22649647e-03,48
1.179167,2.14456037e-01,-1.20220587e-01,-1.20220587e-01,0.00000000e+00,-1.20220587e-01,7.22649461e-03,48
1.183333,2.13955119e-01,-1.20220609e-01,-1.20220609e-01,0.00000000e+00,-1.20220609e-01,7.22649740e-03,48
1.187500,2.13454202e-01,-1.20220594e-01,-1.20220594e-01,0.00000000e+00,-1.20220594e-01,7.22649554e-03,48
1.191667,2.12953284e-01,-1.20220616e-01,-1.20220616e-01,0.00000000e+00,-1.20220616e-01,7.22649833e-03,48
1.195833,2.12452367e-01,-1.20220602e-01,-1.20220602e-01,0.00000000e+00,-1.20220602e-01,7.22649647e-03,48
1.200000,2.11951450e-01,-1.20220587e-01,-1.20220587e-01,0.00000000e+00,-1.20220587e-01,7.22649461e-03,48
1.204167,2.11450532e-01,-1.20220609e-01,-1.20220609e-01,0.00000000e+00,-1.20220609e-01,7.22649740e-03,48
1.208333,2.10949615e-01,-1.20220594e-01,-1.20220594e-01,0.00000000e+00,-1.20220594e-01,7.22649554e-03,48
1.212500,2.10448697e-01,-1.20220616e-01,-1.20220616e-01,0.00000000e+00,-1.20220616e-01,7.22649833e-03,48
1.216667,2.09947780e-01,-1.20220602e-01,-1.20220602e-01,0.00000000e+00,-1.20220602e-01,7.22649647e-03,48
1.220833,2.09446862e-01,-1.20220587e-01,-1.20220587e-01,0.00000000e+00,-1.20220587e-01,7.22649461e-03,48
1.225000,2.08945945e-01,-1.20220609e-01,-1.20220609e-01,0.00000000e+00,-1.20220609e-01,7.22649740e-03,48
1.229167,2.08445027e-01,-1.20220594e-01,-1.20220594e-01,0.00000000e+00,-1.20220594e-01,7.22649554e-03,48
1.233333,2.07944110e-01,-1.20220616e-01,-1.20220616e-01,0.00000000e+00,-1.20220616e-01,7.22649833e-03,48
1.237500,2.07443193e-01,-1.20220602e-01,-1.20220602e-01,0.00000000e+00,-1.20220602e-01,7.22649647e-03,48
1.241667,2.06942275e-01,-1.20220587e-01,-1.20220587e-01,0.00000000e+00,-1.20220587e-01,7.22649461e-03,48
1.245833,2.06441358e-01,-1.20220609e-01,-1.20220609e-01,0.00000000e+00,-1.20220609e-01,7.22649740e-03,48
1.250000,2.05940440e-01,-1.20220594e-01,-1.20220594e-01,0.00000000e+00,-1.20220594e-01,7.22649554e-03,48
1.254167,2.05439523e-01,-1.20220616e-01,-1.20220616e-01,0.00000000e+00,-1.20220616e-01,7.22649833e-03,48
1.258333,2.04938605e-01,-1.20220602e-01,-1.20220602e-01,0.00000000e+00,-1.20220602e-01,7.22649647e-03,48
1.262500,2.04437688e-01,-1.20220587e-01,-1.20220587e-01,0.00000000e+00,-1.20220587e-01,7.22649461e-03,48
1.266667,2.03936771e-01,-1.20220609e-01,-1.20220609e-01,0.00000000e+00,-1.20220609e-01,7.22649740e-03,48
1.270833,2.03435853e-01,-1.20220594e-01,-1.20220594e-01,0.00000000e+00,-1.20220594e-01,7.22649554e-03,48
1.275000,2.02934936e-01,-1.20220616e-01,-1.20220616e-01,0.00000000e+00,-1.20220616e-01,7.22649833e-03,48
1.279167,2.02434018e-01,-1.20220602e-01,-1.20220602e-01,0.00000000e+00,-1.20220602e-01,7.22649647e-03,48
1.283333,2.01933101e-01,-1.20220587e-01,-1.20220587e-01,0.00000000e+00,-1.20220587e-01,7.22649461e-03,48
1.287500,2.01432183e-01,-1.20220609e-01,-1.20220609e-01,0.00000000e+00,-1.20220609e-01,7.22649740e-03,48
1.291667,2.00931266e-01,-1.20220594e-01,-1.20220594e-01,0.00000000e+00,-1.20220594e-01,7.22649554e-03,48
1.295833,2.00430349e-01,-1.20220616e-01,-1.20220616e-01,0.00000000e+00,-1.20220616e-01,7.22649833e-03,48
1.300000,1.99929431e-01,-1.20220602e-01,-1.20220602e-01,0.00000000e+00,-1.20220602e-01,7.22649647e-03,48
1.304167,1.99378416e-01,-1.32242665e-01,-1.32242665e-01,0.00000000e+00,-1.32242665e-01,8.74406099e-03,48
1.308333,1.98789328e-01,-1.41379416e-01,-1.41379416e-01,0.00000000e+00,-1.41379416e-01,9.99407005e-03,48
1.312500,1.98171318e-01,-1.48323357e-01,-1.48323357e-01,0.00000000e+00,-1.48323357e-01,1.09999087e-02,48
1.316667,1.97531313e-01,-1.53600752e-01,-1.53600752e-01,0.00000000e+00,-1.53600752e-01,1.17965955e-02,48
1.320833,1.96874604e-01,-1.57611579e-01,-1.57611579e-01,0.00000000e+00,-1.57611579e-01,1.24207046e-02,48
1.325000,1.96205184e-01,-1.60659820e-01,-1.60659820e-01,0.00000000e+00,-1.60659820e-01,1.29057886e-02,48
1.329167,1.95526108e-01,-1.62976459e-01,-1.62976459e-01,0.00000000e+00,-1.62976459e-01,1.32806627e-02,48
1.333333,1.94839701e-01,-1.64737105e-01,-1.64737105e-01,0.00000000e+00,-1.64737105e-01,1.35691566e-02,48
1.337500,1.94147721e-01,-1.66075230e-01,-1.66075230e-01,0.00000000e+00,-1.66075230e-01,1.37904910e-02,48
1.341667,1.93451509e-01,-1.67092174e-01,-1.67092174e-01,0.00000000e+00,-1.67092174e-01,1.39598977e-02,48
1.345833,1.92752078e-01,-1.67865053e-01,-1.67865053e-01,0.00000000e+00,-1.67865053e-01,1.40893376e-02,48
1.350000,1.92050189e-01,-1.68452457e-01,-1.68452457e-01,0.00000000e+00,-1.68452457e-01,1.41881155e-02,48
1.354167,1.91346437e-01,-1.68898895e-01,-1.68898895e-01,0.00000000e+00,-1.68898895e-01,1.42634185e-02,48
1.358333,1.90641284e-01,-1.69238165e-01,-1.69238165e-01,0.00000000e+00,-1.69238165e-01,1.43207787e-02,48
1.362500,1.89935043e-01,-1.69496000e-01,-1.69496000e-01,0.00000000e+00,-1.69496000e-01,1.43644465e-02,48
1.366667,1.89227998e-01,-1.69691965e-01,-1.69691965e-01,0.00000000e+00,-1.69691965e-01,1.43976817e-02,48
1.370833,1.88520327e-01,-1.69840887e-01,-1.69840887e-01,0.00000000e+00,-1.69840887e-01,1.44229634e-02,48
1.375000,1.87812179e-01,-1.69954076e-01,-1.69954076e-01,0.00000000e+00,-1.69954076e-01,1.44421943e-02,48
1.379167,1.87103674e-01,-1.70040101e-01,-1.70040101e-01,0.00000000e+00,-1.70040101e-01,1.44568179e-02,48
1.383333,1.86394900e-01,-1.70105472e-01,-1.70105472e-01,0.00000000e+00,-1.70105472e-01,1.44679360e-02,48
1.387500,1.85685918e-01,-1.70155182e-01,-1.70155182e-01,0.00000000e+00,-1.70155182e-01,1.44763933e-02,48
1.391667,1.84976786e-01,-1.70192927e-01,-1.70192927e-01,0.00000000e+00,-1.70192927e-01,1.44828167e-02,48
1.395833,1.84267536e-01,-1.70221642e-01,-1.70221642e-01,0.00000000e+00,-1.70221642e-01,1.44877033e-02,48
1.400000,1.83558181e-01,-1.70243457e-01,-1.70243457e-01,0.00000000e+00,-1.70243457e-01,1.44914174e-02,48
1.404167,1.82848766e-01,-1.70260012e-01,-1.70260012e-01,0.00000000e+00,-1.70260012e-01,1.44942356e-02,48
1.408333,1.82139292e-01,-1.70272604e-01,-1.70272604e-01,0.00000000e+00,-1.70272604e-01,1.44963795e-02,48
1.412500,1.81429788e-01,-1.70282200e-01,-1.70282200e-01,0.00000000e+00,-1.70282200e-01,1.44980140e-02,48
1.416667,1.80720255e-01,-1.70289472e-01,-1.70289472e-01,0.00000000e+00,-1.70289472e-01,1.44992517e-02,48
1.420833,1.80010691e-01,-1.70295000e-01,-1.70295000e-01,0.00000000e+00,-1.70295000e-01,1.45001933e-02,48
1.425000,1.79301113e-01,-1.70299202e-01,-1.70299202e-01,0.00000000e+00,-1.70299202e-01,1.45009095e-02,48
1.429167,1.78591520e-01,-1.70302391e-01,-1.70302391e-01,0.00000000e+00,-1.70302391e-01,1.45014524e-02,48
1.433333,1.77881911e-01,-1.70304820e-01,-1.70304820e-01,0.00000000e+00,-1.70304820e-01,1.45018660e-02,48
1.437500,1.77172303e-01,-1.70306668e-01,-1.70306668e-01,0.00000000e+00,-1.70306668e-01,1.45021807e-02,48
1.441667,1.76462680e-01,-1.70308083e-01,-1.70308083e-01,0.00000000e+00,-1.70308083e-01,1.45024220e-02,48
1.445833,1.75753057e-01,-1.70309156e-01,-1.70309156e-01,0.00000000e+00,-1.70309156e-01,1.45026045e-02,48
1.450000,1.75043434e-01,-1.70309976e-01,-1.70309976e-01,0.00000000e+00,-1.70309976e-01,1.45027442e-02,48
1.454167,1.74333811e-01,-1.70310572e-01,-1.70310572e-01,0.00000000e+00,-1.70310572e-01,1.45028457e-02,48
1.458333,1.73624188e-01,-1.70311034e-01,-1.70311034e-01,0.00000000e+00,-1.70311034e-01,1.45029239e-02,48
1.462500,1.72914550e-01,-1.70311376e-01,-1.70311376e-01,0.00000000e+00,-1.70311376e-01,1.45029826e-02,48
1.466667,1.72204912e-01,-1.70311645e-01,-1.70311645e-01,0.00000000e+00,-1.70311645e-01,1.45030282e-02,48
1.470833,1.71495274e-01,-1.70311838e-01,-1.70311838e-01,0.00000000e+00,-1.70311838e-01,1.45030608e-02,48
1.475000,1.70785636e-01,-1.70311987e-01,-1.70311987e-01,0.00000000e+00,-1.70311987e-01,1.45030869e-02,48
1.479167,1.70075998e-01,-1.70312122e-01,-1.70312122e-01,0.00000000e+00,-1.70312122e-01,1.45031093e-02,48
1.483333,1.69366360e-01,-1.70312241e-01,-1.70312241e-01,0.00000000e+00,-1.70312241e-01,1.45031298e-02,48
1.487500,1.68656722e-01,-1.70312315e-01,-1.70312315e-01,0.00000000e+00,-1.70312315e-01,1.45031428e-02,48
1.491667,1.67947084e-01,-1.70312375e-01,-1.70312375e-01,0.00000000e+00,-1.70312375e-01,1.45031521e-02,48
1.495833,1.67237446e-01,-1.70312405e-01,-1.70312405e-01,0.00000000e+00,-1.70312405e-01,1.45031577e-02,48
1.500000,1.66527808e-01,-1.70312434e-01,-1.70312434e-01,0.00000000e+00,-1.70312434e-01,1.45031624e-02,48
1.504167,1.65818170e-01,-1.70312464e-01,-1.70312464e-01,0.00000000e+00,-1.70312464e-01,1.45031679e-02,48
1.508333,1.65108532e-01,-1.70312479e-01,-1.70312479e-01,0.00000000e+00,-1.70312479e-01,1.45031707e-02,48
1.512500,1.64398894e-01,-1.70312494e-01,-1.70312494e-01,0.00000000e+00,-1.70312494e-01,1.45031726e-02,48
1.516667,1.63689256e-01,-1.70312494e-01,-1.70312494e-01,0.00000000e+00,-1.70312494e-01,1.45031726e-02,48
1.520833,1.62979618e-01,-1.70312494e-01,-1.70312494e-01,0.00000000e+00,-1.70312494e-01,1.45031726e-02,48
1.525000,1.62269980e-01,-1.70312494e-01,-1.70312494e-01,0.00000000e+00,-1.70312494e-01,1.45031726e-02,48
1.529167,1.61560342e-01,-1.70312494e-01,-1.70312494e-01,0.00000000e+00,-1.70312494e-01,1.45031726e-02,48
1.533333,1.60850704e-01,-1.70312494e-01,-1.70312494e-01,0.00000000e+00,-1.70312494e-01,1.45031726e-02,48
1.537500,1.60141066e-01,-1.70312494e-01,-1.70312494e-01,0.00000000e+00,-1.70312494e-01,1.45031726e-02,48
1.541667,1.59431428e-01,-1.70312494e-01,-1.70312494e-01,0.00000000e+00,-1.70312494e-01,1.45031726e-02,48
1.545833,1.58721790e-01,-1.70312494e-01,-1.70312494e-01,0.00000000e+00,-1.70312494e-01,1.45031726e-02,48
1.550000,1.58012152e-01,-1.70312494e-01,-1.70312494e-01,0.00000000e+00,-1.70312494e-01,1.45031726e-02,48
1.554167,1.57302514e-01,-1.70312494e-01,-1.70312494e-01,0.00000000e+00,-1.70312494e-01,1.45031726e-02,48
1.558333,1.56592876e-01,-1.70312494e-01,-1.70312494e-01,0.00000000e+00,-1.70312494e-01,1.45031726e-02,48
1.562500,1.55883238e-01,-1.70312494e-01,-1.70312494e-01,0.00000000e+00,-1.70312494e-01,1.45031726e-02,48
1.566667,1.55173600e-01,-1.70312494e-01,-1.70312494e-01,0.00000000e+00,-1.70312494e-01,1.45031726e-02,48
1.570833,1.54463962e-01,-1.70312494e-01,-1.70312494e-01,0.00000000e+00,-1.70312494e-01,1.45031726e-02,48
1.575000,1.53754324e-01,-1.70312494e-01,-1.70312494e-01,0.00000000e+00,-1.70312494e-01,1.45031726e-02,48
1.579167,1.53044686e-01,-1.70312494e-01,-1.70312494e-01,0.00000000e+00,-1.70312494e-01,1.45031726e-02,48
1.583333,1.52335048e-01,-1.70312494e-01,-1.70312494e-01,0.00000000e+00,-1.70312494e-01,1.45031726e-02,48
1.587500,1.51625410e-01,-1.70312494e-01,-1.70312494e-01,0.00000000e+00,-1.70312494e-01,1.45031726e-02,48
1.591667,1.50915772e-01,-1.70312494e-01,-1.70312494e-01,0.00000000e+00,-1.70312494e-01,1.45031726e-02,48
1.595833,1.50206134e-01,-1.70312494e-01,-1.70312494e-01,0.00000000e+00,-1.70312494e-01,1.45031726e-02,48
1.600000,1.49496496e-01,-1.70312494e-01,-1.70312494e-01,0.00000000e+00,-1.70312494e-01,1.45031726e-02,48
1.604167,1.48786858e-01,-1.70312494e-01,-1.70312494e-01,0.00000000e+00,-1.70312494e-01,1.45031726e-02,48
1.608333,1.48077220e-01,-1.70312494e-01,-1.70312494e-01,0.00000000e+00,-1.70312494e-01,1.45031726e-02,48
1.612500,1.47367582e-01,-1.70312494e-01,-1.70312494e-01,0.00000000e+00,-1.70312494e-01,1.45031726e-02,48
1.616667,1.46657944e-01,-1.70312494e-01,-1.70312494e-01,0.00000000e+00,-1.70312494e-01,1.45031726e-02,48
1.620833,1.45948306e-01,-1.70312494e-01,-1.70312494e-01,0.00000000e+00,-1.70312494e-01,1.45031726e-02,48
1.625000,1.45238668e-01,-1.70312494e-01,-1.70312494e-01,0.00000000e+00,-1.70312494e-01,1.45031726e-02,48
1.629167,1.44529030e-01,-1.70312494e-01,-1.70312494e-01,0.00000000e+00,-1.70312494e-01,1.45031726e-02,48
1.633333,1.43819392e-01,-1.70312494e-01,-1.70312494e-01,0.00000000e+00,-1.70312494e-01,1.45031726e-02,48
1.637500,1.43109754e-01,-1.70312494e-01,-1.70312494e-01,0.00000000e+00,-1.70312494e-01,1.45031726e-02,48
1.641667,1.42400116e-01,-1.70312494e-01,-1.70312494e-01,0.00000000e+00,-1.70312494e-01,1.45031726e-02,48
1.645833,1.41690478e-01,-1.70312494e-01,-1.70312494e-01,0.00000000e+00,-1.70312494e-01,1.45031726e-02,48
1.650000,1.40980840e-01,-1.70312494e-01,-1.70312494e-01,0.00000000e+00,-1.70312494e-01,1.45031726e-02,48
1.654167,1.40271202e-01,-1.70312494e-01,-1.70312494e-01,0.00000000e+00,-1.70312494e-01,1.45031726e-02,48
1.658333,1.39561564e-01,-1.70312494e-01,-1.70312494e-01,0.00000000e+00,-1.70312494e-01,1.45031726e-02,48
1.662500,1.38851926e-01,-1.70312494e-01,-1.70312494e-01,0.00000000e+00,-1.70312494e-01,1.45031726e-02,48
1.666667,1.38142288e-01,-1.70312494e-01,-1.70312494e-01,0.00000000e+00,-1.70312494e-01,1.45031726e-02,48
1.670833,1.37432650e-01,-1.70312494e-01,-1.70312494e-01,0.00000000e+00,-1.70312494e-01,1.45031726e-02,48
1.675000,1.36723012e-01,-1.70312494e-01,-1.70312494e-01,0.00000000e+00,-1.70312494e-01,1.45031726e-02,48
1.679167,1.36013374e-01,-1.70312494e-01,-1.70312494e-01,0.00000000e+00,-1.70312494e-01,1.45031726e-02,48
1.683333,1.35303736e-01,-1.70312494e-01,-1.70312494e-01,0.00000000e+00,-1.70312494e-01,1.45031726e-02,48
1.687500,1.34594098e-01,-1.70312494e-01,-1.70312494e-01,0.00000000e+00,-1.70312494e-01,1.45031726e-02,48
1.691667,1.33884460e-01,-1.70312494e-01,-1.70312494e-01,0.00000000e+00,-1.70312494e-01,1.45031726e-02,48
1.695833,1.33174822e-01,-1.70312494e-01,-1.70312494e-01,0.00000000e+00,-1.70312494e-01,1.45031726e-02,48
1.700000,1.32465184e-01,-1.70312494e-01,-1.70312494e-01,0.00000000e+00,-1.70312494e-01,1.45031726e-02,48
1.704167,1.31755546e-01,-1.70312494e-01,-1.70312494e-01,0.00000000e+00,-1.70312494e-01,1.45031726e-02,48
1.708333,1.31045908e-01,-1.70312494e-01,-1.70312494e-01,0.00000000e+00,-1.70312494e-01,1.45031726e-02,48
1.712500,1.30336270e-01,-1.70312494e-01,-1.70312494e-01,0.00000000e+00,-1.70312494e-01,1.45031726e-02,48
1.716667,1.29626632e-01,-1.70312494e-01,-1.70312494e-01,0.00000000e+00,-1.70312494e-01,1.45031726e-02,48
1.720833,1.28916994e-01,-1.70312494e-01,-1.70312494e-01,0.00000000e+00,-1.70312494e-01,1.45031726e-02,48
1.725000,1.28207356e-01,-1.70312494e-01,-1.70312494e-01,0.00000000e+00,-1.70312494e-01,1.45031726e-02,48
1.729167,1.27497718e-01,-1.70312494e-01,-1.70312494e-01,0.00000000e+00,-1.70312494e-01,1.45031726e-02,48
1.733333,1.26788080e-01,-1.70312494e-01,-1.70312494e-01,0.00000000e+00,-1.70312494e-01,1.45031726e-02,48
1.737500,1.26078442e-01,-1.70312494e-01,-1.70312494e-01,0.00000000e+00,-1.70312494e-01,1.45031726e-02,48
1.741667,1.25368804e-01,-1.70312494e-01,-1.70312494e-01,0.00000000e+00,-1.70312494e-01,1.45031726e-02,48
1.745833,1.24659166e-01,-1.70312494e-01,-1.70312494e-01,0.00000000e+00,-1.70312494e-01,1.45031726e-02,48
1.750000,1.23949528e-01,-1.70312494e-01,-1.70312494e-01,0.00000000e+00,-1.70312494e-01,1.45031726e-02,48
1.754167,1.23239890e-01,-1.70312494e-01,-1.70312494e-01,0.00000000e+00,-1.70312494e-01,1.45031726e-02,48
1.758333,1.22530252e-01,-1.70312494e-01,-1.70312494e-01,0.00000000e+00,-1.70312494e-01,1.45031726e-02,48
1.762500,1.21820614e-01,-1.70312494e-01,-1.70312494e-01,0.00000000e+00,-1.70312494e-01,1.45031726e-02,48
1.766667,1.21110976e-01,-1.70312494e-01,-1.70312494e-01,0.00000000e+00,-1.70312494e-01,1.45031726e-02,48
1.770833,1.20401338e-01,-1.70312494e-01,-1.70312494e-01,0.00000000e+00,-1.70312494e-01,1.45031726e-02,48
1.775000,1.19691700e-01,-1.70312494e-01,-1.70312494e-01,0.00000000e+00,-1.70312494e-01,1.45031726e-02,48
1.779167,1.18982062e-01,-1.70312494e-01,-1.70312494e-01,0.00000000e+00,-1.70312494e-01,1.45031726e-02,48
1.783333,1.18272424e-01,-1.70312494e-01,-1.70312494e-01,0.00000000e+00,-1.70312494e-01,1.45031726e-02,48
1.787500,1.17562786e-01,-1.70312494e-01,-1.70312494e-01,0.00000000e+00,-1.70312494e-01,1.45031726e-02,48
1.791667,1.16853148e-01,-1.70312494e-01,-1.70312494e-01,0.00000000e+00,-1.70312494e-01,1.45031726e-02,48
1.795833,1.16143510e-01,-1.70312494e-01,-1.70312494e-01,0.00000000e+00,-1.70312494e-01,1.45031726e-02,48
1.800000,1.15433872e-01,-1.70312494e-01,-1.70312494e-01,0.00000000e+00,-1.70312494e-01,1.45031726e-02,48
1.804167,1.14724234e-01,-1.70312494e-01,-1.70312494e-01,0.00000000e+00,-1.70312494e-01,1.45031726e-02,48
1.808333,1.14014596e-01,-1.70312494e-01,-1.70312494e-01,0.00000000e+00,-1.70312494e-01,1.45031726e-02,48
1.812500,1.13304958e-01,-1.70312494e-01,-1.70312494e-01,0.00000000e+00,-1.70312494e-01,1.45031726e-02,48
1.816667,1.12595320e-01,-1.70312494e-01,-1.70312494e-01,0.00000000e+00,-1.70312494e-01,1.45031726e-02,48
1.820833,1.11885682e-01,-1.70312494e-01,-1.70312494e-01,0.00000000e+00,-1.70312494e-01,1.45031726e-02,48
1.825000,1.11176044e-01,-1.70312494e-01,-1.70312494e-01,0.00000000e+00,-1.70312494e-01,1.45031726e-02,48
1.829167,1.10466406e-01,-1.70312494e-01,-1.70312494e-01,0.00000000e+00,-1.70312494e-01,1.45031726e-02,48
1.833333,1.09756768e-01,-1.70312494e-01,-1.70312494e-01,0.00000000e+00,-1.70312494e-01,1.45031726e-02,48
1.837500,1.09047130e-01,-1.70312494e-01,-1.70312494e-01,0.00000000e+00,-1.70312494e-01,1.45031726e-02,48
1.841667,1.08337492e-01,-1.70312494e-01,-1.70312494e-01,0.00000000e+00,-1.70312494e-01,1.45031726e-02,48
1.845833,1.07627854e-01,-1.70312494e-01,-1.70312494e-01,0.00000000e+00,-1.70312494e-01,1.45031726e-02,48
1.850000,1.06918216e-01,-1.70312494e-01,-1.70312494e-01,0.00000000e+00,-1.70312494e-01,1.45031726e-02,48
1.854167,1.06208578e-01,-1.70312494e-01,-1.70312494e-01,0.00000000e+00,-1.70312494e-01,1.45031726e-02,48
1.858333,1.05498940e-01,-1.70312494e-01,-1.70312494e-01,0.00000000e+00,-1.70312494e-01,1.45031726e-02,48
1.862500,1.04789302e-01,-1.70312494e-01,-1.70312494e-01,0.00000000e+00,-1.70312494e-01,1.45031726e-02,48
1.866667,1.04079664e-01,-1.70312494e-01,-1.70312494e-01,0.00000000e+00,-1.70312494e-01,1.45031726e-02,48
1.870833,1.03370026e-01,-1.70312494e-01,-1.70312494e-01,0.00000000e+00,-1.70312494e-01,1.45031726e-02,48
1.875000,1.02660388e-01,-1.70312494e-01,-1.70312494e-01,0.00000000e+00,-1.70312494e-01,1.45031726e-02,48
1.879167,1.01950750e-01,-1.70312494e-01,-1.70312494e-01,0.00000000e+00,-1.70312494e-01,1.45031726e-02,48
1.883333,1.01241112e-01,-1.70312494e-01,-1.70312494e-01,0.00000000e+00,-1.70312494e-01,1.45031726e-02,48
1.887500,1.00531474e-01,-1.70312494e-01,-1.70312494e-01,0.00000000e+00,-1.70312494e-01,1.45031726e-02,48
1.891667,9.98218358e-02,-1.70312494e-01,-1.70312494e-01,0.00000000e+00,-1.70312494e-01,1.45031726e-02,48
1.895833,9.90412384e-02,-1.87343746e-01,-1.87343746e-01,0.00000000e+00,-1.87343746e-01,1.75488405e-02,48
1.900000,9.81996134e-02,-2.01990619e-01,-2.01990619e-01,0.00000000e+00,-2.01990619e-01,2.04001050e-02,48
1.904167,9.73054990e-02,-2.14586943e-01,-2.14586943e-01,0.00000000e+00,-2.14586943e-01,2.30237786e-02,48
1.908333,9.63662490e-02,-2.25419775e-01,-2.25419775e-01,0.00000000e+00,-2.25419775e-01,2.54070368e-02,48
1.912500,9.53881815e-02,-2.34736025e-01,-2.34736025e-01,0.00000000e+00,-2.34736025e-01,2.75504999e-02,48
1.916667,9.43767279e-02,-2.42747992e-01,-2.42747992e-01,0.00000000e+00,-2.42747992e-01,2.94632930e-02,48
1.920833,9.33365673e-02,-2.49638289e-01,-2.49638289e-01,0.00000000e+00,-2.49638289e-01,3.11596375e-02,48
1.925000,9.22717154e-02,-2.55563945e-01,-2.55563945e-01,0.00000000e+00,-2.55563945e-01,3.26564647e-02,48
1.929167,9.11856294e-02,-2.60659993e-01,-2.60659993e-01,0.00000000e+00,-2.60659993e-01,3.39718163e-02,48
1.933333,9.00812820e-02,-2.65042603e-01,-2.65042603e-01,0.00000000e+00,-2.65042603e-01,3.51237915e-02,48
1.937500,8.89612362e-02,-2.68811613e-01,-2.68811613e-01,0.00000000e+00,-2.68811613e-01,3.61298434e-02,48
1.941667,8.78276825e-02,-2.72052974e-01,-2.72052974e-01,0.00000000e+00,-2.72052974e-01,3.70064117e-02,48
1.945833,8.66825134e-02,-2.74840564e-01,-2.74840564e-01,0.00000000e+00,-2.74840564e-01,3.77686694e-02,48
1.950000,8.55273530e-02,-2.77237892e-01,-2.77237892e-01,0.00000000e+00,-2.77237892e-01,3.84304263e-02,48
1.954167,8.43636021e-02,-2.79299587e-01,-2.79299587e-01,0.00000000e+00,-2.79299587e-01,3.90041284e-02,48
1.958333,8.31924677e-02,-2.81072646e-01,-2.81072646e-01,0.00000000e+00,-2.81072646e-01,3.95009145e-02,48
1.962500,8.20149779e-02,-2.82597482e-01,-2.82597482e-01,0.00000000e+00,-2.82597482e-01,3.99306677e-02,48
1.966667,8.08320269e-02,-2.83908844e-01,-2.83908844e-01,0.00000000e+00,-2.83908844e-01,4.03021164e-02,48
1.970833,7.96443745e-02,-2.85036623e-01,-2.85036623e-01,0.00000000e+00,-2.85036623e-01,4.06229384e-02,48
1.975000,7.84526840e-02,-2.86006510e-01,-2.86006510e-01,0.00000000e+00,-2.86006510e-01,4.08998616e-02,48
1.979167,7.72575140e-02,-2.86840618e-01,-2.86840618e-01,0.00000000e+00,-2.86840618e-01,4.11387682e-02,48
1.983333,7.60593563e-02,-2.87557930e-01,-2.87557930e-01,0.00000000e+00,-2.87557930e-01,4.13447805e-02,48
1.987500,7.48586282e-02,-2.88174808e-01,-2.88174808e-01,0.00000000e+00,-2.88174808e-01,4.15223613e-02,48
1.991667,7.36556873e-02,-2.88705319e-01,-2.88705319e-01,0.00000000e+00,-2.88705319e-01,4.16753814e-02,48
1.995833,7.24508464e-02,-2.89161593e-01,-2.89161593e-01,0.00000000e+00,-2.89161593e-01,4.18072119e-02,48
2.000000,7.12443739e-02,-2.89553970e-01,-2.89553970e-01,0.00000000e+00,-2.89553970e-01,4.19207513e-02,48
2.004167,7.00364932e-02,-2.89891422e-01,-2.89891422e-01,0.00000000e+00,-2.89891422e-01,4.20185179e-02,48
2.008333,6.88274056e-02,-2.90181607e-01,-2.90181607e-01,0.00000000e+00,-2.90181607e-01,4.21026833e-02,48
2.012500,6.76172748e-02,-2.90431172e-01,-2.90431172e-01,0.00000000e+00,-2.90431172e-01,4.21751328e-02,48
2.016667,6.64062500e-02,-2.90645808e-01,-2.90645808e-01,0.00000000e+00,-2.90645808e-01,4.22374941e-02,48
2.020833,6.51944578e-02,-2.90830404e-01,-2.90830404e-01,0.00000000e+00,-2.90830404e-01,4.22911607e-02,48
2.025000,6.39820024e-02,-2.90989161e-01,-2.90989161e-01,0.00000000e+00,-2.90989161e-01,4.23373468e-02,48
2.029167,6.27689809e-02,-2.91125685e-01,-2.91125685e-01,0.00000000e+00,-2.91125685e-01,4.23770808e-02,48
2.033334,6.15554675e-02,-2.91243076e-01,-2.91243076e-01,0.00000000e+00,-2.91243076e-01,4.24112640e-02,48
2.037500,6.03415333e-02,-2.91344047e-01,-2.91344047e-01,0.00000000e+00,-2.91344047e-01,4.24406752e-02,48
2.041667,5.91272376e-02,-2.91430891e-01,-2.91430891e-01,0.00000000e+00,-2.91430891e-01,4.24659811e-02,48
2.045833,5.79126328e-02,-2.91505575e-01,-2.91505575e-01,0.00000000e+00,-2.91505575e-01,4.24877517e-02,48
2.050000,5.66977598e-02,-2.91569799e-01,-2.91569799e-01,0.00000000e+00,-2.91569799e-01,4.25064750e-02,48
2.054167,5.54826558e-02,-2.91625023e-01,-2.91625023e-01,0.00000000e+00,-2.91625023e-01,4.25225757e-02,48
2.058333,5.42673543e-02,-2.91672528e-01,-2.91672528e-01,0.00000000e+00,-2.91672528e-01,4.25364301e-02,48
2.062500,5.30518815e-02,-2.91713387e-01,-2.91713387e-01,0.00000000e+00,-2.91713387e-01,4.25483510e-02,48
2.066667,5.18362634e-02,-2.91748524e-01,-2.91748524e-01,0.00000000e+00,-2.91748524e-01,4.25585993e-02,48
2.070833,5.06205186e-02,-2.91778743e-01,-2.91778743e-01,0.00000000e+00,-2.91778743e-01,4.25674170e-02,48
2.075000,4.94046658e-02,-2.91804731e-01,-2.91804731e-01,0.00000000e+00,-2.91804731e-01,4.25750017e-02,48
2.079167,4.81887199e-02,-2.91827083e-01,-2.91827083e-01,0.00000000e+00,-2.91827083e-01,4.25815247e-02,32
2.083333,4.69726920e-02,-2.91846305e-01,-2.91846305e-01,0.00000000e+00,-2.91846305e-01,4.25871313e-02,32
2.087500,4.57565971e-02,-2.91862816e-01,-2.91862816e-01,0.00000000e+00,-2.91862816e-01,4.25919518e-02,32
2.091667,4.45404425e-02,-2.91877031e-01,-2.91877031e-01,0.00000000e+00,-2.91877031e-01,4.25961018e-02,32
2.095834,4.33242358e-02,-2.91889250e-01,-2.91889250e-01,0.00000000e+00,-2.91889250e-01,4.25996669e-02,32
2.100000,4.21079881e-02,-2.91899770e-01,-2.91899770e-01,0.00000000e+00,-2.91899770e-01,4.26027365e-02,32
2.104167,4.08917032e-02,-2.91908801e-01,-2.91908801e-01,0.00000000e+00,-2.91908801e-01,4.26053740e-02,32
2.108333,3.96753848e-02,-2.91916579e-01,-2.91916579e-01,0.00000000e+00,-2.91916579e-01,4.26076427e-02,32
2.112500,3.84590365e-02,-2.91923255e-01,-2.91923255e-01,0.00000000e+00,-2.91923255e-01,4.26095948e-02,32
2.116667,3.72426659e-02,-2.91929007e-01,-2.91929007e-01,0.00000000e+00,-2.91929007e-01,4.26112711e-02,32
2.120833,3.60262729e-02,-2.91933954e-01,-2.91933954e-01,0.00000000e+00,-2.91933954e-01,4.26127166e-02,32
2.125000,3.48098651e-02,-2.91938186e-01,-2.91938186e-01,0.00000000e+00,-2.91938186e-01,4.26139534e-02,32
2.129167,3.35934423e-02,-2.91941851e-01,-2.91941851e-01,0.00000000e+00,-2.91941851e-01,4.26150225e-02,32
2.133333,3.23770046e-02,-2.91944981e-01,-2.91944981e-01,0.00000000e+00,-2.91944981e-01,4.26159352e-02,32
2.137500,3.11605558e-02,-2.91947663e-01,-2.91947663e-01,0.00000000e+00,-2.91947663e-01,4.26167175e-02,32
2.141667,2.99440976e-02,-2.91950017e-01,-2.91950017e-01,0.00000000e+00,-2.91950017e-01,4.26174067e-02,32
2.145833,2.87276302e-02,-2.91952014e-01,-2.91952014e-01,0.00000000e+00,-2.91952014e-01,4.26179878e-02,32
2.150000,2.75111571e-02,-2.91953743e-01,-2.91953743e-01,0.00000000e+00,-2.91953743e-01,4.26184945e-02,32
2.154167,2.62946766e-02,-2.91955203e-01,-2.91955203e-01,0.00000000e+00,-2.91955203e-01,4.26189192e-02,32
2.158334,2.50781905e-02,-2.91956484e-01,-2.91956484e-01,0.00000000e+00,-2.91956484e-01,4.26192954e-02,32
2.162500,2.38617007e-02,-2.91957587e-01,-2.91957587e-01,0.00000000e+00,-2.91957587e-01,4.26196158e-02,32
2.166667,2.26452071e-02,-2.91958511e-01,-2.91958511e-01,0.00000000e+00,-2.91958511e-01,4.26198877e-02,32
2.170833,2.14287098e-02,-2.91959316e-01,-2.91959316e-01,0.00000000e+00,-2.91959316e-01,4.26201224e-02,32
2.175000,2.02122107e-02,-2.91960001e-01,-2.91960001e-01,0.00000000e+00,-2.91960001e-01,4.26203199e-02,32
2.179167,1.89957079e-02,-2.91960597e-01,-2.91960597e-01,0.00000000e+00,-2.91960597e-01,4.26204950e-02,32
2.183333,1.77792031e-02,-2.91961133e-01,-2.91961133e-01,0.00000000e+00,-2.91961133e-01,4.26206514e-02,32
2.187500,1.65626965e-02,-2.91961581e-01,-2.91961581e-01,0.00000000e+00,-2.91961581e-01,4.26207818e-02,32
2.191667,1.53461881e-02,-2.91961968e-01,-2.91961968e-01,0.00000000e+00,-2.91961968e-01,4.26208936e-02,32
2.195833,1.41296787e-02,-2.91962296e-01,-2.91962296e-01,0.00000000e+00,-2.91962296e-01,4.26209904e-02,32
2.200000,1.29131675e-02,-2.91962564e-01,-2.91962564e-01,0.00000000e+00,-2.91962564e-01,4.26210687e-02,32
2.204167,1.16966553e-02,-2.91962802e-01,-2.91962802e-01,0.00000000e+00,-2.91962802e-01,4.26211394e-02,32
2.208333,1.04801431e-02,-2.91963011e-01,-2.91963011e-01,0.00000000e+00,-2.91963011e-01,4.26211990e-02,32
2.212500,9.26363003e-03,-2.91963190e-01,-2.91963190e-01,0.00000000e+00,-2.91963190e-01,4.26212512e-02,32
2.216667,8.04711599e-03,-2.91963339e-01,-2.91963339e-01,0.00000000e+00,-2.91963339e-01,4.26212959e-02,32
2.220834,6.83060149e-03,-2.91963458e-01,-2.91963458e-01,0.00000000e+00,-2.91963458e-01,4.26213294e-02,32
2.225000,5.61408652e-03,-2.91963577e-01,-2.91963577e-01,0.00000000e+00,-2.91963577e-01,4.26213667e-02,32
2.229167,4.39757109e-03,-2.91963696e-01,-2.91963696e-01,0.00000000e+00,-2.91963696e-01,4.26214002e-02,32
2.233333,3.18105519e-03,-2.91963786e-01,-2.91963786e-01,0.00000000e+00,-2.91963786e-01,4.26214263e-02,32
2.237500,1.96453882e-03,-2.91963875e-01,-2.91963875e-01,0.00000000e+00,-2.91963875e-01,4.26214524e-02,32
2.241667,7.48022343e-04,-2.91963935e-01,-2.91963935e-01,0.00000000e+00,-2.91963935e-01,4.26214710e-02,32
2.245833,-4.68494371e-04,-2.91963995e-01,-2.91963995e-01,0.00000000e+00,-2.91963995e-01,4.26214859e-02,32
2.250000,-1.78233255e-03,-3.15321147e-01,-3.15321147e-01,0.00000000e+00,-3.15321147e-01,4.97137122e-02,32
2.254167,-3.18765291e-03,-3.37276876e-01,-3.37276876e-01,0.00000000e+00,-3.37276876e-01,5.68778440e-02,32
2.258333,-4.67896648e-03,-3.57915282e-01,-3.57915282e-01,0.00000000e+00,-3.57915282e-01,6.40516728e-02,32
2.262500,-6.25111395e-03,-3.77315372e-01,-3.77315372e-01,0.00000000e+00,-3.77315372e-01,7.11834431e-02,32
2.266667,-7.89924525e-03,-3.95551443e-01,-3.95551443e-01,0.00000000e+00,-3.95551443e-01,7.82304704e-02,32
2.270833,-9.61880106e-03,-4.12693352e-01,-4.12693352e-01,0.00000000e+00,-4.12693352e-01,8.51579010e-02,32
2.275000,-1.14054959e-02,-4.28806752e-01,-4.28806752e-01,0.00000000e+00,-4.28806752e-01,9.19376165e-02,32
2.279167,-1.32553019e-02,-4.43953335e-01,-4.43953335e-01,0.00000000e+00,-4.43953335e-01,9.85472798e-02,32
2.283334,-1.51644321e-02,-4.58191156e-01,-4.58191156e-01,0.00000000e+00,-4.58191156e-01,1.04969569e-01,32
2.287500,-1.71293262e-02,-4.71574694e-01,-4.71574694e-01,0.00000000e+00,-4.71574694e-01,1.11191347e-01,32
2.291667,-1.91466399e-02,-4.84155208e-01,-4.84155208e-01,0.00000000e+00,-4.84155208e-01,1.17203131e-01,32
2.295833,-2.12132279e-02,-4.95980918e-01,-4.95980918e-01,0.00000000e+00,-4.95980918e-01,1.22998536e-01,32
2.300000,-2.33261324e-02,-5.07097065e-01,-5.07097065e-01,0.00000000e+00,-5.07097065e-01,1.28573716e-01,32
2.304167,-2.54825745e-02,-5.17546237e-01,-5.17546237e-01,0.00000000e+00,-5.17546237e-01,1.33927047e-01,32
2.308333,-2.76799425e-02,-5.27368486e-01,-5.27368486e-01,0.00000000e+00,-5.27368486e-01,1.39058754e-01,32
2.312500,-2.99157817e-02,-5.36601365e-01,-5.36601365e-01,0.00000000e+00,-5.36601365e-01,1.43970519e-01,32
2.316667,-3.21877822e-02,-5.45280278e-01,-5.45280278e-01,0.00000000e+00,-5.45280278e-01,1.48665294e-01,32
2.320833,-3.44937742e-02,-5.53438485e-01,-5.53438485e-01,0.00000000e+00,-5.53438485e-01,1.53147072e-01,32
2.325000,-3.68317217e-02,-5.61107159e-01,-5.61107159e-01,0.00000000e+00,-5.61107159e-01,1.57420620e-01,32
2.329167,-3.91997024e-02,-5.68315744e-01,-5.68315744e-01,0.00000000e+00,-5.68315744e-01,1.61491394e-01,32
2.333333,-4.15959172e-02,-5.75091779e-01,-5.75091779e-01,0.00000000e+00,-5.75091779e-01,1.65365279e-01,32
2.337500,-4.40186709e-02,-5.81461251e-01,-5.81461251e-01,0.00000000e+00,-5.81461251e-01,1.69048592e-01,32
2.341667,-4.64663729e-02,-5.87448597e-01,-5.87448597e-01,0.00000000e+00,-5.87448597e-01,1.72547922e-01,32
2.345834,-4.89375256e-02,-5.93076706e-01,-5.93076706e-01,0.00000000e+00,-5.93076706e-01,1.75869986e-01,32
2.350000,-5.14307208e-02,-5.98367095e-01,-5.98367095e-01,0.00000000e+00,-5.98367095e-01,1.79021597e-01,32
2.354167,-5.39446399e-02,-6.03340089e-01,-6.03340089e-01,0.00000000e+00,-6.03340089e-01,1.82009637e-01,16
2.358333,-5.64780347e-02,-6.08014703e-01,-6.08014703e-01,0.00000000e+00,-6.08014703e-01,1.84840932e-01,16
2.362500,-5.90297394e-02,-6.12408817e-01,-6.12408817e-01,0.00000000e+00,-6.12408817e-01,1.87522277e-01,16
2.366667,-6.15986548e-02,-6.16539299e-01,-6.16539299e-01,0.00000000e+00,-6.16539299e-01,1.90060347e-01,16
2.370833,-6.41837493e-02,-6.20421946e-01,-6.20421946e-01,0.00000000e+00,-6.20421946e-01,1.92461699e-01,16
2.375000,-6.67840466e-02,-6.24071658e-01,-6.24071658e-01,0.00000000e+00,-6.24071658e-01,1.94732711e-01,16
2.379167,-6.93986416e-02,-6.27502382e-01,-6.27502382e-01,0.00000000e+00,-6.27502382e-01,1.96879625e-01,16
2.383333,-7.20266700e-02,-6.30727232e-01,-6.30727232e-01,0.00000000e+00,-6.30727232e-01,1.98908418e-01,16
2.387500,-7.46673346e-02,-6.33758605e-01,-6.33758605e-01,0.00000000e+00,-6.33758605e-01,2.00824991e-01,16
2.391667,-7.73198679e-02,-6.36608064e-01,-6.36608064e-01,0.00000000e+00,-6.36608064e-01,2.02634916e-01,16
2.395833,-7.99835622e-02,-6.39286578e-01,-6.39286578e-01,0.00000000e+00,-6.39286578e-01,2.04343662e-01,16
2.400000,-8.26577470e-02,-6.41804397e-01,-6.41804397e-01,0.00000000e+00,-6.41804397e-01,2.05956444e-01,16
2.404167,-8.53417963e-02,-6.44171119e-01,-6.44171119e-01,0.00000000e+00,-6.44171119e-01,2.07478210e-01,16
2.408334,-8.80351141e-02,-6.46395862e-01,-6.46395862e-01,0.00000000e+00,-6.46395862e-01,2.08913803e-01,16
2.412500,-9.07371417e-02,-6.48487091e-01,-6.48487091e-01,0.00000000e+00,-6.48487091e-01,2.10267752e-01,16
2.416667,-9.34473649e-02,-6.50452852e-01,-6.50452852e-01,0.00000000e+00,-6.50452852e-01,2.11544454e-01,16
2.420833,-9.61652845e-02,-6.52300715e-01,-6.52300715e-01,0.00000000e+00,-6.52300715e-01,2.12748110e-01,16
2.425000,-9.88904387e-02,-6.54037654e-01,-6.54037654e-01,0.00000000e+00,-6.54037654e-01,2.13882625e-01,16
2.429167,-1.01622403e-01,-6.55670404e-01,-6.55670404e-01,0.00000000e+00,-6.55670404e-01,2.14951843e-01,16
2.433333,-1.04524672e-01,-6.96545422e-01,-6.96545422e-01,0.00000000e+00,-6.96545422e-01,2.42587760e-01,16
2.437500,-1.07597254e-01,-7.37420440e-01,-7.37420440e-01,0.00000000e+00,-7.37420440e-01,2.71894455e-01,16
2.441667,-1.10840149e-01,-7.78295457e-01,-7.78295457e-01,0.00000000e+00,-7.78295457e-01,3.02871913e-01,16
2.445833,-1.14253357e-01,-8.19170475e-01,-8.19170475e-01,0.00000000e+00,-8.19170475e-01,3.35520148e-01,16
2.450000,-1.17836878e-01,-8.60045493e-01,-8.60045493e-01,0.00000000e+00,-8.60045493e-01,3.69839132e-01,16
2.454167,-1.21590711e-01,-9.00920510e-01,-9.00920510e-01,0.00000000e+00,-9.00920510e-01,4.05828893e-01,16
2.458333,-1.25514865e-01,-9.41795528e-01,-9.41795528e-01,0.00000000e+00,-9.41795528e-01,4.43489403e-01,16
2.462500,-1.29609331e-01,-9.82670546e-01,-9.82670546e-01,0.00000000e+00,-9.82670546e-01,4.82820690e-01,16
2.466667,-1.33874103e-01,-1.02354550e+00,-1.02354550e+00,0.00000000e+00,-1.02354550e+00,5.23822725e-01,16
2.470834,-1.38309196e-01,-1.06442046e+00,-1.06442046e+00,0.00000000e+00,-1.06442046e+00,5.66495478e-01,16
2.475000,-1.42914593e-01,-1.10529542e+00,-1.10529542e+00,0.00000000e+00,-1.10529542e+00,6.10839009e-01,16
2.479167,-1.47690296e-01,-1.14617038e+00,-1.14617038e+00,0.00000000e+00,-1.14617038e+00,6.56853259e-01,16
2.483333,-1.52636319e-01,-1.18704534e+00,-1.18704534e+00,0.00000000e+00,-1.18704534e+00,7.04538286e-01,16
2.487500,-1.57752648e-01,-1.22792029e+00,-1.22792029e+00,0.00000000e+00,-1.22792029e+00,7.53894150e-01,0
2.491667,-1.63039297e-01,-1.26879525e+00,-1.26879525e+00,0.00000000e+00,-1.26879525e+00,8.04920673e-01,0
2.495833,-1.68496251e-01,-1.30967021e+00,-1.30967021e+00,0.00000000e+00,-1.30967021e+00,8.57618034e-01,0
2.500000,-1.74123526e-01,-1.35054517e+00,-1.35054517e+00,0.00000000e+00,-1.35054517e+00,9.11986113e-01,0
2.504167,-1.79921106e-01,-1.39142013e+00,-1.39142013e+00,0.00000000e+00,-1.39142013e+00,9.68024969e-01,0
2.508333,-1.85889006e-01,-1.43229508e+00,-1.43229508e+00,0.00000000e+00,-1.43229508e+00,1.02573466e+00,0
2.512500,-1.92027211e-01,-1.47317004e+00,-1.47317004e+00,0.00000000e+00,-1.47317004e+00,1.08511496e+00,0
2.516667,-1.98335737e-01,-1.51404500e+00,-1.51404500e+00,0.00000000e+00,-1.51404500e+00,1.14616609e+00,0
2.520833,-2.04814568e-01,-1.55491996e+00,-1.55491996e+00,0.00000000e+00,-1.55491996e+00,1.20888805e+00,0
2.525000,-2.11463720e-01,-1.59579492e+00,-1.59579492e+00,0.00000000e+00,-1.59579492e+00,1.27328074e+00,0
2.529167,-2.18283176e-01,-1.63666987e+00,-1.63666987e+00,0.00000000e+00,-1.63666987e+00,1.33934414e+00,0
2.533334,-2.25272954e-01,-1.67754483e+00,-1.67754483e+00,0.00000000e+00,-1.67754483e+00,1.40707839e+00,0
2.537500,-2.32433036e-01,-1.71841979e+00,-1.71841979e+00,0.00000000e+00,-1.71841979e+00,1.47648335e+00,0
2.541667,-2.39763439e-01,-1.75929475e+00,-1.75929475e+00,0.00000000e+00,-1.75929475e+00,1.54755902e+00,0
2.545833,-2.47264147e-01,-1.80016971e+00,-1.80016971e+00,0.00000000e+00,-1.80016971e+00,1.62030554e+00,0
2.550000,-2.54935175e-01,-1.84104466e+00,-1.84104466e+00,0.00000000e+00,-1.84104466e+00,1.69472277e+00,0
2.554167,-2.62776494e-01,-1.88191962e+00,-1.88191962e+00,0.00000000e+00,-1.88191962e+00,1.77081072e+00,0
2.558333,-2.70788133e-01,-1.92279458e+00,-1.92279458e+00,0.00000000e+00,-1.92279458e+00,1.84856951e+00,0
2.562500,-2.78970093e-01,-1.96366954e+00,-1.96366954e+00,0.00000000e+00,-1.96366954e+00,1.92799902e+00,0
2.566667,-2.87322372e-01,-2.00454450e+00,-2.00454450e+00,0.00000000e+00,-2.00454450e+00,2.00909925e+00,0
2.570833,-2.95844942e-01,-2.04541945e+00,-2.04541945e+00,0.00000000e+00,-2.04541945e+00,2.09187031e+00,0
2.575000,-3.04537833e-01,-2.08629441e+00,-2.08629441e+00,0.00000000e+00,-2.08629441e+00,2.17631221e+00,0
2.579167,-3.13401043e-01,-2.12716937e+00,-2.12716937e+00,0.00000000e+00,-2.12716937e+00,2.26242471e+00,0
2.583333,-3.22434574e-01,-2.16804433e+00,-2.16804433e+00,0.00000000e+00,-2.16804433e+00,2.35020804e+00,0
2.587500,-3.31638396e-01,-2.20891929e+00,-2.20891929e+00,0.00000000e+00,-2.20891929e+00,2.43966222e+00,0
2.591667,-3.41012537e-01,-2.24979424e+00,-2.24979424e+00,0.00000000e+00,-2.24979424e+00,2.53078699e+00,0
2.595834,-3.50556999e-01,-2.29066920e+00,-2.29066920e+00,0.00000000e+00,-2.29066920e+00,2.62358260e+00,0
2.600000,-3.60271782e-01,-2.33154416e+00,-2.33154416e+00,0.00000000e+00,-2.33154416e+00,2.71804905e+00,0
2.604167,-3.70156854e-01,-2.37241912e+00,-2.37241912e+00,0.00000000e+00,-2.37241912e+00,2.81418633e+00,0
2.608334,-3.80212247e-01,-2.41329408e+00,-2.41329408e+00,0.00000000e+00,-2.41329408e+00,2.91199422e+00,0
2.612500,-3.90437961e-01,-2.45416903e+00,-2.45416903e+00,0.00000000e+00,-2.45416903e+00,3.01147294e+00,0
2.616667,-4.00833964e-01,-2.49504399e+00,-2.49504399e+00,0.00000000e+00,-2.49504399e+00,3.11262226e+00,0
2.620833,-4.11400288e-01,-2.53591895e+00,-2.53591895e+00,0.00000000e+00,-2.53591895e+00,3.21544242e+00,0
2.625000,-4.22136933e-01,-2.57679391e+00,-2.57679391e+00,0.00000000e+00,-2.57679391e+00,3.31993341e+00,0
2.629167,-4.33043897e-01,-2.61766887e+00,-2.61766887e+00,0.00000000e+00,-2.61766887e+00,3.42609525e+00,0
2.633333,-4.44121152e-01,-2.65854383e+00,-2.65854383e+00,0.00000000e+00,-2.65854383e+00,3.53392768e+00,0
2.637500,-4.55368727e-01,-2.69941878e+00,-2.69941878e+00,0.00000000e+00,-2.69941878e+00,3.64343095e+00,0
2.641667,-4.66786623e-01,-2.74029374e+00,-2.74029374e+00,0.00000000e+00,-2.74029374e+00,3.75460482e+00,0
2.645833,-4.78374839e-01,-2.78116870e+00,-2.78116870e+00,0.00000000e+00,-2.78116870e+00,3.86744976e+00,0
2.650000,-4.90133345e-01,-2.82204366e+00,-2.82204366e+00,0.00000000e+00,-2.82204366e+00,3.98196530e+00,0
2.654167,-5.02062201e-01,-2.86291862e+00,-2.86291862e+00,0.00000000e+00,-2.86291862e+00,4.09815168e+00,0
2.658334,-5.14161348e-01,-2.90379357e+00,-2.90379357e+00,0.00000000e+00,-2.90379357e+00,4.21600866e+00,0
2.662500,-5.26430786e-01,-2.94466853e+00,-2.94466853e+00,0.00000000e+00,-2.94466853e+00,4.33553648e+00,0
2.666667,-5.38870573e-01,-2.98554349e+00,-2.98554349e+00,0.00000000e+00,-2.98554349e+00,4.45673513e+00,0
2.670834,-5.51480651e-01,-3.02641845e+00,-3.02641845e+00,0.00000000e+00,-3.02641845e+00,4.57960415e+00,0
2.675000,-5.64261019e-01,-3.06729341e+00,-3.06729341e+00,0.00000000e+00,-3.06729341e+00,4.70414448e+00,0
2.679167,-5.77211738e-01,-3.10816836e+00,-3.10816836e+00,0.00000000e+00,-3.10816836e+00,4.83035517e+00,0
2.683333,-5.90332747e-01,-3.14904332e+00,-3.14904332e+00,0.00000000e+00,-3.14904332e+00,4.95823669e+00,0
2.687500,-6.03624046e-01,-3.18991828e+00,-3.18991828e+00,0.00000000e+00,-3.18991828e+00,5.08778954e+00,0
2.691667,-6.17085695e-01,-3.23079324e+00,-3.23079324e+00,0.00000000e+00,-3.23079324e+00,5.21901226e+00,0
2.695833,-6.30717635e-01,-3.27166820e+00,-3.27166820e+00,0.00000000e+00,-3.27166820e+00,5.35190630e+00,0
2.700000,-6.44519925e-01,-3.31254315e+00,-3.31254315e+00,0.00000000e+00,-3.31254315e+00,5.48647118e+00,0
2.704167,-6.58492506e-01,-3.35341811e+00,-3.35341811e+00,0.00000000e+00,-3.35341811e+00,5.62270641e+00,0
2.708333,-6.72635376e-01,-3.39429307e+00,-3.39429307e+00,0.00000000e+00,-3.39429307e+00,5.76061249e+00,0
2.712500,-6.86948597e-01,-3.43516803e+00,-3.43516803e+00,0.00000000e+00,-3.43516803e+00,5.90018988e+00,0
2.716667,-7.01432109e-01,-3.47604299e+00,-3.47604299e+00,0.00000000e+00,-3.47604299e+00,6.04143763e+00,0
2.720834,-7.16085911e-01,-3.51691794e+00,-3.51691794e+00,0.00000000e+00,-3.51691794e+00,6.18435574e+00,0
2.725000,-7.30910063e-01,-3.55779290e+00,-3.55779290e+00,0.00000000e+00,-3.55779290e+00,6.32894516e+00,0
2.729167,-7.45904505e-01,-3.59866786e+00,-3.59866786e+00,0.00000000e+00,-3.59866786e+00,6.47520542e+00,0
2.733334,-7.61069298e-01,-3.63954282e+00,-3.63954282e+00,0.00000000e+00,-3.63954282e+00,6.62313604e+00,0
2.737500,-7.76404381e-01,-3.68041778e+00,-3.68041778e+00,0.00000000e+00,-3.68041778e+00,6.77273750e+00,0
2.741667,-7.91909754e-01,-3.72129273e+00,-3.72129273e+00,0.00000000e+00,-3.72129273e+00,6.92400980e+00,0
2.745833,-8.07585478e-01,-3.76216769e+00,-3.76216769e+00,0.00000000e+00,-3.76216769e+00,7.07695293e+00,0
2.750000,-8.23431492e-01,-3.80304265e+00,-3.80304265e+00,0.00000000e+00,-3.80304265e+00,7.23156691e+00,0
2.754167,-8.39447796e-01,-3.84391761e+00,-3.84391761e+00,0.00000000e+00,-3.84391761e+00,7.38785124e+00,0
2.758333,-8.55634451e-01,-3.88479257e+00,-3.88479257e+00,0.00000000e+00,-3.88479257e+00,7.54580641e+00,0
2.762500,-8.71991396e-01,-3.92566752e+00,-3.92566752e+00,0.00000000e+00,-3.92566752e+00,7.70543289e+00,0
2.766667,-8.88518631e-01,-3.96654248e+00,-3.96654248e+00,0.00000000e+00,-3.96654248e+00,7.86672974e+00,0
2.770833,-9.05216217e-01,-4.00741768e+00,-4.00741768e+00,0.00000000e+00,-4.00741768e+00,8.02969837e+00,0
2.775000,-9.22084093e-01,-4.04829264e+00,-4.04829264e+00,0.00000000e+00,-4.04829264e+00,8.19433689e+00,0
2.779167,-9.39122319e-01,-4.08916759e+00,-4.08916759e+00,0.00000000e+00,-4.08916759e+00,8.36064625e+00,0
2.783334,-9.56330836e-01,-4.13004255e+00,-4.13004255e+00,0.00000000e+00,-4.13004255e+00,8.52862549e+00,0
2.787500,-9.73709643e-01,-4.17091751e+00,-4.17091751e+00,0.00000000e+00,-4.17091751e+00,8.69827652e+00,0
2.791667,-9.91258800e-01,-4.21179247e+00,-4.21179247e+00,0.00000000e+00,-4.21179247e+00,8.86959743e+00,0
2.795834,-1.00897825e+00,-4.25266743e+00,-4.25266743e+00,0.00000000e+00,-4.25266743e+00,9.04259014e+00,0
2.800000,-1.02686799e+00,-4.29354239e+00,-4.29354239e+00,0.00000000e+00,-4.29354239e+00,9.21725273e+00,0
2.804167,-1.04492807e+00,-4.33441734e+00,-4.33441734e+00,0.00000000e+00,-4.33441734e+00,9.39358711e+00,0
2.808333,-1.06315851e+00,-4.37529230e+00,-4.37529230e+00,0.00000000e+00,-4.37529230e+00,9.57159138e+00,0
2.812500,-1.08155918e+00,-4.41616726e+00,-4.41616726e+00,0.00000000e+00,-4.41616726e+00,9.75126648e+00,0
2.816667,-1.10013020e+00,-4.45704222e+00,-4.45704222e+00,0.00000000e+00,-4.45704222e+00,9.93261242e+00,0
2.820833,-1.11887157e+00,-4.49791718e+00,-4.49791718e+00,0.00000000e+00,-4.49791718e+00,1.01156292e+01,0
2.825000,-1.13778317e+00,-4.53879213e+00,-4.53879213e+00,0.00000000e+00,-4.53879213e+00,1.03003168e+01,0
2.829167,-1.15686512e+00,-4.57966709e+00,-4.57966709e+00,0.00000000e+00,-4.57966709e+00,1.04866753e+01,0
2.833333,-1.17611742e+00,-4.62054205e+00,-4.62054205e+00,0.00000000e+00,-4.62054205e+00,1.06747046e+01,0
2.837500,-1.19553995e+00,-4.66141701e+00,-4.66141701e+00,0.00000000e+00,-4.66141701e+00,1.08644047e+01,0
2.841667,-1.21513283e+00,-4.70229197e+00,-4.70229197e+00,0.00000000e+00,-4.70229197e+00,1.10557747e+01,0
2.845834,-1.23489606e+00,-4.74316692e+00,-4.74316692e+00,0.00000000e+00,-4.74316692e+00,1.12488165e+01,0
2.850000,-1.25482953e+00,-4.78404188e+00,-4.78404188e+00,0.00000000e+00,-4.78404188e+00,1.14435282e+01,0
2.854167,-1.27493334e+00,-4.82491684e+00,-4.82491684e+00,0.00000000e+00,-4.82491684e+00,1.16399117e+01,0
2.858334,-1.29520750e+00,-4.86579180e+00,-4.86579180e+00,0.00000000e+00,-4.86579180e+00,1.18379650e+01,0
2.862500,-1.31565189e+00,-4.90666676e+00,-4.90666676e+00,0.00000000e+00,-4.90666676e+00,1.20376892e+01,0
2.866667,-1.33626664e+00,-4.94754171e+00,-4.94754171e+00,0.00000000e+00,-4.94754171e+00,1.22390842e+01,0
2.870833,-1.35705173e+00,-4.98841667e+00,-4.98841667e+00,0.00000000e+00,-4.98841667e+00,1.24421501e+01,0
2.875000,-1.37800717e+00,-5.02929163e+00,-5.02929163e+00,0.00000000e+00,-5.02929163e+00,1.26468868e+01,0
2.879167,-1.39913285e+00,-5.07016659e+00,-5.07016659e+00,0.00000000e+00,-5.07016659e+00,1.28532944e+01,0
2.883333,-1.42042887e+00,-5.11104155e+00,-5.11104155e+00,0.00000000e+00,-5.11104155e+00,1.30613728e+01,0
2.887500,-1.44189525e+00,-5.15191650e+00,-5.15191650e+00,0.00000000e+00,-5.15191650e+00,1.32711220e+01,0
2.891667,-1.46353185e+00,-5.19279146e+00,-5.19279146e+00,0.00000000e+00,-5.19279146e+00,1.34825420e+01,0
2.895833,-1.48533881e+00,-5.23366642e+00,-5.23366642e+00,0.00000000e+00,-5.23366642e+00,1.36956320e+01,0
2.900000,-1.50731611e+00,-5.27454138e+00,-5.27454138e+00,0.00000000e+00,-5.27454138e+00,1.39103937e+01,0
2.904167,-1.52946365e+00,-5.31541634e+00,-5.31541634e+00,0.00000000e+00,-5.31541634e+00,1.41268253e+01,0
2.908334,-1.55178154e+00,-5.35629129e+00,-5.35629129e+00,0.00000000e+00,-5.35629129e+00,1.43449278e+01,0
2.912500,-1.57426977e+00,-5.39716625e+00,-5.39716625e+00,0.00000000e+00,-5.39716625e+00,1.45647020e+01,0
2.916667,-1.59692824e+00,-5.43804121e+00,-5.43804121e+00,0.00000000e+00,-5.43804121e+00,1.47861462e+01,0
2.920834,-1.61975706e+00,-5.47891617e+00,-5.47891617e+00,0.00000000e+00,-5.47891617e+00,1.50092611e+01,0
2.925000,-1.64275622e+00,-5.51979113e+00,-5.51979113e+00,0.00000000e+00,-5.51979113e+00,1.52340469e+01,0
2.929167,-1.66592562e+00,-5.56066608e+00,-5.56066608e+00,0.00000000e+00,-5.56066608e+00,1.54605036e+01,0
2.933333,-1.68926537e+00,-5.60154104e+00,-5.60154104e+00,0.00000000e+00,-5.60154104e+00,1.56886311e+01,0
2.937500,-1.71277547e+00,-5.64241600e+00,-5.64241600e+00,0.00000000e+00,-5.64241600e+00,1.59184294e+01,0
2.941667,-1.73645580e+00,-5.68329096e+00,-5.68329096e+00,0.00000000e+00,-5.68329096e+00,1.61498985e+01,0
2.945833,-1.76030648e+00,-5.72416592e+00,-5.72416592e+00,0.00000000e+00,-5.72416592e+00,1.63830376e+01,0
2.950000,-1.78432751e+00,-5.76504087e+00,-5.76504087e+00,0.00000000e+00,-5.76504087e+00,1.66178474e+01,0
2.954167,-1.80851877e+00,-5.80591583e+00,-5.80591583e+00,0.00000000e+00,-5.80591583e+00,1.68543301e+01,0
2.958333,-1.83288038e+00,-5.84679079e+00,-5.84679079e+00,0.00000000e+00,-5.84679079e+00,1.70924816e+01,0
2.962500,-1.85741234e+00,-5.88766575e+00,-5.88766575e+00,0.00000000e+00,-5.88766575e+00,1.73323040e+01,0
2.966667,-1.88211465e+00,-5.92854071e+00,-5.92854071e+00,0.00000000e+00,-5.92854071e+00,1.75737972e+01,0
2.970834,-1.90698719e+00,-5.96941566e+00,-5.96941566e+00,0.00000000e+00,-5.96941566e+00,1.78169613e+01,0
2.975000,-1.93203008e+00,-6.01029062e+00,-6.01029062e+00,0.00000000e+00,-6.01029062e+00,1.80617962e+01,0
2.979167,-1.95724332e+00,-6.05116558e+00,-6.05116558e+00,0.00000000e+00,-6.05116558e+00,1.83083019e+01,0
2.983334,-1.98262680e+00,-6.09204054e+00,-6.09204054e+00,0.00000000e+00,-6.09204054e+00,1.85564785e+01,0
2.987500,-2.00818062e+00,-6.13291550e+00,-6.13291550e+00,0.00000000e+00,-6.13291550e+00,1.88063259e+01,0
2.991667,-2.03390479e+00,-6.17379045e+00,-6.17379045e+00,0.00000000e+00,-6.17379045e+00,1.90578442e+01,0
2.995833,-2.05979919e+00,-6.21466541e+00,-6.21466541e+00,0.00000000e+00,-6.21466541e+00,1.93110332e+01,0
3.000000,-2.08586407e+00,-6.25554037e+00,-6.25554037e+00,0.00000000e+00,-6.25554037e+00,1.95658932e+01,0
