t,angle_deg,KE,PE,E_total
0.004167,-9.75778233e-03,8.35313345e-04,-1.67069631e-03,-8.35382962e-04
0.008333,-1.96152460e-02,8.64770322e-04,-3.35845980e-03,-2.49368954e-03
0.012500,-2.95524485e-02,9.06177680e-04,-5.05987648e-03,-4.15369868e-03
0.016667,-3.95534374e-02,9.50722839e-04,-6.77221455e-03,-5.82149159e-03
0.020833,-4.96057048e-02,9.93719092e-04,-8.49333219e-03,-7.49961287e-03
0.025000,-5.96987754e-02,1.03275047e-03,-1.02214366e-02,-9.18868650e-03
0.029167,-6.98244125e-02,1.06695038e-03,-1.19551169e-02,-1.08881667e-02
0.033333,-7.99762607e-02,1.09626586e-03,-1.36932870e-02,-1.25970207e-02
0.037500,-9.01488587e-02,1.12089049e-03,-1.54350074e-02,-1.43141169e-02
0.041667,-1.00338385e-01,1.14145211e-03,-1.71796270e-02,-1.60381757e-02
0.045833,-1.10541470e-01,1.15841115e-03,-1.89265702e-02,-1.77681595e-02
0.050000,-1.20755158e-01,1.17223710e-03,-2.06753258e-02,-1.95030887e-02
0.054167,-1.30977362e-01,1.18351914e-03,-2.24255417e-02,-2.12420225e-02
0.058333,-1.41206518e-01,1.19270384e-03,-2.41769478e-02,-2.29842439e-02
0.062500,-1.51441216e-01,1.20013638e-03,-2.59293038e-02,-2.47291680e-02
0.066667,-1.61680356e-01,1.20612909e-03,-2.76824143e-02,-2.64762845e-02
0.070833,-1.71923086e-01,1.21097185e-03,-2.94361413e-02,-2.82251686e-02
0.075000,-1.82168677e-01,1.21486920e-03,-3.11903581e-02,-2.99754888e-02
0.079167,-1.92416593e-01,1.21801416e-03,-3.29449773e-02,-3.17269638e-02
0.083333,-2.02666238e-01,1.22049602e-03,-3.46998870e-02,-3.34793925e-02
0.087500,-2.12917373e-01,1.22251757e-03,-3.64550538e-02,-3.52325365e-02
0.091667,-2.23169714e-01,1.22414413e-03,-3.82104218e-02,-3.69862765e-02
0.095833,-2.33422920e-01,1.22542679e-03,-3.99659462e-02,-3.87405194e-02
0.100000,-2.43677065e-01,1.22650503e-03,-4.17216197e-02,-4.04951163e-02
0.104167,-2.53931910e-01,1.22735824e-03,-4.34774160e-02,-4.22500595e-02
0.108333,-2.64187098e-01,1.22800074e-03,-4.52332757e-02,-4.40052748e-02
0.112500,-2.74442852e-01,1.22857071e-03,-4.69892286e-02,-4.57606576e-02
0.116667,-2.84699053e-01,1.22903008e-03,-4.87452522e-02,-4.75162230e-02
0.120833,-2.94955283e-01,1.22932112e-03,-5.05012833e-02,-4.92719635e-02
0.125000,-3.05211812e-01,1.22961414e-03,-5.22573628e-02,-5.10277487e-02
0.129167,-3.15468669e-01,1.22988247e-03,-5.40135019e-02,-5.27836196e-02
0.133333,-3.25725704e-01,1.23007118e-03,-5.57696670e-02,-5.45395948e-02
0.137500,-3.35982889e-01,1.23021728e-03,-5.75258546e-02,-5.62956370e-02
0.141667,-3.46240014e-01,1.23029912e-03,-5.92820346e-02,-5.80517352e-02
0.145833,-3.56497377e-01,1.23042846e-03,-6.10382520e-02,-5.98078221e-02
0.150000,-3.66754800e-01,1.23050553e-03,-6.27944767e-02,-6.15639724e-02
0.154167,-3.77012432e-01,1.23060029e-03,-6.45507425e-02,-6.33201450e-02
0.158333,-3.87269944e-01,1.23061123e-03,-6.63069785e-02,-6.50763661e-02
0.162500,-3.97527456e-01,1.23064686e-03,-6.80632219e-02,-6.68325722e-02
0.166667,-4.07785326e-01,1.23075303e-03,-6.98195100e-02,-6.85887560e-02
0.170833,-4.18042868e-01,1.23069796e-03,-7.15757534e-02,-7.03450590e-02
0.175000,-4.28300798e-01,1.23079261e-03,-7.33320564e-02,-7.21012652e-02
0.179167,-4.38558489e-01,1.23076641e-03,-7.50883222e-02,-7.38575533e-02
0.183333,-4.48816419e-01,1.23081438e-03,-7.68446103e-02,-7.56137967e-02
0.187500,-4.59074408e-01,1.23085850e-03,-7.86009282e-02,-7.73700699e-02
0.191667,-4.69332278e-01,1.23082905e-03,-8.03572088e-02,-7.91263804e-02
0.195833,-4.79590386e-01,1.23090355e-03,-8.21135417e-02,-8.08826387e-02
0.200000,-4.89848733e-01,1.23094360e-03,-8.38698968e-02,-8.26389566e-02
0.204167,-5.00106871e-01,1.23090949e-03,-8.56262296e-02,-8.43953192e-02
0.208333,-5.10365188e-01,1.23094092e-03,-8.73825774e-02,-8.61516371e-02
0.212500,-5.20623386e-01,1.23094069e-03,-8.91389176e-02,-8.79079774e-02
0.216667,-5.30881822e-01,1.23098108e-03,-9.08952802e-02,-8.96643028e-02
0.220833,-5.41140079e-01,1.23094162e-03,-9.26516205e-02,-9.14206803e-02
0.225000,-5.51398337e-01,1.23093673e-03,-9.44079533e-02,-9.31770131e-02
0.229167,-5.61656892e-01,1.23101159e-03,-9.61643234e-02,-9.49333087e-02
0.233333,-5.71915209e-01,1.23097212e-03,-9.79206786e-02,-9.66897085e-02
0.237500,-5.82173765e-01,1.23100867e-03,-9.96770412e-02,-9.84460339e-02
0.241667,-5.92432141e-01,1.23099890e-03,-1.01433396e-01,-1.00202397e-01
0.245833,-6.02690816e-01,1.23103335e-03,-1.03189781e-01,-1.01958752e-01
0.250000,-6.12949371e-01,1.23103126e-03,-1.04946159e-01,-1.03715129e-01
0.254167,-6.23208046e-01,1.23102858e-03,-1.06702536e-01,-1.05471507e-01
0.258333,-6.33466542e-01,1.23102160e-03,-1.08458899e-01,-1.07227877e-01
0.262500,-6.43725276e-01,1.23105641e-03,-1.10215284e-01,-1.08984224e-01
0.266667,-6.53984070e-01,1.23109121e-03,-1.11971691e-01,-1.10740602e-01
0.270833,-6.64242744e-01,1.23105431e-03,-1.13728069e-01,-1.12497017e-01
0.275000,-6.74501538e-01,1.23107666e-03,-1.15484454e-01,-1.14253379e-01
0.279167,-6.84760273e-01,1.23107643e-03,-1.17240839e-01,-1.16009764e-01
0.283333,-6.95019364e-01,1.23114767e-03,-1.18997268e-01,-1.17766120e-01
0.287500,-7.05278218e-01,1.23110868e-03,-1.20753668e-01,-1.19522557e-01
0.291667,-7.15537250e-01,1.23113452e-03,-1.22510083e-01,-1.21278949e-01
0.295833,-7.25796402e-01,1.23116805e-03,-1.24266520e-01,-1.23035349e-01
0.300000,-7.36055374e-01,1.23112858e-03,-1.26022920e-01,-1.24791794e-01
0.304167,-7.46314585e-01,1.23119564e-03,-1.27779379e-01,-1.26548186e-01
0.308333,-7.56573558e-01,1.23111682e-03,-1.29535764e-01,-1.28304645e-01
0.312500,-7.66832590e-01,1.23115187e-03,-1.31292164e-01,-1.30061015e-01
0.316667,-7.77091980e-01,1.23122276e-03,-1.33048624e-01,-1.31817400e-01
0.320833,-7.87351310e-01,1.23121589e-03,-1.34805083e-01,-1.33573860e-01
0.325000,-7.97610700e-01,1.23124092e-03,-1.36561543e-01,-1.35330305e-01
0.329167,-8.07870030e-01,1.23120518e-03,-1.38317972e-01,-1.37086764e-01
0.333333,-8.18129301e-01,1.23120099e-03,-1.40074387e-01,-1.38843179e-01
0.337500,-8.28388810e-01,1.23126421e-03,-1.41830862e-01,-1.40599594e-01
0.341667,-8.38648200e-01,1.23122567e-03,-1.43587291e-01,-1.42356068e-01
0.345833,-8.48907709e-01,1.23125943e-03,-1.45343736e-01,-1.44112483e-01
0.350000,-8.59167218e-01,1.23125629e-03,-1.47100180e-01,-1.45868927e-01
0.354167,-8.69426608e-01,1.23124325e-03,-1.48856610e-01,-1.47625372e-01
0.358333,-8.79686236e-01,1.23127969e-03,-1.50613070e-01,-1.49381787e-01
0.362500,-8.89945805e-01,1.23127352e-03,-1.52369514e-01,-1.51138246e-01
0.366667,-9.00205374e-01,1.23127154e-03,-1.54125959e-01,-1.52894691e-01
0.370833,-9.10464883e-01,1.23125850e-03,-1.55882388e-01,-1.54651135e-01
0.375000,-9.20724690e-01,1.23132975e-03,-1.57638863e-01,-1.56407535e-01
0.379167,-9.30984139e-01,1.23128819e-03,-1.59395292e-01,-1.58164009e-01
0.383333,-9.41243827e-01,1.23127562e-03,-1.61151722e-01,-1.59920439e-01
0.387500,-9.51503515e-01,1.23131229e-03,-1.62908167e-01,-1.61676854e-01
0.391667,-9.61763442e-01,1.23134581e-03,-1.64664641e-01,-1.63433298e-01
0.395833,-9.72023249e-01,1.23133347e-03,-1.66421086e-01,-1.65189758e-01
0.400000,-9.82283056e-01,1.23133021e-03,-1.68177530e-01,-1.66946203e-01
0.404167,-9.92543042e-01,1.23136246e-03,-1.69934005e-01,-1.68702647e-01
0.408333,-1.00280297e+00,1.23135967e-03,-1.71690449e-01,-1.70459092e-01
0.412500,-1.01306307e+00,1.23142428e-03,-1.73446938e-01,-1.72215521e-01
0.416667,-1.02332318e+00,1.23142079e-03,-1.75203413e-01,-1.73971996e-01
0.420833,-1.03358305e+00,1.23138377e-03,-1.76959872e-01,-1.75728485e-01
0.425000,-1.04384327e+00,1.23143825e-03,-1.78716347e-01,-1.77484915e-01
0.429167,-1.05410337e+00,1.23142824e-03,-1.80472821e-01,-1.79241389e-01
0.433333,-1.06436372e+00,1.23146235e-03,-1.82229310e-01,-1.80997849e-01
0.437500,-1.07462382e+00,1.23142451e-03,-1.83985770e-01,-1.82754338e-01
0.441667,-1.08488405e+00,1.23144989e-03,-1.85742244e-01,-1.84510797e-01
0.445833,-1.09514463e+00,1.23149191e-03,-1.87498748e-01,-1.86267257e-01
0.450000,-1.10540497e+00,1.23148097e-03,-1.89255223e-01,-1.88023746e-01
0.454167,-1.11566532e+00,1.23146723e-03,-1.91011697e-01,-1.89780235e-01
0.458333,-1.12592554e+00,1.23145757e-03,-1.92768142e-01,-1.91536680e-01
0.462500,-1.13618588e+00,1.23145164e-03,-1.94524601e-01,-1.93293154e-01
0.466667,-1.14644635e+00,1.23148982e-03,-1.96281061e-01,-1.95049569e-01
0.470833,-1.15670693e+00,1.23155769e-03,-1.98037565e-01,-1.96806014e-01
0.475000,-1.16696763e+00,1.23155350e-03,-1.99794069e-01,-1.98562518e-01
0.479167,-1.17722821e+00,1.23154803e-03,-2.01550558e-01,-2.00319007e-01
0.483333,-1.18748868e+00,1.23149157e-03,-2.03307003e-01,-2.02075511e-01
0.487500,-1.19774950e+00,1.23155874e-03,-2.05063492e-01,-2.03831926e-01
0.491667,-1.20801008e+00,1.23155373e-03,-2.06819966e-01,-2.05588415e-01
0.495833,-1.21827090e+00,1.23158214e-03,-2.08576456e-01,-2.07344875e-01
0.500000,-1.22853148e+00,1.23154919e-03,-2.10332900e-01,-2.09101349e-01
0.504167,-1.23879218e+00,1.23154547e-03,-2.12089360e-01,-2.10857809e-01
0.508333,-1.24905300e+00,1.23161147e-03,-2.13845849e-01,-2.12614238e-01
0.512500,-1.25931382e+00,1.23156304e-03,-2.15602294e-01,-2.14370728e-01
0.516667,-1.26957464e+00,1.23158435e-03,-2.17358753e-01,-2.16127172e-01
0.520833,-1.27983534e+00,1.23157969e-03,-2.19115213e-01,-2.17883632e-01
0.525000,-1.29009628e+00,1.23161112e-03,-2.20871672e-01,-2.19640061e-01
0.529167,-1.30035734e+00,1.23164698e-03,-2.22628161e-01,-2.21396521e-01
0.533333,-1.31061828e+00,1.23159913e-03,-2.24384606e-01,-2.23153010e-01
0.537500,-1.32087910e+00,1.23159308e-03,-2.26141036e-01,-2.24909440e-01
0.541667,-1.33114004e+00,1.23162195e-03,-2.27897480e-01,-2.26665854e-01
0.545833,-1.34140098e+00,1.23164931e-03,-2.29653940e-01,-2.28422284e-01
0.550000,-1.35166216e+00,1.23163674e-03,-2.31410384e-01,-2.30178744e-01
0.554167,-1.36192310e+00,1.23164046e-03,-2.33166814e-01,-2.31935173e-01
0.558333,-1.37218428e+00,1.23166130e-03,-2.34923258e-01,-2.33691603e-01
0.562500,-1.38244522e+00,1.23162428e-03,-2.36679673e-01,-2.35448048e-01
0.566667,-1.39270639e+00,1.23168982e-03,-2.38436133e-01,-2.37204447e-01
0.570833,-1.40296781e+00,1.23173057e-03,-2.40192592e-01,-2.38960862e-01
0.575000,-1.41322887e+00,1.23166700e-03,-2.41949007e-01,-2.40717337e-01
0.579167,-1.42349005e+00,1.23169273e-03,-2.43705437e-01,-2.42473751e-01
0.583333,-1.43375134e+00,1.23169029e-03,-2.45461866e-01,-2.44230181e-01
0.587500,-1.44401276e+00,1.23172917e-03,-2.47218311e-01,-2.45986581e-01
0.591667,-1.45427418e+00,1.23175641e-03,-2.48974770e-01,-2.47743011e-01
0.595833,-1.46453547e+00,1.23171345e-03,-2.50731170e-01,-2.49499455e-01
0.600000,-1.47479677e+00,1.23171497e-03,-2.52487570e-01,-2.51255870e-01
0.604167,-1.48505819e+00,1.23173511e-03,-2.54243970e-01,-2.53012240e-01
0.608333,-1.49531972e+00,1.23176223e-03,-2.56000400e-01,-2.54768640e-01
0.612500,-1.50558114e+00,1.23174675e-03,-2.57756829e-01,-2.56525069e-01
0.616667,-1.51584268e+00,1.23174745e-03,-2.59513229e-01,-2.58281469e-01
0.620833,-1.52610421e+00,1.23177690e-03,-2.61269629e-01,-2.60037839e-01
0.625000,-1.53636575e+00,1.23176922e-03,-2.63026029e-01,-2.61794269e-01
0.629167,-1.54662728e+00,1.23176398e-03,-2.64782429e-01,-2.63550669e-01
0.633333,-1.55688882e+00,1.23175140e-03,-2.66538799e-01,-2.65307039e-01
0.637500,-1.56715035e+00,1.23177783e-03,-2.68295169e-01,-2.67063379e-01
0.641667,-1.57741177e+00,1.23176060e-03,-2.70051539e-01,-2.68819779e-01
0.645833,-1.58767354e+00,1.23184780e-03,-2.71807939e-01,-2.70576090e-01
0.650000,-1.59793508e+00,1.23175932e-03,-2.73564279e-01,-2.72332519e-01
0.654167,-1.60819650e+00,1.23179809e-03,-2.75320649e-01,-2.74088860e-01
0.658333,-1.61845815e+00,1.23178447e-03,-2.77076989e-01,-2.75845200e-01
0.662500,-1.62872005e+00,1.23183778e-03,-2.78833359e-01,-2.77601510e-01
0.666667,-1.63898170e+00,1.23179459e-03,-2.80589700e-01,-2.79357910e-01
0.670833,-1.64924347e+00,1.23182766e-03,-2.82346040e-01,-2.81114221e-01
0.675000,-1.65950513e+00,1.23182172e-03,-2.84102380e-01,-2.82870561e-01
0.679167,-1.66976702e+00,1.23185758e-03,-2.85858721e-01,-2.84626871e-01
0.683333,-1.68002903e+00,1.23188761e-03,-2.87615091e-01,-2.86383212e-01
0.687500,-1.69029081e+00,1.23184291e-03,-2.89371401e-01,-2.88139552e-01
0.691667,-1.70055258e+00,1.23182056e-03,-2.91127712e-01,-2.89895892e-01
0.695833,-1.71081436e+00,1.23184687e-03,-2.92884022e-01,-2.91652173e-01
0.700000,-1.72107637e+00,1.23188435e-03,-2.94640332e-01,-2.93408453e-01
0.704167,-1.73133814e+00,1.23184279e-03,-2.96396613e-01,-2.95164764e-01
0.708333,-1.74160016e+00,1.23190635e-03,-2.98152924e-01,-2.96921015e-01
0.712500,-1.75186217e+00,1.23186689e-03,-2.99909234e-01,-2.98677355e-01
0.716667,-1.76212430e+00,1.23189646e-03,-3.01665515e-01,-3.00433606e-01
0.720833,-1.77238607e+00,1.23187387e-03,-3.03421795e-01,-3.02189916e-01
0.725000,-1.78264809e+00,1.23187399e-03,-3.05178046e-01,-3.03946167e-01
0.729167,-1.79291022e+00,1.23190682e-03,-3.06934327e-01,-3.05702418e-01
0.733333,-1.80317247e+00,1.23196770e-03,-3.08690637e-01,-3.07458669e-01
0.737500,-1.81343484e+00,1.23196945e-03,-3.10446978e-01,-3.09215009e-01
0.741667,-1.82369721e+00,1.23195781e-03,-3.12203258e-01,-3.10971290e-01
0.745833,-1.83395934e+00,1.23191997e-03,-3.13959509e-01,-3.12727600e-01
0.750000,-1.84422159e+00,1.23194535e-03,-3.15715730e-01,-3.14483792e-01
0.754167,-1.85448372e+00,1.23196619e-03,-3.17471981e-01,-3.16240013e-01
0.758333,-1.86474609e+00,1.23196538e-03,-3.19228232e-01,-3.17996264e-01
0.762500,-1.87500799e+00,1.23191066e-03,-3.20984453e-01,-3.19752544e-01
0.766667,-1.88527060e+00,1.23198517e-03,-3.22740704e-01,-3.21508706e-01
0.770833,-1.89553273e+00,1.23197399e-03,-3.24496925e-01,-3.23264956e-01
0.775000,-1.90579522e+00,1.23200705e-03,-3.26253146e-01,-3.25021148e-01
0.779167,-1.91605759e+00,1.23196188e-03,-3.28009367e-01,-3.26777399e-01
0.783333,-1.92631972e+00,1.23196316e-03,-3.29765558e-01,-3.28533590e-01
0.787500,-1.93658209e+00,1.23194116e-03,-3.31521720e-01,-3.30289781e-01
0.791667,-1.94684446e+00,1.23196270e-03,-3.33277881e-01,-3.32045913e-01
0.795833,-1.95710707e+00,1.23203977e-03,-3.35034102e-01,-3.33802074e-01
0.800000,-1.96736944e+00,1.23202463e-03,-3.36790293e-01,-3.35558265e-01
0.804167,-1.97763205e+00,1.23203697e-03,-3.38546455e-01,-3.37314427e-01
0.808333,-1.98789430e+00,1.23197224e-03,-3.40302587e-01,-3.39070618e-01
0.812500,-1.99815691e+00,1.23204547e-03,-3.42058778e-01,-3.40826720e-01
0.816667,-2.00841951e+00,1.23202952e-03,-3.43814909e-01,-3.42582881e-01
0.820833,-2.01868200e+00,1.23204652e-03,-3.45571041e-01,-3.44338983e-01
0.825000,-2.02894473e+00,1.23202184e-03,-3.47327173e-01,-3.46095145e-01
0.829167,-2.03920722e+00,1.23207457e-03,-3.49083334e-01,-3.47851247e-01
0.833333,-2.04946995e+00,1.23208400e-03,-3.50839466e-01,-3.49607378e-01
0.837500,-2.05973268e+00,1.23202649e-03,-3.52595568e-01,-3.51363540e-01
0.841667,-2.06999516e+00,1.23206852e-03,-3.54351670e-01,-3.53119612e-01
0.845833,-2.08025765e+00,1.23205606e-03,-3.56107771e-01,-3.54875714e-01
0.850000,-2.09052038e+00,1.23203010e-03,-3.57863843e-01,-3.56631815e-01
0.854167,-2.10078311e+00,1.23207644e-03,-3.59619945e-01,-3.58387858e-01
0.858333,-2.11104584e+00,1.23204943e-03,-3.61375988e-01,-3.60143930e-01
0.862500,-2.12130857e+00,1.23206107e-03,-3.63132060e-01,-3.61900002e-01
0.866667,-2.13157129e+00,1.23204081e-03,-3.64888102e-01,-3.63656074e-01
0.870833,-2.14183402e+00,1.23212440e-03,-3.66644144e-01,-3.65412027e-01
0.875000,-2.15209675e+00,1.23206421e-03,-3.68400186e-01,-3.67168128e-01
0.879167,-2.16235948e+00,1.23206084e-03,-3.70156169e-01,-3.68924111e-01
0.883333,-2.17262244e+00,1.23210356e-03,-3.71912211e-01,-3.70680094e-01
0.887500,-2.18288469e+00,1.23204803e-03,-3.73668164e-01,-3.72436106e-01
0.891667,-2.19314766e+00,1.23212824e-03,-3.75424176e-01,-3.74192059e-01
0.895833,-2.20341086e+00,1.23214733e-03,-3.77180219e-01,-3.75948071e-01
0.900000,-2.21367359e+00,1.23206503e-03,-3.78936172e-01,-3.77704114e-01
0.904167,-2.22393656e+00,1.23214419e-03,-3.80692154e-01,-3.79460007e-01
0.908333,-2.23419929e+00,1.23212195e-03,-3.82448107e-01,-3.81215990e-01
0.912500,-2.24446225e+00,1.23211928e-03,-3.84204090e-01,-3.82971972e-01
0.916667,-2.25472498e+00,1.23214698e-03,-3.85960042e-01,-3.84727895e-01
0.920833,-2.26498818e+00,1.23215944e-03,-3.87715995e-01,-3.86483848e-01
0.925000,-2.27525115e+00,1.23212719e-03,-3.89471918e-01,-3.88239801e-01
0.929167,-2.28551412e+00,1.23213744e-03,-3.91227812e-01,-3.89995664e-01
0.933333,-2.29577684e+00,1.23211928e-03,-3.92983705e-01,-3.91751587e-01
0.937500,-2.30603957e+00,1.23213942e-03,-3.94739598e-01,-3.93507451e-01
0.941667,-2.31630301e+00,1.23218074e-03,-3.96495521e-01,-3.95263344e-01
0.945833,-2.32656598e+00,1.23217271e-03,-3.98251384e-01,-3.97019207e-01
0.950000,-2.33682919e+00,1.23216573e-03,-4.00007278e-01,-3.98775101e-01
0.954167,-2.34709215e+00,1.23215793e-03,-4.01763111e-01,-4.00530964e-01
0.958333,-2.35735488e+00,1.23212265e-03,-4.03518915e-01,-4.02286798e-01
0.962500,-2.36761808e+00,1.23217865e-03,-4.05274779e-01,-4.04042602e-01
0.966667,-2.37788081e+00,1.23213173e-03,-4.07030582e-01,-4.05798465e-01
0.970833,-2.38814354e+00,1.23213604e-03,-4.08786356e-01,-4.07554209e-01
0.975000,-2.39840674e+00,1.23215141e-03,-4.10542130e-01,-4.09309983e-01
0.979167,-2.40866995e+00,1.23220519e-03,-4.12297934e-01,-4.11065727e-01
0.983333,-2.41893291e+00,1.23217085e-03,-4.14053708e-01,-4.12821531e-01
0.987500,-2.42919612e+00,1.23217120e-03,-4.15809482e-01,-4.14577305e-01
0.991667,-2.43945932e+00,1.23221078e-03,-4.17565256e-01,-4.16333050e-01
0.995833,-2.44972253e+00,1.23222976e-03,-4.19321030e-01,-4.18088794e-01
1.000000,-2.45998597e+00,1.23222556e-03,-4.21076804e-01,-4.19844568e-01
1.004167,-2.47024918e+00,1.23220810e-03,-4.22832549e-01,-4.21600342e-01
1.008333,-2.48051238e+00,1.23224431e-03,-4.24588263e-01,-4.23356026e-01
1.012500,-2.49077559e+00,1.23219960e-03,-4.26343977e-01,-4.25111771e-01
1.016667,-2.50103855e+00,1.23218703e-03,-4.28099632e-01,-4.26867455e-01
1.020833,-2.51130152e+00,1.23218913e-03,-4.29855287e-01,-4.28623110e-01
1.025000,-2.52156472e+00,1.23220193e-03,-4.31610972e-01,-4.30378765e-01
1.029167,-2.53182817e+00,1.23222626e-03,-4.33366627e-01,-4.32134390e-01
1.033333,-2.54209113e+00,1.23219984e-03,-4.35122252e-01,-4.33890045e-01
1.037500,-2.55235434e+00,1.23221427e-03,-4.36877877e-01,-4.35645670e-01
1.041667,-2.56261754e+00,1.23226515e-03,-4.38633531e-01,-4.37401265e-01
1.045833,-2.57288074e+00,1.23220985e-03,-4.40389127e-01,-4.39156920e-01
1.050000,-2.58314419e+00,1.23226154e-03,-4.42144752e-01,-4.40912485e-01
1.054167,-2.59340763e+00,1.23223779e-03,-4.43900347e-01,-4.42668110e-01
1.058333,-2.60367107e+00,1.23224384e-03,-4.45655942e-01,-4.44423705e-01
1.062500,-2.61393404e+00,1.23223278e-03,-4.47411478e-01,-4.46179241e-01
1.066667,-2.62419724e+00,1.23220647e-03,-4.49167013e-01,-4.47934806e-01
1.070833,-2.63446069e+00,1.23225595e-03,-4.50922549e-01,-4.49690282e-01
1.075000,-2.64472365e+00,1.23220612e-03,-4.52678055e-01,-4.51445848e-01
1.079167,-2.65498710e+00,1.23220601e-03,-4.54433531e-01,-4.53201324e-01
1.083333,-2.66525030e+00,1.23222475e-03,-4.56189007e-01,-4.54956770e-01
1.087500,-2.67551351e+00,1.23225409e-03,-4.57944483e-01,-4.56712216e-01
1.091667,-2.68577671e+00,1.23221753e-03,-4.59699929e-01,-4.58467722e-01
1.095833,-2.69603992e+00,1.23219972e-03,-4.61455375e-01,-4.60223168e-01
1.100000,-2.70630336e+00,1.23224908e-03,-4.63210821e-01,-4.61978585e-01
1.104167,-2.71656680e+00,1.23227271e-03,-4.64966267e-01,-4.63734001e-01
1.108333,-2.72683001e+00,1.23226317e-03,-4.66721714e-01,-4.65489447e-01
1.112500,-2.73709345e+00,1.23226957e-03,-4.68477100e-01,-4.67244834e-01
1.116667,-2.74735665e+00,1.23220461e-03,-4.70232487e-01,-4.69000280e-01
1.120833,-2.75762010e+00,1.23224442e-03,-4.71987844e-01,-4.70755607e-01
1.125000,-2.76788306e+00,1.23223511e-03,-4.73743200e-01,-4.72510964e-01
1.129167,-2.77814674e+00,1.23229087e-03,-4.75498557e-01,-4.74266261e-01
1.133333,-2.78841043e+00,1.23230659e-03,-4.77253914e-01,-4.76021618e-01
1.137500,-2.79867387e+00,1.23225909e-03,-4.79009271e-01,-4.77777004e-01
1.141667,-2.80893731e+00,1.23226980e-03,-4.80764568e-01,-4.79532301e-01
1.145833,-2.81920075e+00,1.23227807e-03,-4.82519865e-01,-4.81287599e-01
1.150000,-2.82946396e+00,1.23225362e-03,-4.84275132e-01,-4.83042866e-01
1.154167,-2.83972740e+00,1.23227865e-03,-4.86030370e-01,-4.84798104e-01
1.158333,-2.84999132e+00,1.23233651e-03,-4.87785667e-01,-4.86553341e-01
1.162500,-2.86025453e+00,1.23222789e-03,-4.89540905e-01,-4.88308668e-01
1.166667,-2.87051797e+00,1.23229565e-03,-4.91296113e-01,-4.90063816e-01
1.170833,-2.88078141e+00,1.23226142e-03,-4.93051320e-01,-4.91819054e-01
1.175000,-2.89104462e+00,1.23228901e-03,-4.94806498e-01,-4.93574202e-01
1.179167,-2.90130806e+00,1.23229949e-03,-4.96561676e-01,-4.95329380e-01
1.183333,-2.91157150e+00,1.23227271e-03,-4.98316854e-01,-4.97084588e-01
1.187500,-2.92183495e+00,1.23226410e-03,-5.00072002e-01,-4.98839736e-01
1.191667,-2.93209815e+00,1.23227225e-03,-5.01827121e-01,-5.00594854e-01
1.195833,-2.94236159e+00,1.23229111e-03,-5.03582239e-01,-5.02349973e-01
1.200000,-2.95262504e+00,1.23229960e-03,-5.05337358e-01,-5.04105031e-01
1.204167,-2.96288848e+00,1.23228226e-03,-5.07092416e-01,-5.05860150e-01
1.208333,-2.97315192e+00,1.23229646e-03,-5.08847475e-01,-5.07615149e-01
1.212500,-2.98341537e+00,1.23227958e-03,-5.10602534e-01,-5.09370267e-01
1.216667,-2.99367881e+00,1.23229669e-03,-5.12357593e-01,-5.11125267e-01
1.220833,-3.00394225e+00,1.23227364e-03,-5.14112592e-01,-5.12880325e-01
1.225000,-3.01420569e+00,1.23225420e-03,-5.15867591e-01,-5.14635324e-01
1.229167,-3.02446938e+00,1.23233953e-03,-5.17622650e-01,-5.16390324e-01
1.233333,-3.03473258e+00,1.23229797e-03,-5.19377589e-01,-5.18145263e-01
1.237500,-3.04499626e+00,1.23233709e-03,-5.21132588e-01,-5.19900262e-01
1.241667,-3.05525994e+00,1.23228994e-03,-5.22887528e-01,-5.21655262e-01
1.245833,-3.06552339e+00,1.23230880e-03,-5.24642467e-01,-5.23410141e-01
1.250000,-3.07578683e+00,1.23233872e-03,-5.26397407e-01,-5.25165081e-01
1.254167,-3.08605051e+00,1.23233511e-03,-5.28152347e-01,-5.26920021e-01
1.258333,-3.09631419e+00,1.23231555e-03,-5.29907227e-01,-5.28674901e-01
1.262500,-3.10657740e+00,1.23225688e-03,-5.31662047e-01,-5.30429780e-01
1.266667,-3.11684060e+00,1.23224047e-03,-5.33416867e-01,-5.32184601e-01
1.270833,-3.12710428e+00,1.23230531e-03,-5.35171747e-01,-5.33939421e-01
1.275000,-3.13736773e+00,1.23231485e-03,-5.36926568e-01,-5.35694242e-01
1.279167,-3.14763141e+00,1.23235735e-03,-5.38681388e-01,-5.37449002e-01
1.283333,-3.15789485e+00,1.23230834e-03,-5.40436149e-01,-5.39203823e-01
1.287500,-3.16815829e+00,1.23227015e-03,-5.42190909e-01,-5.40958643e-01
1.291667,-3.17842174e+00,1.23231474e-03,-5.43945670e-01,-5.42713344e-01
1.295833,-3.18868518e+00,1.23229576e-03,-5.45700431e-01,-5.44468164e-01
1.300000,-3.19894910e+00,1.23234885e-03,-5.47455192e-01,-5.46222866e-01
1.304167,-3.20921254e+00,1.23225863e-03,-5.49209833e-01,-5.47977567e-01
1.308333,-3.21947598e+00,1.23235863e-03,-5.50964534e-01,-5.49732149e-01
1.312500,-3.22973967e+00,1.23235828e-03,-5.52719295e-01,-5.51486909e-01
1.316667,-3.24000311e+00,1.23227842e-03,-5.54473877e-01,-5.53241611e-01
1.320833,-3.25026679e+00,1.23233441e-03,-5.56228518e-01,-5.54996192e-01
1.325000,-3.26053023e+00,1.23228971e-03,-5.57983160e-01,-5.56750894e-01
1.329167,-3.27079368e+00,1.23229250e-03,-5.59737742e-01,-5.58505476e-01
1.333333,-3.28105736e+00,1.23232277e-03,-5.61492383e-01,-5.60260057e-01
1.337500,-3.29132080e+00,1.23226631e-03,-5.63246906e-01,-5.62014639e-01
1.341667,-3.30158401e+00,1.23227725e-03,-5.65001428e-01,-5.63769162e-01
1.345833,-3.31184745e+00,1.23227329e-03,-5.66755891e-01,-5.65523624e-01
1.350000,-3.32211089e+00,1.23231800e-03,-5.68510413e-01,-5.67278087e-01
1.354167,-3.33237433e+00,1.23230054e-03,-5.70264935e-01,-5.69032609e-01
1.358333,-3.34263778e+00,1.23231334e-03,-5.72019398e-01,-5.70787072e-01
1.362500,-3.35290146e+00,1.23231229e-03,-5.73773861e-01,-5.72541535e-01
1.366667,-3.36316490e+00,1.23232813e-03,-5.75528324e-01,-5.74295998e-01
1.370833,-3.37342834e+00,1.23228831e-03,-5.77282786e-01,-5.76050520e-01
1.375000,-3.38369203e+00,1.23232976e-03,-5.79037189e-01,-5.77804863e-01
1.379167,-3.39395547e+00,1.23233791e-03,-5.80791593e-01,-5.79559267e-01
1.383333,-3.40421915e+00,1.23229134e-03,-5.82545936e-01,-5.81313670e-01
1.387500,-3.41448236e+00,1.23228133e-03,-5.84300280e-01,-5.83068013e-01
1.391667,-3.42474580e+00,1.23229739e-03,-5.86054564e-01,-5.84822237e-01
1.395833,-3.43500924e+00,1.23230508e-03,-5.87808907e-01,-5.86576581e-01
1.400000,-3.44527268e+00,1.23230089e-03,-5.89563131e-01,-5.88330805e-01
1.404167,-3.45553589e+00,1.23226515e-03,-5.91317415e-01,-5.90085149e-01
1.408333,-3.46579909e+00,1.23228552e-03,-5.93071640e-01,-5.91839373e-01
1.412500,-3.47606254e+00,1.23231125e-03,-5.94825864e-01,-5.93593538e-01
1.416667,-3.48632598e+00,1.23230845e-03,-5.96580088e-01,-5.95347762e-01
1.420833,-3.49658942e+00,1.23226398e-03,-5.98334253e-01,-5.97101986e-01
1.425000,-3.50685287e+00,1.23230391e-03,-6.00088418e-01,-5.98856091e-01
1.429167,-3.51711631e+00,1.23228738e-03,-6.01842582e-01,-6.00610316e-01
1.433333,-3.52737975e+00,1.23228214e-03,-6.03596687e-01,-6.02364421e-01
1.437500,-3.53764319e+00,1.23226189e-03,-6.05350792e-01,-6.04118526e-01
1.441667,-3.54790664e+00,1.23227201e-03,-6.07104897e-01,-6.05872631e-01
1.445833,-3.55816960e+00,1.23221020e-03,-6.08858883e-01,-6.07626677e-01
1.450000,-3.56843328e+00,1.23231765e-03,-6.10612988e-01,-6.09380662e-01
1.454167,-3.57869649e+00,1.23222242e-03,-6.12366974e-01,-6.11134768e-01
1.458333,-3.58895969e+00,1.23226922e-03,-6.14120960e-01,-6.12888694e-01
1.462500,-3.59922242e+00,1.23223977e-03,-6.15874887e-01,-6.14642620e-01
1.466667,-3.60948563e+00,1.23221928e-03,-6.17628872e-01,-6.16396666e-01
1.470833,-3.61974883e+00,1.23226934e-03,-6.19382799e-01,-6.18150532e-01
1.475000,-3.63001251e+00,1.23229623e-03,-6.21136725e-01,-6.19904399e-01
1.479167,-3.64027619e+00,1.23229297e-03,-6.22890651e-01,-6.21658385e-01
1.483333,-3.65053892e+00,1.23228563e-03,-6.24644578e-01,-6.23412311e-01
1.487500,-3.66080260e+00,1.23225735e-03,-6.26398444e-01,-6.25166178e-01
1.491667,-3.67106581e+00,1.23228156e-03,-6.28152311e-01,-6.26920044e-01
1.495833,-3.68132901e+00,1.23220915e-03,-6.29906118e-01,-6.28673911e-01
1.500000,-3.69159222e+00,1.23224210e-03,-6.31659925e-01,-6.30427659e-01
1.504167,-3.70185590e+00,1.23227481e-03,-6.33413672e-01,-6.32181406e-01
1.508333,-3.71211910e+00,1.23221602e-03,-6.35167420e-01,-6.33935213e-01
1.512500,-3.72238183e+00,1.23224617e-03,-6.36921167e-01,-6.35688901e-01
1.516667,-3.73264503e+00,1.23222999e-03,-6.38674796e-01,-6.37442589e-01
1.520833,-3.74290824e+00,1.23226875e-03,-6.40428543e-01,-6.39196277e-01
1.525000,-3.75317144e+00,1.23225013e-03,-6.42182171e-01,-6.40949905e-01
1.529167,-3.76343465e+00,1.23225921e-03,-6.43935859e-01,-6.42703593e-01
1.533333,-3.77369785e+00,1.23224512e-03,-6.45689487e-01,-6.44457221e-01
1.537500,-3.78396106e+00,1.23218284e-03,-6.47443056e-01,-6.46210849e-01
1.541667,-3.79422402e+00,1.23225618e-03,-6.49196625e-01,-6.47964358e-01
1.545833,-3.80448747e+00,1.23229413e-03,-6.50950253e-01,-6.49717987e-01
1.550000,-3.81475043e+00,1.23221963e-03,-6.52703762e-01,-6.51471555e-01
1.554167,-3.82501388e+00,1.23228913e-03,-6.54457331e-01,-6.53225064e-01
1.558333,-3.83527708e+00,1.23224268e-03,-6.56210840e-01,-6.54978573e-01
1.562500,-3.84554052e+00,1.23224873e-03,-6.57964349e-01,-6.56732082e-01
1.566667,-3.85580373e+00,1.23223523e-03,-6.59717739e-01,-6.58485532e-01
1.570833,-3.86606693e+00,1.23226480e-03,-6.61471188e-01,-6.60238922e-01
1.575000,-3.87632966e+00,1.23225362e-03,-6.63224638e-01,-6.61992371e-01
1.579167,-3.88659286e+00,1.23217562e-03,-6.64977968e-01,-6.63745821e-01
1.583333,-3.89685607e+00,1.23221544e-03,-6.66731358e-01,-6.65499151e-01
1.587500,-3.90711927e+00,1.23221474e-03,-6.68484688e-01,-6.67252481e-01
1.591667,-3.91738200e+00,1.23222196e-03,-6.70238018e-01,-6.69005811e-01
1.595833,-3.92764473e+00,1.23222603e-03,-6.71991289e-01,-6.70759082e-01
1.600000,-3.93790770e+00,1.23217981e-03,-6.73744500e-01,-6.72512293e-01
1.604167,-3.94817042e+00,1.23214140e-03,-6.75497711e-01,-6.74265563e-01
1.608333,-3.95843363e+00,1.23218726e-03,-6.77250922e-01,-6.76018715e-01
1.612500,-3.96869683e+00,1.23221334e-03,-6.79004133e-01,-6.77771926e-01
1.616667,-3.97895956e+00,1.23216864e-03,-6.80757284e-01,-6.79525137e-01
1.620833,-3.98922229e+00,1.23214861e-03,-6.82510436e-01,-6.81278288e-01
1.625000,-3.99948525e+00,1.23215734e-03,-6.84263468e-01,-6.83031321e-01
1.629167,-4.00974798e+00,1.23222079e-03,-6.86016619e-01,-6.84784412e-01
1.633333,-4.02001095e+00,1.23219704e-03,-6.87769711e-01,-6.86537504e-01
1.637500,-4.03027391e+00,1.23219425e-03,-6.89522803e-01,-6.88290596e-01
1.641667,-4.04053640e+00,1.23219576e-03,-6.91275775e-01,-6.90043569e-01
1.645833,-4.05079889e+00,1.23214349e-03,-6.93028748e-01,-6.91796601e-01
1.650000,-4.06106186e+00,1.23222463e-03,-6.94781780e-01,-6.93549573e-01
1.654167,-4.07132483e+00,1.23213930e-03,-6.96534693e-01,-6.95302546e-01
1.658333,-4.08158731e+00,1.23213092e-03,-6.98287606e-01,-6.97055459e-01
1.662500,-4.09185076e+00,1.23216154e-03,-7.00040519e-01,-6.98808372e-01
1.666667,-4.10211325e+00,1.23216026e-03,-7.01793373e-01,-7.00561225e-01
1.670833,-4.11237621e+00,1.23220054e-03,-7.03546286e-01,-7.02314079e-01
1.675000,-4.12263918e+00,1.23218657e-03,-7.05299139e-01,-7.04066932e-01
1.679167,-4.13290167e+00,1.23213371e-03,-7.07051933e-01,-7.05819786e-01
1.683333,-4.14316416e+00,1.23215106e-03,-7.08804727e-01,-7.07572579e-01
1.687500,-4.15342712e+00,1.23217423e-03,-7.10557461e-01,-7.09325314e-01
1.691667,-4.16368961e+00,1.23214547e-03,-7.12310255e-01,-7.11078107e-01
1.695833,-4.17395258e+00,1.23212009e-03,-7.14062929e-01,-7.12830782e-01
1.700000,-4.18421507e+00,1.23209588e-03,-7.15815604e-01,-7.14583516e-01
1.704167,-4.19447803e+00,1.23217434e-03,-7.17568278e-01,-7.16336131e-01
1.708333,-4.20474052e+00,1.23214698e-03,-7.19320893e-01,-7.18088746e-01
1.712500,-4.21500301e+00,1.23210601e-03,-7.21073449e-01,-7.19841361e-01
1.716667,-4.22526503e+00,1.23208738e-03,-7.22826004e-01,-7.21593916e-01
1.720833,-4.23552799e+00,1.23211369e-03,-7.24578619e-01,-7.23346531e-01
1.725000,-4.24579048e+00,1.23204757e-03,-7.26331055e-01,-7.25099027e-01
1.729167,-4.25605249e+00,1.23213162e-03,-7.28083551e-01,-7.26851404e-01
1.733333,-4.26631498e+00,1.23209192e-03,-7.29836047e-01,-7.28603959e-01
1.737500,-4.27657795e+00,1.23215932e-03,-7.31588542e-01,-7.30356395e-01
1.741667,-4.28684044e+00,1.23208063e-03,-7.33340919e-01,-7.32108831e-01
1.745833,-4.29710197e+00,1.23205583e-03,-7.35093296e-01,-7.33861268e-01
1.750000,-4.30736494e+00,1.23212987e-03,-7.36845672e-01,-7.35613525e-01
1.754167,-4.31762695e+00,1.23208354e-03,-7.38598049e-01,-7.37365961e-01
1.758333,-4.32788944e+00,1.23207248e-03,-7.40350366e-01,-7.39118278e-01
1.762500,-4.33815193e+00,1.23200845e-03,-7.42102623e-01,-7.40870595e-01
1.766667,-4.34841442e+00,1.23207201e-03,-7.43854880e-01,-7.42622793e-01
1.770833,-4.35867691e+00,1.23205862e-03,-7.45607138e-01,-7.44375050e-01
1.775000,-4.36893940e+00,1.23212044e-03,-7.47359395e-01,-7.46127248e-01
1.779167,-4.37920141e+00,1.23200915e-03,-7.49111533e-01,-7.47879505e-01
1.783333,-4.38946390e+00,1.23205571e-03,-7.50863731e-01,-7.49631703e-01
1.787500,-4.39972639e+00,1.23203045e-03,-7.52615869e-01,-7.51383841e-01
1.791667,-4.40998793e+00,1.23203779e-03,-7.54367948e-01,-7.53135920e-01
1.795833,-4.42025042e+00,1.23204046e-03,-7.56120026e-01,-7.54887998e-01
1.800000,-4.43051243e+00,1.23205245e-03,-7.57872045e-01,-7.56640017e-01
1.804167,-4.44077492e+00,1.23203290e-03,-7.59624124e-01,-7.58392096e-01
1.808333,-4.45103693e+00,1.23205641e-03,-7.61376143e-01,-7.60144114e-01
1.812500,-4.46129894e+00,1.23205909e-03,-7.63128102e-01,-7.61896014e-01
1.816667,-4.47156143e+00,1.23202219e-03,-7.64880061e-01,-7.63648033e-01
1.820833,-4.48182344e+00,1.23197667e-03,-7.66631961e-01,-7.65399992e-01
1.825000,-4.49208593e+00,1.23200426e-03,-7.68383861e-01,-7.67151833e-01
1.829167,-4.50234747e+00,1.23199471e-03,-7.70135701e-01,-7.68903732e-01
1.833333,-4.51260948e+00,1.23202486e-03,-7.71887541e-01,-7.70655513e-01
1.837500,-4.52287149e+00,1.23197376e-03,-7.73639381e-01,-7.72407413e-01
1.841667,-4.53313351e+00,1.23197213e-03,-7.75391102e-01,-7.74159133e-01
1.845833,-4.54339552e+00,1.23201439e-03,-7.77142882e-01,-7.75910854e-01
1.850000,-4.55365753e+00,1.23200717e-03,-7.78894603e-01,-7.77662575e-01
1.854167,-4.56392002e+00,1.23201974e-03,-7.80646384e-01,-7.79414356e-01
1.858333,-4.57418203e+00,1.23203581e-03,-7.82398045e-01,-7.81166017e-01
1.862500,-4.58444357e+00,1.23194698e-03,-7.84149647e-01,-7.82917678e-01
1.866667,-4.59470510e+00,1.23190868e-03,-7.85901189e-01,-7.84669280e-01
1.870833,-4.60496664e+00,1.23190065e-03,-7.87652731e-01,-7.86420822e-01
1.875000,-4.61522818e+00,1.23197725e-03,-7.89404273e-01,-7.88172305e-01
1.879167,-4.62549019e+00,1.23191532e-03,-7.91155815e-01,-7.89923906e-01
1.883333,-4.63575172e+00,1.23190950e-03,-7.92907238e-01,-7.91675329e-01
1.887500,-4.64601326e+00,1.23191602e-03,-7.94658720e-01,-7.93426812e-01
1.891667,-4.65627527e+00,1.23195187e-03,-7.96410203e-01,-7.95178235e-01
1.895833,-4.66653728e+00,1.23192044e-03,-7.98161566e-01,-7.96929657e-01
1.900000,-4.67679882e+00,1.23192521e-03,-7.99912930e-01,-7.98681021e-01
1.904167,-4.68706036e+00,1.23189110e-03,-8.01664293e-01,-8.00432384e-01
1.908333,-4.69732141e+00,1.23183813e-03,-8.03415477e-01,-8.02183628e-01
1.912500,-4.70758343e+00,1.23188074e-03,-8.05166841e-01,-8.03934932e-01
1.916667,-4.71784544e+00,1.23193732e-03,-8.06918144e-01,-8.05686235e-01
1.920833,-4.72810650e+00,1.23186142e-03,-8.08669388e-01,-8.07437539e-01
1.925000,-4.73836803e+00,1.23191380e-03,-8.10420632e-01,-8.09188724e-01
1.929167,-4.74862957e+00,1.23188389e-03,-8.12171757e-01,-8.10939848e-01
1.933333,-4.75889111e+00,1.23189704e-03,-8.13922942e-01,-8.12691033e-01
1.937500,-4.76915264e+00,1.23185827e-03,-8.15674067e-01,-8.14442217e-01
1.941667,-4.77941418e+00,1.23187574e-03,-8.17425132e-01,-8.16193283e-01
1.945833,-4.78967571e+00,1.23184151e-03,-8.19176137e-01,-8.17944288e-01
1.950000,-4.79993677e+00,1.23186584e-03,-8.20927203e-01,-8.19695354e-01
1.954167,-4.81019783e+00,1.23179099e-03,-8.22678149e-01,-8.21446359e-01
1.958333,-4.82045937e+00,1.23187480e-03,-8.24429095e-01,-8.23197246e-01
1.962500,-4.83072090e+00,1.23184395e-03,-8.26180041e-01,-8.24948192e-01
1.966667,-4.84098196e+00,1.23180263e-03,-8.27930927e-01,-8.26699138e-01
1.970833,-4.85124302e+00,1.23183383e-03,-8.29681754e-01,-8.28449905e-01
1.975000,-4.86150408e+00,1.23178563e-03,-8.31432581e-01,-8.30200791e-01
1.979167,-4.87176514e+00,1.23181753e-03,-8.33183408e-01,-8.31951618e-01
1.983333,-4.88202667e+00,1.23180612e-03,-8.34934175e-01,-8.33702385e-01
1.987500,-4.89228773e+00,1.23179320e-03,-8.36684942e-01,-8.35453153e-01
1.991667,-4.90254831e+00,1.23174943e-03,-8.38435590e-01,-8.37203860e-01
1.995833,-4.91280937e+00,1.23175350e-03,-8.40186238e-01,-8.38954508e-01
2.000000,-4.92307043e+00,1.23183569e-03,-8.41936886e-01,-8.40705037e-01
2.004167,-4.93333149e+00,1.23177562e-03,-8.43687475e-01,-8.42455685e-01
2.008333,-4.94359255e+00,1.23176165e-03,-8.45438063e-01,-8.44206274e-01
2.012500,-4.95385361e+00,1.23175827e-03,-8.47188652e-01,-8.45956922e-01
2.016667,-4.96411419e+00,1.23168854e-03,-8.48939121e-01,-8.47707450e-01
2.020833,-4.97437525e+00,1.23171287e-03,-8.50689650e-01,-8.49457920e-01
2.025000,-4.98463583e+00,1.23171019e-03,-8.52440119e-01,-8.51208389e-01
2.029167,-4.99489689e+00,1.23170647e-03,-8.54190528e-01,-8.52958798e-01
2.033334,-5.00515747e+00,1.23171543e-03,-8.55940878e-01,-8.54709148e-01
2.037500,-5.01541805e+00,1.23170705e-03,-8.57691288e-01,-8.56459558e-01
2.041667,-5.02567911e+00,1.23175688e-03,-8.59441638e-01,-8.58209908e-01
2.045833,-5.03594017e+00,1.23168086e-03,-8.61191928e-01,-8.59960258e-01
2.050000,-5.04620028e+00,1.23167515e-03,-8.62942159e-01,-8.61710489e-01
2.054167,-5.05646086e+00,1.23170973e-03,-8.64692330e-01,-8.63460600e-01
2.058333,-5.06672144e+00,1.23166933e-03,-8.66442561e-01,-8.65210891e-01
2.062500,-5.07698202e+00,1.23170216e-03,-8.68192792e-01,-8.66961062e-01
2.066667,-5.08724260e+00,1.23161019e-03,-8.69942844e-01,-8.68711233e-01
2.070833,-5.09750319e+00,1.23162253e-03,-8.71692955e-01,-8.70461345e-01
2.075000,-5.10776329e+00,1.23161706e-03,-8.73443007e-01,-8.72211397e-01
2.079167,-5.11802387e+00,1.23167003e-03,-8.75193059e-01,-8.73961389e-01
2.083333,-5.12828493e+00,1.23168761e-03,-8.76943171e-01,-8.75711501e-01
2.087500,-5.13854504e+00,1.23165699e-03,-8.78693163e-01,-8.77461493e-01
2.091667,-5.14880562e+00,1.23157038e-03,-8.80443096e-01,-8.79211545e-01
2.095834,-5.15906572e+00,1.23158027e-03,-8.82192910e-01,-8.80961359e-01
2.100000,-5.16932583e+00,1.23155001e-03,-8.83942783e-01,-8.82711232e-01
2.104167,-5.17958641e+00,1.23163289e-03,-8.85692656e-01,-8.84461045e-01
2.108333,-5.18984652e+00,1.23158086e-03,-8.87442410e-01,-8.86210859e-01
2.112500,-5.20010662e+00,1.23162626e-03,-8.89192164e-01,-8.87960553e-01
2.116667,-5.21036625e+00,1.23157282e-03,-8.90941918e-01,-8.89710367e-01
2.120833,-5.22062635e+00,1.23156165e-03,-8.92691612e-01,-8.91460061e-01
2.125000,-5.23088741e+00,1.23156561e-03,-8.94441307e-01,-8.93209755e-01
2.129167,-5.24114704e+00,1.23150111e-03,-8.96190941e-01,-8.94959450e-01
2.133333,-5.25140667e+00,1.23152707e-03,-8.97940516e-01,-8.96708965e-01
2.137500,-5.26166725e+00,1.23150286e-03,-8.99690032e-01,-8.98458540e-01
2.141667,-5.27192640e+00,1.23148283e-03,-9.01439548e-01,-9.00208056e-01
2.145833,-5.28218699e+00,1.23159634e-03,-9.03189123e-01,-9.01957512e-01
2.150000,-5.29244661e+00,1.23155594e-03,-9.04938579e-01,-9.03707027e-01
2.154167,-5.30270672e+00,1.23150379e-03,-9.06688035e-01,-9.05456543e-01
2.158334,-5.31296635e+00,1.23147946e-03,-9.08437431e-01,-9.07205939e-01
2.162500,-5.32322645e+00,1.23146642e-03,-9.10186768e-01,-9.08955276e-01
2.166667,-5.33348608e+00,1.23147666e-03,-9.11936104e-01,-9.10704613e-01
2.170833,-5.34374571e+00,1.23148679e-03,-9.13685381e-01,-9.12453890e-01
2.175000,-5.35400534e+00,1.23143918e-03,-9.15434659e-01,-9.14203227e-01
2.179167,-5.36426449e+00,1.23144267e-03,-9.17183816e-01,-9.15952384e-01
2.183333,-5.37452412e+00,1.23141892e-03,-9.18932974e-01,-9.17701542e-01
2.187500,-5.38478374e+00,1.23151601e-03,-9.20682132e-01,-9.19450641e-01
2.191667,-5.39504337e+00,1.23143848e-03,-9.22431290e-01,-9.21199858e-01
2.195833,-5.40530300e+00,1.23143580e-03,-9.24180388e-01,-9.22948956e-01
2.200000,-5.41556263e+00,1.23137166e-03,-9.25929427e-01,-9.24698055e-01
2.204167,-5.42582178e+00,1.23140297e-03,-9.27678406e-01,-9.26446974e-01
2.208333,-5.43608093e+00,1.23140286e-03,-9.29427385e-01,-9.28195953e-01
2.212500,-5.44634104e+00,1.23144523e-03,-9.31176364e-01,-9.29944932e-01
2.216667,-5.45660019e+00,1.23134279e-03,-9.32925284e-01,-9.31693912e-01
2.220834,-5.46685886e+00,1.23136165e-03,-9.34674084e-01,-9.33442712e-01
2.225000,-5.47711802e+00,1.23134104e-03,-9.36422944e-01,-9.35191631e-01
2.229167,-5.48737812e+00,1.23139471e-03,-9.38171744e-01,-9.36940372e-01
2.233333,-5.49763680e+00,1.23135967e-03,-9.39920485e-01,-9.38689113e-01
2.237500,-5.50789595e+00,1.23133138e-03,-9.41669226e-01,-9.40437913e-01
2.241667,-5.51815462e+00,1.23130321e-03,-9.43417907e-01,-9.42186594e-01
2.245833,-5.52841425e+00,1.23131694e-03,-9.45166588e-01,-9.43935275e-01
2.250000,-5.53867340e+00,1.23137014e-03,-9.46915269e-01,-9.45683897e-01
2.254167,-5.54893303e+00,1.23136048e-03,-9.48663831e-01,-9.47432458e-01
2.258333,-5.55919218e+00,1.23133033e-03,-9.50412452e-01,-9.49181139e-01
2.262500,-5.56945133e+00,1.23127177e-03,-9.52161014e-01,-9.50929761e-01
2.266667,-5.57971001e+00,1.23130972e-03,-9.53909457e-01,-9.52678144e-01
2.270833,-5.58996916e+00,1.23134418e-03,-9.55657959e-01,-9.54426587e-01
2.275000,-5.60022783e+00,1.23130996e-03,-9.57406402e-01,-9.56175089e-01
2.279167,-5.61048651e+00,1.23122451e-03,-9.59154725e-01,-9.57923472e-01
2.283334,-5.62074518e+00,1.23121066e-03,-9.60903049e-01,-9.59671855e-01
2.287500,-5.63100386e+00,1.23125361e-03,-9.62651372e-01,-9.61420119e-01
2.291667,-5.64126253e+00,1.23124884e-03,-9.64399576e-01,-9.63168323e-01
2.295833,-5.65152121e+00,1.23125315e-03,-9.66147840e-01,-9.64916587e-01
2.300000,-5.66177988e+00,1.23119284e-03,-9.67895985e-01,-9.66664791e-01
2.304167,-5.67203856e+00,1.23120646e-03,-9.69644189e-01,-9.68412995e-01
2.308333,-5.68229675e+00,1.23117759e-03,-9.71392274e-01,-9.70161080e-01
2.312500,-5.69255543e+00,1.23120297e-03,-9.73140359e-01,-9.71909165e-01
2.316667,-5.70281410e+00,1.23117445e-03,-9.74888384e-01,-9.73657191e-01
2.320833,-5.71307230e+00,1.23117282e-03,-9.76636410e-01,-9.75405216e-01
2.325000,-5.72333097e+00,1.23116432e-03,-9.78384376e-01,-9.77153182e-01
2.329167,-5.73358870e+00,1.23111333e-03,-9.80132282e-01,-9.78901148e-01
2.333333,-5.74384737e+00,1.23116956e-03,-9.81880128e-01,-9.80648935e-01
2.337500,-5.75410509e+00,1.23116001e-03,-9.83628035e-01,-9.82396901e-01
2.341667,-5.76436377e+00,1.23109377e-03,-9.85375822e-01,-9.84144747e-01
2.345834,-5.77462149e+00,1.23110309e-03,-9.87123549e-01,-9.85892475e-01
2.350000,-5.78487921e+00,1.23104989e-03,-9.88871217e-01,-9.87640142e-01
2.354167,-5.79513788e+00,1.23111438e-03,-9.90618944e-01,-9.89387810e-01
2.358333,-5.80539560e+00,1.23114639e-03,-9.92366612e-01,-9.91135478e-01
2.362500,-5.81565332e+00,1.23106840e-03,-9.94114220e-01,-9.92883146e-01
2.366667,-5.82591105e+00,1.23101426e-03,-9.95861709e-01,-9.94630694e-01
2.370833,-5.83616924e+00,1.23101519e-03,-9.97609198e-01,-9.96378183e-01
2.375000,-5.84642696e+00,1.23105408e-03,-9.99356747e-01,-9.98125672e-01
2.379167,-5.85668468e+00,1.23099354e-03,-1.00110412e+00,-9.99873102e-01
2.383333,-5.86694241e+00,1.23103359e-03,-1.00285161e+00,-1.00162053e+00
2.387500,-5.87720013e+00,1.23098562e-03,-1.00459898e+00,-1.00336802e+00
2.391667,-5.88745785e+00,1.23100425e-03,-1.00634634e+00,-1.00511539e+00
2.395833,-5.89771557e+00,1.23099214e-03,-1.00809360e+00,-1.00686264e+00
2.400000,-5.90797329e+00,1.23102730e-03,-1.00984097e+00,-1.00860989e+00
2.404167,-5.91823053e+00,1.23094907e-03,-1.01158822e+00,-1.01035726e+00
2.408334,-5.92848778e+00,1.23095210e-03,-1.01333535e+00,-1.01210439e+00
2.412500,-5.93874502e+00,1.23088178e-03,-1.01508236e+00,-1.01385152e+00
2.416667,-5.94900227e+00,1.23093638e-03,-1.01682949e+00,-1.01559854e+00
2.420833,-5.95925951e+00,1.23093196e-03,-1.01857650e+00,-1.01734555e+00
2.425000,-5.96951723e+00,1.23093114e-03,-1.02032351e+00,-1.01909256e+00
2.429167,-5.97977448e+00,1.23090250e-03,-1.02207053e+00,-1.02083957e+00
2.433333,-5.99003172e+00,1.23091054e-03,-1.02381742e+00,-1.02258646e+00
2.437500,-6.00028896e+00,1.23090611e-03,-1.02556443e+00,-1.02433348e+00
2.441667,-6.01054668e+00,1.23091927e-03,-1.02731133e+00,-1.02608037e+00
2.445833,-6.02080297e+00,1.23083021e-03,-1.02905810e+00,-1.02782726e+00
2.450000,-6.03106022e+00,1.23085640e-03,-1.03080487e+00,-1.02957404e+00
2.454167,-6.04131699e+00,1.23081706e-03,-1.03255165e+00,-1.03132081e+00
2.458333,-6.05157375e+00,1.23079761e-03,-1.03429830e+00,-1.03306746e+00
2.462500,-6.06183052e+00,1.23083033e-03,-1.03604496e+00,-1.03481412e+00
2.466667,-6.07208729e+00,1.23081345e-03,-1.03779161e+00,-1.03656077e+00
2.470834,-6.08234406e+00,1.23077270e-03,-1.03953815e+00,-1.03830743e+00
2.475000,-6.09260082e+00,1.23076735e-03,-1.04128468e+00,-1.04005396e+00
2.479167,-6.10285759e+00,1.23072241e-03,-1.04303122e+00,-1.04180050e+00
2.483333,-6.11311436e+00,1.23080681e-03,-1.04477763e+00,-1.04354680e+00
2.487500,-6.12337160e+00,1.23080867e-03,-1.04652405e+00,-1.04529321e+00
2.491667,-6.13362789e+00,1.23077026e-03,-1.04827046e+00,-1.04703975e+00
2.495833,-6.14388466e+00,1.23071822e-03,-1.05001688e+00,-1.04878616e+00
2.500000,-6.15414095e+00,1.23072229e-03,-1.05176318e+00,-1.05053246e+00
2.504167,-6.16439724e+00,1.23075617e-03,-1.05350935e+00,-1.05227864e+00
2.508333,-6.17465401e+00,1.23074627e-03,-1.05525565e+00,-1.05402493e+00
2.512500,-6.18491030e+00,1.23069412e-03,-1.05700183e+00,-1.05577111e+00
2.516667,-6.19516706e+00,1.23064930e-03,-1.05874801e+00,-1.05751741e+00
2.520833,-6.20542288e+00,1.23064523e-03,-1.06049407e+00,-1.05926347e+00
2.525000,-6.21567869e+00,1.23070425e-03,-1.06224012e+00,-1.06100941e+00
2.529167,-6.22593498e+00,1.23062916e-03,-1.06398606e+00,-1.06275547e+00
2.533334,-6.23619127e+00,1.23060774e-03,-1.06573212e+00,-1.06450152e+00
2.537500,-6.24644709e+00,1.23063871e-03,-1.06747794e+00,-1.06624734e+00
2.541667,-6.25670290e+00,1.23058353e-03,-1.06922376e+00,-1.06799316e+00
2.545833,-6.26695871e+00,1.23063545e-03,-1.07096958e+00,-1.06973898e+00
2.550000,-6.27721453e+00,1.23057549e-03,-1.07271540e+00,-1.07148480e+00
2.554167,-6.28747034e+00,1.23058958e-03,-1.07446110e+00,-1.07323050e+00
2.558333,-6.29772615e+00,1.23053929e-03,-1.07620680e+00,-1.07497621e+00
2.562500,-6.30798149e+00,1.23048911e-03,-1.07795250e+00,-1.07672203e+00
2.566667,-6.31823730e+00,1.23055442e-03,-1.07969809e+00,-1.07846749e+00
2.570833,-6.32849312e+00,1.23051426e-03,-1.08144367e+00,-1.08021319e+00
2.575000,-6.33874846e+00,1.23047794e-03,-1.08318925e+00,-1.08195877e+00
2.579167,-6.34900475e+00,1.23055896e-03,-1.08493471e+00,-1.08370411e+00
2.583333,-6.35925961e+00,1.23045850e-03,-1.08668017e+00,-1.08544970e+00
2.587500,-6.36951494e+00,1.23047316e-03,-1.08842552e+00,-1.08719504e+00
2.591667,-6.37977028e+00,1.23046990e-03,-1.09017098e+00,-1.08894050e+00
2.595834,-6.39002562e+00,1.23045081e-03,-1.09191620e+00,-1.09068573e+00
2.600000,-6.40028095e+00,1.23044755e-03,-1.09366155e+00,-1.09243107e+00
2.604167,-6.41053581e+00,1.23041100e-03,-1.09540677e+00,-1.09417641e+00
2.608334,-6.42079115e+00,1.23044057e-03,-1.09715199e+00,-1.09592152e+00
2.612500,-6.43104649e+00,1.23046432e-03,-1.09889722e+00,-1.09766674e+00
2.616667,-6.44130182e+00,1.23044860e-03,-1.10064232e+00,-1.09941185e+00
2.620833,-6.45155621e+00,1.23037281e-03,-1.10238731e+00,-1.10115695e+00
2.625000,-6.46181154e+00,1.23034953e-03,-1.10413229e+00,-1.10290194e+00
2.629167,-6.47206640e+00,1.23028643e-03,-1.10587728e+00,-1.10464704e+00
2.633333,-6.48232126e+00,1.23036373e-03,-1.10762227e+00,-1.10639191e+00
2.637500,-6.49257612e+00,1.23036944e-03,-1.10936713e+00,-1.10813677e+00
2.641667,-6.50283098e+00,1.23033114e-03,-1.11111200e+00,-1.10988164e+00
2.645833,-6.51308584e+00,1.23029435e-03,-1.11285686e+00,-1.11162663e+00
2.650000,-6.52334023e+00,1.23026595e-03,-1.11460161e+00,-1.11337137e+00
2.654167,-6.53359509e+00,1.23028783e-03,-1.11634624e+00,-1.11511600e+00
2.658334,-6.54384995e+00,1.23032683e-03,-1.11809099e+00,-1.11686063e+00
2.662500,-6.55410433e+00,1.23027759e-03,-1.11983562e+00,-1.11860538e+00
2.666667,-6.56435871e+00,1.23026292e-03,-1.12158024e+00,-1.12035000e+00
2.670834,-6.57461309e+00,1.23019819e-03,-1.12332475e+00,-1.12209451e+00
2.675000,-6.58486748e+00,1.23025605e-03,-1.12506926e+00,-1.12383902e+00
2.679167,-6.59512186e+00,1.23022380e-03,-1.12681365e+00,-1.12558341e+00
2.683333,-6.60537672e+00,1.23021589e-03,-1.12855816e+00,-1.12732792e+00
2.687500,-6.61563063e+00,1.23017852e-03,-1.13030255e+00,-1.12907243e+00
2.691667,-6.62588501e+00,1.23017584e-03,-1.13204682e+00,-1.13081670e+00
2.695833,-6.63613892e+00,1.23018958e-03,-1.13379109e+00,-1.13256085e+00
2.700000,-6.64639330e+00,1.23017957e-03,-1.13553536e+00,-1.13430524e+00
2.704167,-6.65664673e+00,1.23012450e-03,-1.13727951e+00,-1.13604939e+00
2.708333,-6.66690016e+00,1.23010133e-03,-1.13902354e+00,-1.13779342e+00
2.712500,-6.67715359e+00,1.23003405e-03,-1.14076757e+00,-1.13953757e+00
2.716667,-6.68740797e+00,1.23011600e-03,-1.14251161e+00,-1.14128149e+00
2.720834,-6.69766140e+00,1.23005058e-03,-1.14425564e+00,-1.14302564e+00
2.725000,-6.70791531e+00,1.23002566e-03,-1.14599955e+00,-1.14476955e+00
2.729167,-6.71816874e+00,1.23003521e-03,-1.14774346e+00,-1.14651346e+00
2.733334,-6.72842216e+00,1.22999982e-03,-1.14948726e+00,-1.14825726e+00
2.737500,-6.73867559e+00,1.23004196e-03,-1.15123105e+00,-1.15000105e+00
2.741667,-6.74892902e+00,1.23004080e-03,-1.15297484e+00,-1.15174484e+00
2.745833,-6.75918245e+00,1.23001775e-03,-1.15471852e+00,-1.15348852e+00
2.750000,-6.76943636e+00,1.22998550e-03,-1.15646231e+00,-1.15523231e+00
2.754167,-6.77968931e+00,1.22993055e-03,-1.15820587e+00,-1.15697598e+00
2.758333,-6.78994226e+00,1.22996338e-03,-1.15994942e+00,-1.15871942e+00
2.762500,-6.80019522e+00,1.22994045e-03,-1.16169298e+00,-1.16046309e+00
2.766667,-6.81044865e+00,1.22995186e-03,-1.16343653e+00,-1.16220653e+00
2.770833,-6.82070160e+00,1.22990832e-03,-1.16517985e+00,-1.16394997e+00
2.775000,-6.83095407e+00,1.22986920e-03,-1.16692328e+00,-1.16569340e+00
2.779167,-6.84120703e+00,1.22989819e-03,-1.16866660e+00,-1.16743672e+00
2.783334,-6.85145998e+00,1.22994184e-03,-1.17040992e+00,-1.16917992e+00
2.787500,-6.86171293e+00,1.22984615e-03,-1.17215312e+00,-1.17092323e+00
2.791667,-6.87196589e+00,1.22983265e-03,-1.17389631e+00,-1.17266643e+00
2.795834,-6.88221836e+00,1.22980995e-03,-1.17563951e+00,-1.17440975e+00
2.800000,-6.89247036e+00,1.22979481e-03,-1.17738259e+00,-1.17615283e+00
2.804167,-6.90272284e+00,1.22981216e-03,-1.17912555e+00,-1.17789578e+00
2.808333,-6.91297483e+00,1.22978399e-03,-1.18086863e+00,-1.17963886e+00
2.812500,-6.92322731e+00,1.22975861e-03,-1.18261158e+00,-1.18138182e+00
2.816667,-6.93348026e+00,1.22973719e-03,-1.18435442e+00,-1.18312466e+00
2.820833,-6.94373226e+00,1.22973544e-03,-1.18609726e+00,-1.18486750e+00
2.825000,-6.95398474e+00,1.22973265e-03,-1.18784010e+00,-1.18661034e+00
2.829167,-6.96423626e+00,1.22974976e-03,-1.18958294e+00,-1.18835318e+00
2.833333,-6.97448874e+00,1.22974685e-03,-1.19132566e+00,-1.19009590e+00
2.837500,-6.98474121e+00,1.22970052e-03,-1.19306839e+00,-1.19183874e+00
2.841667,-6.99499321e+00,1.22962170e-03,-1.19481099e+00,-1.19358134e+00
2.845834,-7.00524473e+00,1.22970401e-03,-1.19655359e+00,-1.19532382e+00
2.850000,-7.01549721e+00,1.22963951e-03,-1.19829607e+00,-1.19706643e+00
2.854167,-7.02574873e+00,1.22959854e-03,-1.20003855e+00,-1.19880891e+00
2.858334,-7.03599977e+00,1.22965896e-03,-1.20178103e+00,-1.20055139e+00
2.862500,-7.04625225e+00,1.22960936e-03,-1.20352340e+00,-1.20229375e+00
2.866667,-7.05650377e+00,1.22960447e-03,-1.20526576e+00,-1.20403612e+00
2.870833,-7.06675482e+00,1.22958585e-03,-1.20700800e+00,-1.20577836e+00
2.875000,-7.07700682e+00,1.22960005e-03,-1.20875025e+00,-1.20752060e+00
2.879167,-7.08725834e+00,1.22955651e-03,-1.21049249e+00,-1.20926297e+00
2.883333,-7.09750938e+00,1.22947432e-03,-1.21223462e+00,-1.21100509e+00
2.887500,-7.10776091e+00,1.22951414e-03,-1.21397662e+00,-1.21274710e+00
2.891667,-7.11801195e+00,1.22950459e-03,-1.21571875e+00,-1.21448922e+00
2.895833,-7.12826300e+00,1.22948550e-03,-1.21746063e+00,-1.21623111e+00
2.900000,-7.13851404e+00,1.22946408e-03,-1.21920264e+00,-1.21797323e+00
2.904167,-7.14876509e+00,1.22944533e-03,-1.22094452e+00,-1.21971512e+00
2.908334,-7.15901613e+00,1.22942438e-03,-1.22268629e+00,-1.22145689e+00
2.912500,-7.16926718e+00,1.22942904e-03,-1.22442818e+00,-1.22319877e+00
2.916667,-7.17951775e+00,1.22943358e-03,-1.22616982e+00,-1.22494042e+00
2.920834,-7.18976879e+00,1.22940994e-03,-1.22791159e+00,-1.22668219e+00
2.925000,-7.20001841e+00,1.22934394e-03,-1.22965312e+00,-1.22842383e+00
2.929167,-7.21026945e+00,1.22939888e-03,-1.23139477e+00,-1.23016536e+00
2.933333,-7.22052002e+00,1.22939213e-03,-1.23313630e+00,-1.23190689e+00
2.937500,-7.23077059e+00,1.22932647e-03,-1.23487782e+00,-1.23364854e+00
2.941667,-7.24102068e+00,1.22929481e-03,-1.23661923e+00,-1.23538995e+00
2.945833,-7.25127125e+00,1.22927909e-03,-1.23836064e+00,-1.23713136e+00
2.950000,-7.26152182e+00,1.22929225e-03,-1.24010193e+00,-1.23887265e+00
2.954167,-7.27177191e+00,1.22925779e-03,-1.24184322e+00,-1.24061394e+00
2.958333,-7.28202248e+00,1.22927898e-03,-1.24358451e+00,-1.24235523e+00
2.962500,-7.29227209e+00,1.22930738e-03,-1.24532568e+00,-1.24409640e+00
2.966667,-7.30252266e+00,1.22927595e-03,-1.24706686e+00,-1.24583757e+00
2.970834,-7.31277275e+00,1.22925383e-03,-1.24880803e+00,-1.24757874e+00
2.975000,-7.32302237e+00,1.22926501e-03,-1.25054908e+00,-1.24931979e+00
2.979167,-7.33327293e+00,1.22919830e-03,-1.25229001e+00,-1.25106084e+00
2.983334,-7.34352255e+00,1.22921390e-03,-1.25403106e+00,-1.25280190e+00
2.987500,-7.35377264e+00,1.22912182e-03,-1.25577188e+00,-1.25454271e+00
2.991667,-7.36402225e+00,1.22914673e-03,-1.25751281e+00,-1.25628364e+00
2.995833,-7.37427187e+00,1.22913485e-03,-1.25925362e+00,-1.25802445e+00
3.000000,-7.38452148e+00,1.22908677e-03,-1.26099432e+00,-1.25976527e+00
3.004167,-7.39477110e+00,1.22906442e-03,-1.26273513e+00,-1.26150608e+00
3.008333,-7.40501976e+00,1.22898654e-03,-1.26447558e+00,-1.26324666e+00
3.012500,-7.41526937e+00,1.22909644e-03,-1.26621616e+00,-1.26498711e+00
3.016667,-7.42551899e+00,1.22903811e-03,-1.26795673e+00,-1.26672769e+00
3.020833,-7.43576765e+00,1.22902193e-03,-1.26969719e+00,-1.26846814e+00
3.025000,-7.44601727e+00,1.22903520e-03,-1.27143764e+00,-1.27020860e+00
3.029167,-7.45626640e+00,1.22904172e-03,-1.27317810e+00,-1.27194905e+00
3.033334,-7.46651506e+00,1.22897874e-03,-1.27491832e+00,-1.27368939e+00
3.037500,-7.47676420e+00,1.22891716e-03,-1.27665865e+00,-1.27542973e+00
3.041667,-7.48701286e+00,1.22892985e-03,-1.27839887e+00,-1.27716994e+00
3.045834,-7.49726152e+00,1.22890493e-03,-1.28013897e+00,-1.27891004e+00
3.050000,-7.50751019e+00,1.22891227e-03,-1.28187919e+00,-1.28065026e+00
3.054167,-7.51775980e+00,1.22896896e-03,-1.28361928e+00,-1.28239036e+00
3.058333,-7.52800846e+00,1.22895010e-03,-1.28535926e+00,-1.28413033e+00
3.062500,-7.53825712e+00,1.22892857e-03,-1.28709924e+00,-1.28587031e+00
3.066667,-7.54850578e+00,1.22885208e-03,-1.28883922e+00,-1.28761041e+00
3.070833,-7.55875349e+00,1.22887653e-03,-1.29057908e+00,-1.28935015e+00
3.075000,-7.56900215e+00,1.22881250e-03,-1.29231894e+00,-1.29109013e+00
3.079167,-7.57925081e+00,1.22882845e-03,-1.29405880e+00,-1.29282999e+00
3.083333,-7.58949947e+00,1.22880063e-03,-1.29579842e+00,-1.29456961e+00
3.087500,-7.59974766e+00,1.22879725e-03,-1.29753816e+00,-1.29630935e+00
3.091667,-7.60999537e+00,1.22873567e-03,-1.29927766e+00,-1.29804897e+00
3.095834,-7.62024307e+00,1.22866244e-03,-1.30101728e+00,-1.29978859e+00
3.100000,-7.63049173e+00,1.22877362e-03,-1.30275679e+00,-1.30152798e+00
3.104167,-7.64074039e+00,1.22878351e-03,-1.30449629e+00,-1.30326748e+00
3.108334,-7.65098858e+00,1.22868700e-03,-1.30623567e+00,-1.30500698e+00
3.112500,-7.66123629e+00,1.22870773e-03,-1.30797517e+00,-1.30674648e+00
3.116667,-7.67148352e+00,1.22870691e-03,-1.30971444e+00,-1.30848575e+00
3.120833,-7.68173122e+00,1.22860458e-03,-1.31145358e+00,-1.31022501e+00
3.125000,-7.69197798e+00,1.22858142e-03,-1.31319273e+00,-1.31196415e+00
3.129167,-7.70222616e+00,1.22858596e-03,-1.31493187e+00,-1.31370330e+00
3.133333,-7.71247196e+00,1.22852367e-03,-1.31667078e+00,-1.31544220e+00
3.137500,-7.72271919e+00,1.22855464e-03,-1.31840980e+00,-1.31718123e+00
3.141667,-7.73296595e+00,1.22859259e-03,-1.32014871e+00,-1.31892014e+00
3.145833,-7.74321413e+00,1.22859096e-03,-1.32188773e+00,-1.32065916e+00
3.150000,-7.75346088e+00,1.22852973e-03,-1.32362652e+00,-1.32239795e+00
3.154167,-7.76370811e+00,1.22848176e-03,-1.32536530e+00,-1.32413685e+00
3.158334,-7.77395487e+00,1.22845720e-03,-1.32710397e+00,-1.32587552e+00
3.162500,-7.78420210e+00,1.22846151e-03,-1.32884264e+00,-1.32761419e+00
3.166667,-7.79444790e+00,1.22840586e-03,-1.33058131e+00,-1.32935286e+00
3.170834,-7.80469513e+00,1.22844242e-03,-1.33231986e+00,-1.33109140e+00
3.175000,-7.81494141e+00,1.22835732e-03,-1.33405840e+00,-1.33283007e+00
3.179167,-7.82518721e+00,1.22836104e-03,-1.33579671e+00,-1.33456838e+00
3.183333,-7.83543348e+00,1.22838235e-03,-1.33753514e+00,-1.33630681e+00
3.187500,-7.84568024e+00,1.22836255e-03,-1.33927357e+00,-1.33804524e+00
3.191667,-7.85592651e+00,1.22838060e-03,-1.34101188e+00,-1.33978355e+00
3.195833,-7.86617279e+00,1.22835836e-03,-1.34275007e+00,-1.34152174e+00
3.200000,-7.87641907e+00,1.22835767e-03,-1.34448838e+00,-1.34326005e+00
3.204167,-7.88666487e+00,1.22829294e-03,-1.34622645e+00,-1.34499812e+00
3.208333,-7.89691114e+00,1.22824369e-03,-1.34796453e+00,-1.34673631e+00
3.212500,-7.90715742e+00,1.22825732e-03,-1.34970260e+00,-1.34847438e+00
3.216667,-7.91740322e+00,1.22824567e-03,-1.35144055e+00,-1.35021234e+00
3.220834,-7.92764854e+00,1.22817559e-03,-1.35317850e+00,-1.35195029e+00
3.225000,-7.93789482e+00,1.22816022e-03,-1.35491633e+00,-1.35368812e+00
3.229167,-7.94814014e+00,1.22815801e-03,-1.35665405e+00,-1.35542583e+00
3.233334,-7.95838642e+00,1.22824649e-03,-1.35839188e+00,-1.35716367e+00
3.237500,-7.96863174e+00,1.22820633e-03,-1.36012971e+00,-1.35890150e+00
3.241667,-7.97887754e+00,1.22821657e-03,-1.36186731e+00,-1.36063910e+00
3.245833,-7.98912287e+00,1.22812204e-03,-1.36360490e+00,-1.36237681e+00
3.250000,-7.99936819e+00,1.22810807e-03,-1.36534250e+00,-1.36411440e+00
3.254167,-8.00961399e+00,1.22804230e-03,-1.36707997e+00,-1.36585188e+00
3.258333,-8.01985836e+00,1.22804055e-03,-1.36881733e+00,-1.36758924e+00
3.262500,-8.03010368e+00,1.22797594e-03,-1.37055469e+00,-1.36932671e+00
3.266667,-8.04034805e+00,1.22798968e-03,-1.37229192e+00,-1.37106395e+00
3.270833,-8.05059242e+00,1.22799864e-03,-1.37402904e+00,-1.37280107e+00
3.275000,-8.06083775e+00,1.22803065e-03,-1.37576628e+00,-1.37453830e+00
3.279167,-8.07108307e+00,1.22797489e-03,-1.37750351e+00,-1.37627554e+00
3.283334,-8.08132744e+00,1.22799457e-03,-1.37924051e+00,-1.37801254e+00
3.287500,-8.09157181e+00,1.22793566e-03,-1.38097763e+00,-1.37974966e+00
3.291667,-8.10181618e+00,1.22793950e-03,-1.38271451e+00,-1.38148654e+00
3.295834,-8.11206055e+00,1.22784334e-03,-1.38445139e+00,-1.38322353e+00
3.300000,-8.12230587e+00,1.22788502e-03,-1.38618839e+00,-1.38496053e+00
3.304167,-8.13255024e+00,1.22782658e-03,-1.38792515e+00,-1.38669729e+00
3.308333,-8.14279270e+00,1.22778304e-03,-1.38966179e+00,-1.38843405e+00
3.312500,-8.15303707e+00,1.22782635e-03,-1.39139843e+00,-1.39017057e+00
3.316667,-8.16328049e+00,1.22772600e-03,-1.39313495e+00,-1.39190722e+00
3.320833,-8.17352486e+00,1.22782460e-03,-1.39487159e+00,-1.39364374e+00
3.325000,-8.18376923e+00,1.22773228e-03,-1.39660811e+00,-1.39538038e+00
3.329167,-8.19401360e+00,1.22782984e-03,-1.39834464e+00,-1.39711678e+00
3.333333,-8.20425606e+00,1.22773368e-03,-1.40008092e+00,-1.39885318e+00
3.337500,-8.21450043e+00,1.22767768e-03,-1.40181720e+00,-1.40058947e+00
3.341667,-8.22474289e+00,1.22764299e-03,-1.40355337e+00,-1.40232575e+00
3.345834,-8.23498631e+00,1.22764555e-03,-1.40528965e+00,-1.40406203e+00
3.350000,-8.24522877e+00,1.22755347e-03,-1.40702569e+00,-1.40579820e+00
3.354167,-8.25547123e+00,1.22757105e-03,-1.40876174e+00,-1.40753412e+00
3.358334,-8.26571465e+00,1.22757978e-03,-1.41049778e+00,-1.40927017e+00
3.362500,-8.27595806e+00,1.22754392e-03,-1.41223359e+00,-1.41100609e+00
3.366667,-8.28620243e+00,1.22767384e-03,-1.41396964e+00,-1.41274202e+00
3.370833,-8.29644489e+00,1.22758921e-03,-1.41570556e+00,-1.41447794e+00
3.375000,-8.30668831e+00,1.22761470e-03,-1.41744149e+00,-1.41621387e+00
3.379167,-8.31693077e+00,1.22758152e-03,-1.41917717e+00,-1.41794956e+00
3.383333,-8.32717419e+00,1.22746825e-03,-1.42091298e+00,-1.41968548e+00
3.387500,-8.33741665e+00,1.22742262e-03,-1.42264855e+00,-1.42142117e+00
3.391667,-8.34765911e+00,1.22746860e-03,-1.42438412e+00,-1.42315662e+00
3.395833,-8.35790062e+00,1.22741493e-03,-1.42611957e+00,-1.42489219e+00
3.400000,-8.36814404e+00,1.22743554e-03,-1.42785501e+00,-1.42662764e+00
3.404167,-8.37838554e+00,1.22735114e-03,-1.42959034e+00,-1.42836297e+00
3.408334,-8.38862801e+00,1.22729933e-03,-1.43132567e+00,-1.43009841e+00
3.412500,-8.39886951e+00,1.22740527e-03,-1.43306100e+00,-1.43183362e+00
3.416667,-8.40911102e+00,1.22733542e-03,-1.43479609e+00,-1.43356872e+00
3.420834,-8.41935349e+00,1.22734823e-03,-1.43653131e+00,-1.43530393e+00
3.425000,-8.42959499e+00,1.22727477e-03,-1.43826628e+00,-1.43703902e+00
3.429167,-8.43983650e+00,1.22728932e-03,-1.44000137e+00,-1.43877411e+00
3.433333,-8.45007896e+00,1.22723158e-03,-1.44173634e+00,-1.44050908e+00
3.437500,-8.46031952e+00,1.22726278e-03,-1.44347119e+00,-1.44224393e+00
3.441667,-8.47056198e+00,1.22717232e-03,-1.44520605e+00,-1.44397891e+00
3.445833,-8.48080254e+00,1.22715184e-03,-1.44694078e+00,-1.44571364e+00
3.450000,-8.49104404e+00,1.22718129e-03,-1.44867551e+00,-1.44744837e+00
3.454167,-8.50128555e+00,1.22720143e-03,-1.45041025e+00,-1.44918299e+00
3.458333,-8.51152611e+00,1.22718886e-03,-1.45214486e+00,-1.45091772e+00
3.462500,-8.52176857e+00,1.22717046e-03,-1.45387936e+00,-1.45265222e+00
3.466667,-8.53200912e+00,1.22713926e-03,-1.45561397e+00,-1.45438683e+00
3.470834,-8.54225063e+00,1.22712436e-03,-1.45734835e+00,-1.45612121e+00
3.475000,-8.55249119e+00,1.22708501e-03,-1.45908284e+00,-1.45785570e+00
3.479167,-8.56273270e+00,1.22699654e-03,-1.46081710e+00,-1.45959008e+00
3.483334,-8.57297325e+00,1.22703740e-03,-1.46255136e+00,-1.46132433e+00
3.487500,-8.58321381e+00,1.22696511e-03,-1.46428549e+00,-1.46305847e+00
3.491667,-8.59345341e+00,1.22697221e-03,-1.46601963e+00,-1.46479261e+00
3.495833,-8.60369396e+00,1.22688932e-03,-1.46775365e+00,-1.46652675e+00
3.500000,-8.61393452e+00,1.22693903e-03,-1.46948767e+00,-1.46826077e+00
3.504167,-8.62417412e+00,1.22698885e-03,-1.47122169e+00,-1.46999466e+00
3.508333,-8.63441467e+00,1.22693705e-03,-1.47295547e+00,-1.47172856e+00
3.512500,-8.64465427e+00,1.22686336e-03,-1.47468936e+00,-1.47346246e+00
3.516667,-8.65489483e+00,1.22687872e-03,-1.47642303e+00,-1.47519612e+00
3.520833,-8.66513443e+00,1.22682168e-03,-1.47815669e+00,-1.47692990e+00
3.525000,-8.67537498e+00,1.22680096e-03,-1.47989047e+00,-1.47866368e+00
3.529167,-8.68561459e+00,1.22676790e-03,-1.48162401e+00,-1.48039722e+00
3.533334,-8.69585419e+00,1.22669665e-03,-1.48335743e+00,-1.48213077e+00
3.537500,-8.70609283e+00,1.22675707e-03,-1.48509085e+00,-1.48386407e+00
3.541667,-8.71633244e+00,1.22670387e-03,-1.48682415e+00,-1.48559749e+00
3.545834,-8.72657204e+00,1.22676638e-03,-1.48855758e+00,-1.48733079e+00
3.550000,-8.73681164e+00,1.22673926e-03,-1.49029088e+00,-1.48906410e+00
3.554167,-8.74705124e+00,1.22673833e-03,-1.49202418e+00,-1.49079740e+00
3.558334,-8.75729084e+00,1.22656871e-03,-1.49375725e+00,-1.49253070e+00
3.562500,-8.76752853e+00,1.22665439e-03,-1.49549031e+00,-1.49426365e+00
3.566667,-8.77776909e+00,1.22662901e-03,-1.49722350e+00,-1.49599683e+00
3.570833,-8.78800774e+00,1.22660131e-03,-1.49895644e+00,-1.49772990e+00
3.575000,-8.79824638e+00,1.22659747e-03,-1.50068939e+00,-1.49946284e+00
3.579167,-8.80848503e+00,1.22654042e-03,-1.50242221e+00,-1.50119567e+00
3.583333,-8.81872368e+00,1.22652040e-03,-1.50415504e+00,-1.50292850e+00
3.587500,-8.82896233e+00,1.22644647e-03,-1.50588775e+00,-1.50466132e+00
3.591667,-8.83920097e+00,1.22654485e-03,-1.50762045e+00,-1.50639391e+00
3.595834,-8.84943962e+00,1.22651458e-03,-1.50935304e+00,-1.50812650e+00
3.600000,-8.85967827e+00,1.22657605e-03,-1.51108563e+00,-1.50985909e+00
3.604167,-8.86991692e+00,1.22642657e-03,-1.51281810e+00,-1.51159167e+00
3.608334,-8.88015556e+00,1.22635532e-03,-1.51455057e+00,-1.51332426e+00
3.612500,-8.89039421e+00,1.22638664e-03,-1.51628292e+00,-1.51505649e+00
3.616667,-8.90063095e+00,1.22639781e-03,-1.51801515e+00,-1.51678872e+00
3.620834,-8.91086864e+00,1.22633541e-03,-1.51974738e+00,-1.51852107e+00
3.625000,-8.92110538e+00,1.22630445e-03,-1.52147949e+00,-1.52025318e+00
3.629167,-8.93134403e+00,1.22622866e-03,-1.52321160e+00,-1.52198541e+00
3.633333,-8.94158173e+00,1.22628361e-03,-1.52494371e+00,-1.52371740e+00
3.637500,-8.95181942e+00,1.22628408e-03,-1.52667558e+00,-1.52544928e+00
3.641667,-8.96205711e+00,1.22627092e-03,-1.52840757e+00,-1.52718127e+00
3.645833,-8.97229385e+00,1.22623367e-03,-1.53013933e+00,-1.52891314e+00
3.650000,-8.98253155e+00,1.22619211e-03,-1.53187120e+00,-1.53064501e+00
3.654167,-8.99276829e+00,1.22618757e-03,-1.53360283e+00,-1.53237665e+00
3.658334,-9.00300503e+00,1.22611993e-03,-1.53533447e+00,-1.53410840e+00
3.662500,-9.01324177e+00,1.22612983e-03,-1.53706598e+00,-1.53583980e+00
3.666667,-9.02347851e+00,1.22608908e-03,-1.53879750e+00,-1.53757143e+00
3.670834,-9.03371525e+00,1.22603285e-03,-1.54052889e+00,-1.53930283e+00
3.675000,-9.04395103e+00,1.22597814e-03,-1.54226017e+00,-1.54103422e+00
3.679167,-9.05418682e+00,1.22599560e-03,-1.54399145e+00,-1.54276550e+00
3.683334,-9.06442356e+00,1.22606556e-03,-1.54572272e+00,-1.54449666e+00
3.687500,-9.07466030e+00,1.22602540e-03,-1.54745400e+00,-1.54622793e+00
3.691667,-9.08489609e+00,1.22597313e-03,-1.54918504e+00,-1.54795909e+00
3.695833,-9.09513187e+00,1.22590666e-03,-1.55091608e+00,-1.54969013e+00
3.700000,-9.10536766e+00,1.22588838e-03,-1.55264699e+00,-1.55142117e+00
3.704167,-9.11560345e+00,1.22588989e-03,-1.55437803e+00,-1.55315208e+00
3.708333,-9.12584019e+00,1.22583983e-03,-1.55610871e+00,-1.55488288e+00
3.712500,-9.13607597e+00,1.22581853e-03,-1.55783951e+00,-1.55661368e+00
3.716667,-9.14631081e+00,1.22577907e-03,-1.55957019e+00,-1.55834436e+00
3.720834,-9.15654564e+00,1.22579082e-03,-1.56130075e+00,-1.56007493e+00
3.725000,-9.16678047e+00,1.22574018e-03,-1.56303132e+00,-1.56180561e+00
3.729167,-9.17701626e+00,1.22585881e-03,-1.56476188e+00,-1.56353605e+00
3.733334,-9.18725204e+00,1.22577255e-03,-1.56649244e+00,-1.56526661e+00
3.737500,-9.19748688e+00,1.22570072e-03,-1.56822276e+00,-1.56699705e+00
3.741667,-9.20772171e+00,1.22566882e-03,-1.56995308e+00,-1.56872737e+00
3.745834,-9.21795654e+00,1.22562668e-03,-1.57168329e+00,-1.57045770e+00
3.750000,-9.22819233e+00,1.22563518e-03,-1.57341349e+00,-1.57218790e+00
3.754167,-9.23842621e+00,1.22563948e-03,-1.57514358e+00,-1.57391798e+00
3.758333,-9.24866104e+00,1.22559315e-03,-1.57687366e+00,-1.57564807e+00
3.762500,-9.25889492e+00,1.22555089e-03,-1.57860374e+00,-1.57737815e+00
3.766667,-9.26912975e+00,1.22555764e-03,-1.58033359e+00,-1.57910800e+00
3.770833,-9.27936363e+00,1.22544006e-03,-1.58206332e+00,-1.58083785e+00
3.775000,-9.28959751e+00,1.22548710e-03,-1.58379316e+00,-1.58256769e+00
3.779167,-9.29983234e+00,1.22553785e-03,-1.58552289e+00,-1.58429730e+00
3.783334,-9.31006622e+00,1.22545648e-03,-1.58725250e+00,-1.58602703e+00
3.787500,-9.32030010e+00,1.22547685e-03,-1.58898211e+00,-1.58775663e+00
3.791667,-9.33053398e+00,1.22540561e-03,-1.59071159e+00,-1.58948624e+00
3.795834,-9.34076691e+00,1.22539361e-03,-1.59244096e+00,-1.59121561e+00
3.800000,-9.35100079e+00,1.22530758e-03,-1.59417033e+00,-1.59294498e+00
3.804167,-9.36123466e+00,1.22536358e-03,-1.59589958e+00,-1.59467423e+00
3.808334,-9.37146759e+00,1.22534251e-03,-1.59762895e+00,-1.59640360e+00
3.812500,-9.38170147e+00,1.22520688e-03,-1.59935808e+00,-1.59813285e+00
3.816667,-9.39193439e+00,1.22523704e-03,-1.60108733e+00,-1.59986210e+00
3.820833,-9.40216827e+00,1.22527604e-03,-1.60281634e+00,-1.60159111e+00
3.825000,-9.41240025e+00,1.22520491e-03,-1.60454535e+00,-1.60332012e+00
3.829167,-9.42263412e+00,1.22529513e-03,-1.60627437e+00,-1.60504901e+00
3.833333,-9.43286705e+00,1.22519420e-03,-1.60800326e+00,-1.60677803e+00
3.837500,-9.44309998e+00,1.22520281e-03,-1.60973215e+00,-1.60850692e+00
3.841667,-9.45333290e+00,1.22517371e-03,-1.61146080e+00,-1.61023557e+00
3.845834,-9.46356487e+00,1.22504286e-03,-1.61318946e+00,-1.61196446e+00
3.850000,-9.47379780e+00,1.22508104e-03,-1.61491799e+00,-1.61369288e+00
3.854167,-9.48402977e+00,1.22503878e-03,-1.61664641e+00,-1.61542141e+00
3.858334,-9.49426079e+00,1.22498069e-03,-1.61837482e+00,-1.61714983e+00
3.862500,-9.50449276e+00,1.22498802e-03,-1.62010312e+00,-1.61887813e+00
3.866667,-9.51472473e+00,1.22503261e-03,-1.62183142e+00,-1.62060642e+00
3.870834,-9.52495766e+00,1.22495135e-03,-1.62355971e+00,-1.62233472e+00
3.875000,-9.53518963e+00,1.22499373e-03,-1.62528789e+00,-1.62406290e+00
3.879167,-9.54542065e+00,1.22489536e-03,-1.62701607e+00,-1.62579119e+00
3.883333,-9.55565262e+00,1.22494355e-03,-1.62874401e+00,-1.62751901e+00
3.887500,-9.56588364e+00,1.22483470e-03,-1.63047206e+00,-1.62924719e+00
3.891667,-9.57611656e+00,1.22489128e-03,-1.63220000e+00,-1.63097513e+00
3.895833,-9.58634853e+00,1.22481422e-03,-1.63392794e+00,-1.63270319e+00
3.900000,-9.59657860e+00,1.22474413e-03,-1.63565564e+00,-1.63443089e+00
3.904167,-9.60680962e+00,1.22473156e-03,-1.63738334e+00,-1.63615859e+00
3.908334,-9.61704063e+00,1.22473738e-03,-1.63911080e+00,-1.63788605e+00
3.912500,-9.62727165e+00,1.22474111e-03,-1.64083838e+00,-1.63961363e+00
3.916667,-9.63750267e+00,1.22476940e-03,-1.64256597e+00,-1.64134121e+00
3.920834,-9.64773369e+00,1.22473738e-03,-1.64429343e+00,-1.64306867e+00
3.925000,-9.65796375e+00,1.22465543e-03,-1.64602065e+00,-1.64479601e+00
3.929167,-9.66819382e+00,1.22463144e-03,-1.64774787e+00,-1.64652324e+00
3.933334,-9.67842388e+00,1.22462423e-03,-1.64947522e+00,-1.64825058e+00
3.937500,-9.68865490e+00,1.22459757e-03,-1.65120232e+00,-1.64997768e+00
3.941667,-9.69888592e+00,1.22454879e-03,-1.65292943e+00,-1.65170491e+00
3.945833,-9.70911503e+00,1.22447836e-03,-1.65465641e+00,-1.65343189e+00
3.950000,-9.71934509e+00,1.22445007e-03,-1.65638328e+00,-1.65515888e+00
3.954167,-9.72957516e+00,1.22438069e-03,-1.65811002e+00,-1.65688562e+00
3.958333,-9.73980427e+00,1.22448639e-03,-1.65983689e+00,-1.65861237e+00
3.962500,-9.75003529e+00,1.22450548e-03,-1.66156375e+00,-1.66033924e+00
3.966667,-9.76026440e+00,1.22439419e-03,-1.66329038e+00,-1.66206598e+00
3.970834,-9.77049446e+00,1.22439954e-03,-1.66501689e+00,-1.66379249e+00
3.975000,-9.78072357e+00,1.22441305e-03,-1.66674352e+00,-1.66551912e+00
3.979167,-9.79095268e+00,1.22434576e-03,-1.66846991e+00,-1.66724551e+00
3.983334,-9.80118275e+00,1.22436264e-03,-1.67019629e+00,-1.66897190e+00
3.987500,-9.81141090e+00,1.22423621e-03,-1.67192256e+00,-1.67069829e+00
3.991667,-9.82164001e+00,1.22427358e-03,-1.67364872e+00,-1.67242444e+00
3.995834,-9.83186913e+00,1.22424774e-03,-1.67537487e+00,-1.67415059e+00
4.000000,-9.84209728e+00,1.22419931e-03,-1.67710090e+00,-1.67587674e+00
4.004167,-9.85232639e+00,1.22427591e-03,-1.67882705e+00,-1.67760277e+00
4.008334,-9.86255550e+00,1.22420362e-03,-1.68055296e+00,-1.67932880e+00
4.012500,-9.87278366e+00,1.22416508e-03,-1.68227899e+00,-1.68105483e+00
4.016667,-9.88301182e+00,1.22412085e-03,-1.68400478e+00,-1.68278062e+00
4.020833,-9.89324093e+00,1.22414692e-03,-1.68573058e+00,-1.68450642e+00
4.025000,-9.90346813e+00,1.22407672e-03,-1.68745625e+00,-1.68623221e+00
4.029167,-9.91369629e+00,1.22395984e-03,-1.68918169e+00,-1.68795776e+00
4.033334,-9.92392445e+00,1.22399710e-03,-1.69090724e+00,-1.68968320e+00
4.037500,-9.93415165e+00,1.22396566e-03,-1.69263268e+00,-1.69140875e+00
4.041667,-9.94437885e+00,1.22392573e-03,-1.69435799e+00,-1.69313407e+00
4.045834,-9.95460510e+00,1.22384564e-03,-1.69608319e+00,-1.69485939e+00
4.050000,-9.96483421e+00,1.22385134e-03,-1.69780838e+00,-1.69658458e+00
4.054167,-9.97506142e+00,1.22388708e-03,-1.69953370e+00,-1.69830978e+00
4.058333,-9.98528862e+00,1.22392457e-03,-1.70125878e+00,-1.70003486e+00
4.062500,-9.99551582e+00,1.22380734e-03,-1.70298386e+00,-1.70176005e+00
4.066667,-1.00057430e+01,1.22377742e-03,-1.70470870e+00,-1.70348489e+00
4.070834,-1.00159702e+01,1.22379465e-03,-1.70643365e+00,-1.70520985e+00
4.075000,-1.00261974e+01,1.22376787e-03,-1.70815849e+00,-1.70693469e+00
4.079167,-1.00364237e+01,1.22366438e-03,-1.70988309e+00,-1.70865941e+00
4.083333,-1.00466499e+01,1.22366950e-03,-1.71160769e+00,-1.71038401e+00
4.087500,-1.00568762e+01,1.22367602e-03,-1.71333230e+00,-1.71210861e+00
4.091667,-1.00671034e+01,1.22360303e-03,-1.71505690e+00,-1.71383333e+00
4.095834,-1.00773287e+01,1.22358487e-03,-1.71678114e+00,-1.71555758e+00
4.100000,-1.00875540e+01,1.22361898e-03,-1.71850550e+00,-1.71728194e+00
4.104167,-1.00977812e+01,1.22352457e-03,-1.72022986e+00,-1.71900630e+00
4.108334,-1.01080065e+01,1.22358836e-03,-1.72195411e+00,-1.72073054e+00
4.112500,-1.01182318e+01,1.22353272e-03,-1.72367823e+00,-1.72245467e+00
4.116667,-1.01284580e+01,1.22350792e-03,-1.72540236e+00,-1.72417879e+00
4.120833,-1.01386833e+01,1.22347823e-03,-1.72712636e+00,-1.72590292e+00
4.125000,-1.01489086e+01,1.22341025e-03,-1.72885025e+00,-1.72762680e+00
4.129167,-1.01591358e+01,1.22341956e-03,-1.73057413e+00,-1.72935069e+00
4.133334,-1.01693602e+01,1.22339837e-03,-1.73229790e+00,-1.73107445e+00
4.137500,-1.01795855e+01,1.22335833e-03,-1.73402166e+00,-1.73279834e+00
4.141667,-1.01898108e+01,1.22329697e-03,-1.73574531e+00,-1.73452199e+00
4.145833,-1.02000360e+01,1.22335914e-03,-1.73746896e+00,-1.73624563e+00
4.150000,-1.02102604e+01,1.22333178e-03,-1.73919237e+00,-1.73796904e+00
4.154167,-1.02204857e+01,1.22327392e-03,-1.74091589e+00,-1.73969257e+00
4.158334,-1.02307100e+01,1.22326089e-03,-1.74263918e+00,-1.74141598e+00
4.162500,-1.02409353e+01,1.22321432e-03,-1.74436247e+00,-1.74313927e+00
4.166667,-1.02511597e+01,1.22319488e-03,-1.74608564e+00,-1.74486244e+00
4.170834,-1.02613840e+01,1.22317951e-03,-1.74780881e+00,-1.74658561e+00
4.175000,-1.02716084e+01,1.22310640e-03,-1.74953187e+00,-1.74830878e+00
4.179167,-1.02818327e+01,1.22308871e-03,-1.75125492e+00,-1.75003183e+00
4.183333,-1.02920570e+01,1.22302934e-03,-1.75297773e+00,-1.75175464e+00
4.187500,-1.03022804e+01,1.22303690e-03,-1.75470054e+00,-1.75347745e+00
4.191667,-1.03125048e+01,1.22311036e-03,-1.75642335e+00,-1.75520027e+00
4.195834,-1.03227291e+01,1.22302794e-03,-1.75814617e+00,-1.75692308e+00
4.200000,-1.03329515e+01,1.22304203e-03,-1.75986874e+00,-1.75864565e+00
4.204167,-1.03431749e+01,1.22290337e-03,-1.76159120e+00,-1.76036835e+00
4.208333,-1.03533983e+01,1.22285029e-03,-1.76331365e+00,-1.76209080e+00
4.212500,-1.03636208e+01,1.22289825e-03,-1.76503611e+00,-1.76381326e+00
4.216667,-1.03738441e+01,1.22280046e-03,-1.76675832e+00,-1.76553547e+00
4.220834,-1.03840666e+01,1.22285122e-03,-1.76848054e+00,-1.76725769e+00
4.225000,-1.03942900e+01,1.22273911e-03,-1.77020264e+00,-1.76897991e+00
4.229167,-1.04045115e+01,1.22276519e-03,-1.77192461e+00,-1.77070189e+00
4.233334,-1.04147348e+01,1.22272759e-03,-1.77364671e+00,-1.77242398e+00
4.237500,-1.04249573e+01,1.22274878e-03,-1.77536857e+00,-1.77414584e+00
4.241667,-1.04351788e+01,1.22278393e-03,-1.77709043e+00,-1.77586770e+00
4.245833,-1.04454012e+01,1.22272328e-03,-1.77881229e+00,-1.77758956e+00
4.250000,-1.04556236e+01,1.22265029e-03,-1.78053391e+00,-1.77931130e+00
4.254167,-1.04658461e+01,1.22259604e-03,-1.78225553e+00,-1.78103292e+00
4.258334,-1.04760685e+01,1.22262677e-03,-1.78397715e+00,-1.78275454e+00
4.262500,-1.04862900e+01,1.22258021e-03,-1.78569853e+00,-1.78447592e+00
4.266667,-1.04965105e+01,1.22245785e-03,-1.78741980e+00,-1.78619730e+00
4.270833,-1.05067320e+01,1.22247846e-03,-1.78914106e+00,-1.78791857e+00
4.275000,-1.05169525e+01,1.22241268e-03,-1.79086220e+00,-1.78963983e+00
4.279167,-1.05271730e+01,1.22241024e-03,-1.79258335e+00,-1.79136097e+00
4.283334,-1.05373936e+01,1.22229289e-03,-1.79430425e+00,-1.79308200e+00
4.287500,-1.05476141e+01,1.22240512e-03,-1.79602528e+00,-1.79480290e+00
4.291667,-1.05578356e+01,1.22232037e-03,-1.79774630e+00,-1.79652393e+00
4.295834,-1.05680561e+01,1.22235133e-03,-1.79946709e+00,-1.79824471e+00
4.300000,-1.05782776e+01,1.22228288e-03,-1.80118799e+00,-1.79996574e+00
4.304167,-1.05884981e+01,1.22236018e-03,-1.80290866e+00,-1.80168629e+00
4.308333,-1.05987186e+01,1.22226716e-03,-1.80462933e+00,-1.80340707e+00
4.312500,-1.06089392e+01,1.22222817e-03,-1.80634987e+00,-1.80512762e+00
4.316667,-1.06191597e+01,1.22226763e-03,-1.80807042e+00,-1.80684817e+00
4.320834,-1.06293793e+01,1.22214248e-03,-1.80979085e+00,-1.80856872e+00
4.325000,-1.06395988e+01,1.22213503e-03,-1.81151104e+00,-1.81028891e+00
4.329167,-1.06498194e+01,1.22204854e-03,-1.81323111e+00,-1.81200910e+00
4.333333,-1.06600399e+01,1.22211245e-03,-1.81495142e+00,-1.81372929e+00
4.337500,-1.06702585e+01,1.22208800e-03,-1.81667149e+00,-1.81544936e+00
4.341667,-1.06804781e+01,1.22200348e-03,-1.81839144e+00,-1.81716943e+00
4.345834,-1.06906967e+01,1.22201326e-03,-1.82011139e+00,-1.81888938e+00
4.350000,-1.07009163e+01,1.22194306e-03,-1.82183123e+00,-1.82060933e+00
4.354167,-1.07111349e+01,1.22192735e-03,-1.82355106e+00,-1.82232916e+00
4.358334,-1.07213545e+01,1.22195890e-03,-1.82527077e+00,-1.82404876e+00
4.362500,-1.07315731e+01,1.22187892e-03,-1.82699037e+00,-1.82576847e+00
4.366667,-1.07417917e+01,1.22178847e-03,-1.82870996e+00,-1.82748818e+00
4.370833,-1.07520103e+01,1.22179603e-03,-1.83042932e+00,-1.82920754e+00
4.375000,-1.07622280e+01,1.22174213e-03,-1.83214867e+00,-1.83092690e+00
4.379167,-1.07724476e+01,1.22172246e-03,-1.83386791e+00,-1.83264613e+00
4.383334,-1.07826653e+01,1.22176483e-03,-1.83558714e+00,-1.83436537e+00
4.387500,-1.07928829e+01,1.22170849e-03,-1.83730614e+00,-1.83608449e+00
4.391667,-1.08031015e+01,1.22168625e-03,-1.83902526e+00,-1.83780360e+00
4.395833,-1.08133192e+01,1.22164167e-03,-1.84074426e+00,-1.83952260e+00
4.400000,-1.08235359e+01,1.22158008e-03,-1.84246314e+00,-1.84124160e+00
4.404167,-1.08337545e+01,1.22160604e-03,-1.84418190e+00,-1.84296024e+00
4.408334,-1.08439722e+01,1.22157857e-03,-1.84590077e+00,-1.84467924e+00
4.412500,-1.08541889e+01,1.22148881e-03,-1.84761941e+00,-1.84639788e+00
4.416667,-1.08644066e+01,1.22144981e-03,-1.84933805e+00,-1.84811664e+00
4.420834,-1.08746233e+01,1.22143875e-03,-1.85105646e+00,-1.84983504e+00
4.425000,-1.08848410e+01,1.22143165e-03,-1.85277498e+00,-1.85155356e+00
4.429167,-1.08950577e+01,1.22153154e-03,-1.85449338e+00,-1.85327184e+00
4.433333,-1.09052744e+01,1.22148613e-03,-1.85621166e+00,-1.85499012e+00
4.437500,-1.09154921e+01,1.22143177e-03,-1.85792994e+00,-1.85670853e+00
4.441667,-1.09257069e+01,1.22132513e-03,-1.85964799e+00,-1.85842669e+00
4.445834,-1.09359245e+01,1.22128148e-03,-1.86136603e+00,-1.86014473e+00
4.450000,-1.09461403e+01,1.22123607e-03,-1.86308396e+00,-1.86186278e+00
4.454167,-1.09563570e+01,1.22119952e-03,-1.86480188e+00,-1.86358070e+00
4.458333,-1.09665728e+01,1.22114667e-03,-1.86651957e+00,-1.86529839e+00
4.462500,-1.09767885e+01,1.22116995e-03,-1.86823738e+00,-1.86701620e+00
4.466667,-1.09870043e+01,1.22114306e-03,-1.86995494e+00,-1.86873376e+00
4.470834,-1.09972191e+01,1.22108241e-03,-1.87167251e+00,-1.87045145e+00
4.475000,-1.10074348e+01,1.22110709e-03,-1.87338996e+00,-1.87216890e+00
4.479167,-1.10176506e+01,1.22113945e-03,-1.87510741e+00,-1.87388623e+00
4.483334,-1.10278664e+01,1.22108811e-03,-1.87682474e+00,-1.87560368e+00
4.487500,-1.10380821e+01,1.22107798e-03,-1.87854207e+00,-1.87732100e+00
4.491667,-1.10482969e+01,1.22100930e-03,-1.88025928e+00,-1.87903821e+00
4.495833,-1.10585117e+01,1.22096261e-03,-1.88197625e+00,-1.88075531e+00
4.500000,-1.10687275e+01,1.22091058e-03,-1.88369334e+00,-1.88247240e+00
4.504167,-1.10789413e+01,1.22086739e-03,-1.88541019e+00,-1.88418937e+00
4.508334,-1.10891562e+01,1.22080685e-03,-1.88712704e+00,-1.88590622e+00
4.512500,-1.10993700e+01,1.22079765e-03,-1.88884389e+00,-1.88762307e+00
4.516667,-1.11095848e+01,1.22078008e-03,-1.89056039e+00,-1.88933957e+00
4.520833,-1.11197987e+01,1.22075295e-03,-1.89227700e+00,-1.89105630e+00
4.525000,-1.11300125e+01,1.22076913e-03,-1.89399362e+00,-1.89277279e+00
4.529167,-1.11402264e+01,1.22076343e-03,-1.89571011e+00,-1.89448929e+00
4.533334,-1.11504412e+01,1.22075714e-03,-1.89742649e+00,-1.89620578e+00
4.537500,-1.11606550e+01,1.22064457e-03,-1.89914286e+00,-1.89792216e+00
4.541667,-1.11708689e+01,1.22059847e-03,-1.90085900e+00,-1.89963841e+00
4.545834,-1.11810818e+01,1.22064305e-03,-1.90257514e+00,-1.90135455e+00
4.550000,-1.11912947e+01,1.22053258e-03,-1.90429115e+00,-1.90307057e+00
4.554167,-1.12015085e+01,1.22052780e-03,-1.90600717e+00,-1.90478659e+00
4.558333,-1.12117214e+01,1.22047844e-03,-1.90772307e+00,-1.90650260e+00
4.562500,-1.12219343e+01,1.22041372e-03,-1.90943873e+00,-1.90821826e+00
4.566667,-1.12321472e+01,1.22041453e-03,-1.91115451e+00,-1.90993404e+00
4.570834,-1.12423601e+01,1.22035714e-03,-1.91287005e+00,-1.91164970e+00
4.575000,-1.12525721e+01,1.22047495e-03,-1.91458559e+00,-1.91336513e+00
4.579167,-1.12627840e+01,1.22035795e-03,-1.91630101e+00,-1.91508067e+00
4.583333,-1.12729969e+01,1.22033781e-03,-1.91801643e+00,-1.91679609e+00
4.587500,-1.12832088e+01,1.22038904e-03,-1.91973174e+00,-1.91851139e+00
4.591667,-1.12934198e+01,1.22027041e-03,-1.92144692e+00,-1.92022669e+00
4.595834,-1.13036327e+01,1.22020906e-03,-1.92316198e+00,-1.92194176e+00
4.600000,-1.13138437e+01,1.22021709e-03,-1.92487705e+00,-1.92365682e+00
4.604167,-1.13240547e+01,1.22010673e-03,-1.92659199e+00,-1.92537189e+00
4.608334,-1.13342667e+01,1.22012326e-03,-1.92830682e+00,-1.92708671e+00
4.612500,-1.13444786e+01,1.22005644e-03,-1.93002164e+00,-1.92880154e+00
4.616667,-1.13546896e+01,1.22001197e-03,-1.93173635e+00,-1.93051636e+00
4.620833,-1.13649006e+01,1.22001010e-03,-1.93345094e+00,-1.93223095e+00
4.625000,-1.13751106e+01,1.22011523e-03,-1.93516552e+00,-1.93394542e+00
4.629167,-1.13853216e+01,1.21995143e-03,-1.93687987e+00,-1.93565989e+00
4.633334,-1.13955326e+01,1.21997017e-03,-1.93859434e+00,-1.93737435e+00
4.637500,-1.14057446e+01,1.21995551e-03,-1.94030869e+00,-1.93908870e+00
4.641667,-1.14159546e+01,1.21992500e-03,-1.94202292e+00,-1.94080305e+00
4.645833,-1.14261646e+01,1.21982663e-03,-1.94373703e+00,-1.94251716e+00
4.650000,-1.14363747e+01,1.21977064e-03,-1.94545114e+00,-1.94423139e+00
4.654167,-1.14465857e+01,1.21973420e-03,-1.94716513e+00,-1.94594538e+00
4.658334,-1.14567947e+01,1.21974619e-03,-1.94887900e+00,-1.94765925e+00
4.662500,-1.14670038e+01,1.21968624e-03,-1.95059276e+00,-1.94937313e+00
4.666667,-1.14772139e+01,1.21970451e-03,-1.95230651e+00,-1.95108676e+00
4.670834,-1.14874229e+01,1.21964968e-03,-1.95402014e+00,-1.95280051e+00
4.675000,-1.14976320e+01,1.21967506e-03,-1.95573366e+00,-1.95451403e+00
4.679167,-1.15078421e+01,1.21958670e-03,-1.95744717e+00,-1.95622754e+00
4.683333,-1.15180511e+01,1.21959276e-03,-1.95916057e+00,-1.95794094e+00
4.687500,-1.15282602e+01,1.21950591e-03,-1.96087384e+00,-1.95965433e+00
4.691667,-1.15384684e+01,1.21953827e-03,-1.96258700e+00,-1.96136749e+00
4.695834,-1.15486765e+01,1.21940812e-03,-1.96430016e+00,-1.96308076e+00
4.700000,-1.15588856e+01,1.21943117e-03,-1.96601319e+00,-1.96479380e+00
4.704167,-1.15690937e+01,1.21940509e-03,-1.96772611e+00,-1.96650672e+00
4.708333,-1.15793018e+01,1.21932465e-03,-1.96943891e+00,-1.96821964e+00
4.712500,-1.15895100e+01,1.21930160e-03,-1.97115171e+00,-1.96993244e+00
4.716667,-1.15997181e+01,1.21927389e-03,-1.97286439e+00,-1.97164512e+00
4.720834,-1.16099262e+01,1.21930800e-03,-1.97457707e+00,-1.97335780e+00
4.725000,-1.16201344e+01,1.21937064e-03,-1.97628963e+00,-1.97507024e+00
4.729167,-1.16303425e+01,1.21931045e-03,-1.97800219e+00,-1.97678292e+00
4.733334,-1.16405497e+01,1.21919042e-03,-1.97971451e+00,-1.97849536e+00
4.737500,-1.16507578e+01,1.21925189e-03,-1.98142695e+00,-1.98020768e+00
4.741667,-1.16609640e+01,1.21907867e-03,-1.98313916e+00,-1.98192012e+00
4.745833,-1.16711712e+01,1.21908647e-03,-1.98485112e+00,-1.98363209e+00
4.750000,-1.16813793e+01,1.21903932e-03,-1.98656321e+00,-1.98534417e+00
4.754167,-1.16915846e+01,1.21905981e-03,-1.98827517e+00,-1.98705614e+00
4.758334,-1.17017927e+01,1.21900439e-03,-1.98998713e+00,-1.98876810e+00
4.762500,-1.17119999e+01,1.21892989e-03,-1.99169886e+00,-1.99047995e+00
4.766667,-1.17222052e+01,1.21887319e-03,-1.99341047e+00,-1.99219155e+00
4.770833,-1.17324114e+01,1.21892372e-03,-1.99512208e+00,-1.99390316e+00
4.775000,-1.17426186e+01,1.21888239e-03,-1.99683356e+00,-1.99561465e+00
4.779167,-1.17528248e+01,1.21888111e-03,-1.99854505e+00,-1.99732614e+00
4.783334,-1.17630301e+01,1.21877424e-03,-2.00025630e+00,-1.99903750e+00
4.787500,-1.17732363e+01,1.21877401e-03,-2.00196767e+00,-2.00074887e+00
4.791667,-1.17834415e+01,1.21875340e-03,-2.00367904e+00,-2.00246024e+00
4.795834,-1.17936468e+01,1.21870544e-03,-2.00538993e+00,-2.00417113e+00
4.800000,-1.18038530e+01,1.21869287e-03,-2.00710106e+00,-2.00588226e+00
4.804167,-1.18140574e+01,1.21853454e-03,-2.00881195e+00,-2.00759339e+00
4.808333,-1.18242626e+01,1.21856178e-03,-2.01052260e+00,-2.00930405e+00
4.812500,-1.18344679e+01,1.21857179e-03,-2.01223350e+00,-2.01101494e+00
4.816667,-1.18446722e+01,1.21856458e-03,-2.01394415e+00,-2.01272559e+00
4.820834,-1.18548765e+01,1.21861161e-03,-2.01565480e+00,-2.01443624e+00
4.825000,-1.18650827e+01,1.21855910e-03,-2.01736546e+00,-2.01614690e+00
4.829167,-1.18752861e+01,1.21842523e-03,-2.01907563e+00,-2.01785731e+00
4.833333,-1.18854904e+01,1.21848797e-03,-2.02078605e+00,-2.01956749e+00
4.837500,-1.18956947e+01,1.21839973e-03,-2.02249622e+00,-2.02127790e+00
4.841667,-1.19058990e+01,1.21829123e-03,-2.02420640e+00,-2.02298808e+00
4.845834,-1.19161024e+01,1.21830218e-03,-2.02591658e+00,-2.02469826e+00
4.850000,-1.19263067e+01,1.21834013e-03,-2.02762651e+00,-2.02640820e+00
4.854167,-1.19365091e+01,1.21829426e-03,-2.02933645e+00,-2.02811813e+00
4.858334,-1.19467134e+01,1.21824688e-03,-2.03104615e+00,-2.02982783e+00
4.862500,-1.19569168e+01,1.21818436e-03,-2.03275585e+00,-2.03153777e+00
4.866667,-1.19671202e+01,1.21816294e-03,-2.03446531e+00,-2.03324723e+00
4.870833,-1.19773226e+01,1.21816923e-03,-2.03617501e+00,-2.03495693e+00
4.875000,-1.19875259e+01,1.21808855e-03,-2.03788447e+00,-2.03666639e+00
4.879167,-1.19977274e+01,1.21805642e-03,-2.03959370e+00,-2.03837562e+00
4.883334,-1.20079308e+01,1.21803291e-03,-2.04130292e+00,-2.04008484e+00
4.887500,-1.20181332e+01,1.21801440e-03,-2.04301214e+00,-2.04179406e+00
4.891667,-1.20283356e+01,1.21797295e-03,-2.04472136e+00,-2.04350328e+00
4.895833,-1.20385370e+01,1.21793360e-03,-2.04643035e+00,-2.04521251e+00
4.900000,-1.20487394e+01,1.21788122e-03,-2.04813910e+00,-2.04692125e+00
4.904167,-1.20589418e+01,1.21784327e-03,-2.04984784e+00,-2.04863000e+00
4.908334,-1.20691423e+01,1.21782953e-03,-2.05155659e+00,-2.05033875e+00
4.912500,-1.20793438e+01,1.21773360e-03,-2.05326509e+00,-2.05204725e+00
4.916667,-1.20895452e+01,1.21774210e-03,-2.05497384e+00,-2.05375600e+00
4.920834,-1.20997467e+01,1.21775607e-03,-2.05668235e+00,-2.05546451e+00
4.925000,-1.21099482e+01,1.21768704e-03,-2.05839062e+00,-2.05717301e+00
4.929167,-1.21201496e+01,1.21766201e-03,-2.06009889e+00,-2.05888128e+00
4.933333,-1.21303501e+01,1.21760648e-03,-2.06180716e+00,-2.06058955e+00
4.937500,-1.21405516e+01,1.21758017e-03,-2.06351542e+00,-2.06229782e+00
4.941667,-1.21507511e+01,1.21753640e-03,-2.06522346e+00,-2.06400585e+00
4.945834,-1.21609526e+01,1.21752836e-03,-2.06693125e+00,-2.06571364e+00
4.950000,-1.21711531e+01,1.21750263e-03,-2.06863904e+00,-2.06742144e+00
4.954167,-1.21813526e+01,1.21739681e-03,-2.07034683e+00,-2.06912947e+00
4.958333,-1.21915522e+01,1.21733407e-03,-2.07205462e+00,-2.07083726e+00
4.962500,-1.22017517e+01,1.21736107e-03,-2.07376194e+00,-2.07254457e+00
4.966667,-1.22119513e+01,1.21739774e-03,-2.07546949e+00,-2.07425213e+00
4.970834,-1.22221518e+01,1.21736515e-03,-2.07717705e+00,-2.07595968e+00
4.975000,-1.22323503e+01,1.21729239e-03,-2.07888436e+00,-2.07766700e+00
4.979167,-1.22425508e+01,1.21729064e-03,-2.08059168e+00,-2.07937431e+00
4.983334,-1.22527494e+01,1.21722545e-03,-2.08229876e+00,-2.08108163e+00
4.987500,-1.22629480e+01,1.21723814e-03,-2.08400583e+00,-2.08278871e+00
4.991667,-1.22731476e+01,1.21715479e-03,-2.08571267e+00,-2.08449554e+00
4.995833,-1.22833462e+01,1.21703139e-03,-2.08741951e+00,-2.08620238e+00
5.000000,-1.22935438e+01,1.21705048e-03,-2.08912635e+00,-2.08790922e+00
