t,box_x,box_y,box_z,box_vy,p_body_y,p_grid_y,p_sum_y,KE,nodes_inside
0.004167,0.000000e+00,5.498297e-01,0.000000e+00,-4.087500e-02,-3.67875040e-01,0.00000000e+00,-3.67875040e-01,7.518446e-03,0
0.008333,0.000000e+00,5.494891e-01,0.000000e+00,-8.175001e-02,-7.35750079e-01,0.00000000e+00,-7.35750079e-01,3.007378e-02,16
0.012500,0.000000e+00,5.490207e-01,0.000000e+00,-1.124063e-01,-1.01165628e+00,0.00000000e+00,-1.01165628e+00,5.685825e-02,16
0.016667,-3.432454e-14,5.484601e-01,0.000000e+00,-1.345469e-01,-1.21092188e+00,0.00000000e+00,-1.21092188e+00,8.146288e-02,16
0.020833,-1.648605e-13,5.478343e-01,0.000000e+00,-1.501943e-01,-1.35174918e+00,0.00000000e+00,-1.35174918e+00,1.015125e-01,16
0.025000,-3.527348e-13,5.471633e-01,4.094390e-14,-1.610305e-01,-1.44927430e+00,0.00000000e+00,-1.44927430e+00,1.166887e-01,16
0.029167,-5.760116e-13,5.464618e-01,1.073331e-13,-1.683574e-01,-1.51521707e+00,0.00000000e+00,-1.51521707e+00,1.275490e-01,16
0.033333,-7.344523e-13,5.457404e-01,1.899244e-13,-1.731559e-01,-1.55840278e+00,0.00000000e+00,-1.55840278e+00,1.349233e-01,16
0.037500,-7.615640e-13,5.450064e-01,2.829851e-13,-1.761530e-01,-1.58537722e+00,0.00000000e+00,-1.58537722e+00,1.396345e-01,16
0.041667,-7.909778e-13,5.442652e-01,3.380136e-13,-1.778829e-01,-1.60094607e+00,0.00000000e+00,-1.60094607e+00,1.423905e-01,16
0.045833,-9.122347e-13,5.435205e-01,3.221394e-13,-1.787342e-01,-1.60860825e+00,0.00000000e+00,-1.60860825e+00,1.437567e-01,16
0.050000,-1.186612e-12,5.427747e-01,2.580977e-13,-1.789878e-01,-1.61089039e+00,0.00000000e+00,-1.61089039e+00,1.441649e-01,16
0.054167,-1.656805e-12,5.420296e-01,-1.588877e-13,-1.788448e-01,-1.60960293e+00,0.00000000e+00,-1.60960293e+00,1.439345e-01,16
0.058333,-2.169604e-12,5.412861e-01,-1.139793e-12,-1.784479e-01,-1.60603118e+00,0.00000000e+00,-1.60603118e+00,1.432965e-01,16
0.062500,-2.986888e-12,5.405448e-01,-2.510748e-12,-1.778975e-01,-1.60107744e+00,0.00000000e+00,-1.60107744e+00,1.424138e-01,16
0.066667,-4.199375e-12,5.398062e-01,-4.152055e-12,-1.772631e-01,-1.59536767e+00,0.00000000e+00,-1.59536767e+00,1.413999e-01,16
0.070833,-5.779120e-12,5.390704e-01,-6.026798e-12,-1.765921e-01,-1.58932853e+00,0.00000000e+00,-1.58932853e+00,1.403314e-01,16
0.075000,-7.891272e-12,5.383374e-01,-8.063455e-12,-1.759160e-01,-1.58324373e+00,0.00000000e+00,-1.58324373e+00,1.392589e-01,16
0.079167,-1.037643e-11,5.376072e-01,-1.021193e-11,-1.752553e-01,-1.57729733e+00,0.00000000e+00,-1.57729733e+00,1.382148e-01,16
0.083333,-1.312250e-11,5.368796e-01,-1.243700e-11,-1.746224e-01,-1.57160199e+00,0.00000000e+00,-1.57160199e+00,1.372185e-01,16
0.087500,-1.623406e-11,5.361545e-01,-1.471378e-11,-1.740246e-01,-1.56622159e+00,0.00000000e+00,-1.56622159e+00,1.362806e-01,16
0.091667,-1.951015e-11,5.354317e-01,-1.702464e-11,-1.734652e-01,-1.56118679e+00,0.00000000e+00,-1.56118679e+00,1.354058e-01,16
0.095833,-2.271640e-11,5.347111e-01,-1.935703e-11,-1.729451e-01,-1.55650568e+00,0.00000000e+00,-1.55650568e+00,1.345950e-01,16
0.100000,-2.605162e-11,5.339925e-01,-2.170203e-11,-1.724637e-01,-1.55217290e+00,0.00000000e+00,-1.55217290e+00,1.338467e-01,16
0.104167,-2.965755e-11,5.332758e-01,-2.405323e-11,-1.720192e-01,-1.54817307e+00,0.00000000e+00,-1.54817307e+00,1.331578e-01,16
0.108333,-3.354427e-11,5.325608e-01,-2.654260e-11,-1.716096e-01,-1.54448652e+00,0.00000000e+00,-1.54448652e+00,1.325244e-01,16
0.112500,-3.771879e-11,5.318473e-01,-2.917364e-11,-1.712323e-01,-1.54109073e+00,0.00000000e+00,-1.54109073e+00,1.319423e-01,16
0.116667,-4.200470e-11,5.311353e-01,-3.194876e-11,-1.708847e-01,-1.53796244e+00,0.00000000e+00,-1.53796244e+00,1.314071e-01,16
0.120833,-4.645603e-11,5.304246e-01,-3.486952e-11,-1.705643e-01,-1.53507864e+00,0.00000000e+00,-1.53507864e+00,1.309148e-01,16
0.125000,-5.084102e-11,5.297151e-01,-3.789184e-11,-1.702686e-01,-1.53241730e+00,0.00000000e+00,-1.53241730e+00,1.304613e-01,16
0.129167,-5.499300e-11,5.290068e-01,-4.098390e-11,-1.699954e-01,-1.52995813e+00,0.00000000e+00,-1.52995813e+00,1.300429e-01,16
0.133333,-5.924033e-11,5.282995e-01,-4.412267e-11,-1.697424e-01,-1.52768195e+00,0.00000000e+00,-1.52768195e+00,1.296562e-01,16
0.137500,-6.364079e-11,5.275933e-01,-4.742553e-11,-1.695079e-01,-1.52557147e+00,0.00000000e+00,-1.52557147e+00,1.292982e-01,16
0.141667,-6.832500e-11,5.268879e-01,-5.084329e-11,-1.692901e-01,-1.52361095e+00,0.00000000e+00,-1.52361095e+00,1.289661e-01,16
0.145833,-7.338685e-11,5.261834e-01,-5.434029e-11,-1.690874e-01,-1.52178633e+00,0.00000000e+00,-1.52178633e+00,1.286574e-01,16
0.150000,-7.889370e-11,5.254796e-01,-5.789057e-11,-1.688983e-01,-1.52008462e+00,0.00000000e+00,-1.52008462e+00,1.283698e-01,16
0.154167,-8.480532e-11,5.247766e-01,-6.147528e-11,-1.687216e-01,-1.51849461e+00,0.00000000e+00,-1.51849461e+00,1.281014e-01,16
0.158333,-9.091602e-11,5.240743e-01,-6.538865e-11,-1.685562e-01,-1.51700604e+00,0.00000000e+00,-1.51700604e+00,1.278504e-01,16
0.162500,-9.716415e-11,5.233727e-01,-6.953636e-11,-1.684011e-01,-1.51560986e+00,0.00000000e+00,-1.51560986e+00,1.276152e-01,16
0.166667,-1.036795e-10,5.226716e-01,-7.384966e-11,-1.682553e-01,-1.51429784e+00,0.00000000e+00,-1.51429784e+00,1.273943e-01,16
0.170833,-1.106430e-10,5.219711e-01,-7.840905e-11,-1.681181e-01,-1.51306283e+00,0.00000000e+00,-1.51306283e+00,1.271866e-01,16
0.175000,-1.181851e-10,5.212712e-01,-8.327253e-11,-1.679887e-01,-1.51189804e+00,0.00000000e+00,-1.51189804e+00,1.269909e-01,16
0.179167,-1.262265e-10,5.205717e-01,-8.839518e-11,-1.678664e-01,-1.51079798e+00,0.00000000e+00,-1.51079798e+00,1.268061e-01,16
0.183333,-1.347087e-10,5.198727e-01,-9.400251e-11,-1.677508e-01,-1.50975716e+00,0.00000000e+00,-1.50975716e+00,1.266315e-01,16
0.187500,-1.437603e-10,5.191742e-01,-9.995695e-11,-1.676412e-01,-1.50877118e+00,0.00000000e+00,-1.50877118e+00,1.264661e-01,16
0.191667,-1.534736e-10,5.184761e-01,-1.061578e-10,-1.675373e-01,-1.50783539e+00,0.00000000e+00,-1.50783539e+00,1.263093e-01,16
0.195833,-1.635734e-10,5.177785e-01,-1.125313e-10,-1.674385e-01,-1.50694633e+00,0.00000000e+00,-1.50694633e+00,1.261604e-01,16
0.200000,-1.741138e-10,5.170812e-01,-1.190235e-10,-1.673445e-01,-1.50610030e+00,0.00000000e+00,-1.50610030e+00,1.260188e-01,16
0.204167,-1.851330e-10,5.163843e-01,-1.255946e-10,-1.672550e-01,-1.50529456e+00,0.00000000e+00,-1.50529456e+00,1.258840e-01,16
0.208333,-1.965736e-10,5.156878e-01,-1.322579e-10,-1.671696e-01,-1.50452602e+00,0.00000000e+00,-1.50452602e+00,1.257555e-01,16
0.212500,-2.082250e-10,5.149916e-01,-1.392745e-10,-1.670880e-01,-1.50379205e+00,0.00000000e+00,-1.50379205e+00,1.256328e-01,16
0.216667,-2.200167e-10,5.142957e-01,-1.465415e-10,-1.670101e-01,-1.50309050e+00,0.00000000e+00,-1.50309050e+00,1.255156e-01,16
0.220833,-2.319803e-10,5.136001e-01,-1.542748e-10,-1.669355e-01,-1.50241923e+00,0.00000000e+00,-1.50241923e+00,1.254035e-01,16
0.225000,-2.438892e-10,5.129048e-01,-1.623407e-10,-1.668640e-01,-1.50177634e+00,0.00000000e+00,-1.50177634e+00,1.252962e-01,16
0.229167,-2.555783e-10,5.122098e-01,-1.706404e-10,-1.667955e-01,-1.50115979e+00,0.00000000e+00,-1.50115979e+00,1.251934e-01,16
0.233333,-2.672566e-10,5.115151e-01,-1.791017e-10,-1.667298e-01,-1.50056827e+00,0.00000000e+00,-1.50056827e+00,1.250947e-01,16
0.237500,-2.789947e-10,5.108207e-01,-1.879584e-10,-1.666667e-01,-1.50000024e+00,0.00000000e+00,-1.50000024e+00,1.250000e-01,16
0.241667,-2.909259e-10,5.101265e-01,-1.970945e-10,-1.666060e-01,-1.49945402e+00,0.00000000e+00,-1.49945402e+00,1.249090e-01,16
0.245833,-3.030653e-10,5.094325e-01,-2.064652e-10,-1.665476e-01,-1.49892867e+00,0.00000000e+00,-1.49892867e+00,1.248215e-01,16
0.250000,-3.154236e-10,5.087388e-01,-2.162805e-10,-1.664914e-01,-1.49842286e+00,0.00000000e+00,-1.49842286e+00,1.247373e-01,16
0.254167,-3.280082e-10,5.080453e-01,-2.264104e-10,-1.664373e-01,-1.49793565e+00,0.00000000e+00,-1.49793565e+00,1.246562e-01,16
0.258333,-3.408236e-10,5.073520e-01,-2.367991e-10,-1.663851e-01,-1.49746585e+00,0.00000000e+00,-1.49746585e+00,1.245780e-01,16
0.262500,-3.540329e-10,5.066589e-01,-2.473652e-10,-1.663347e-01,-1.49701262e+00,0.00000000e+00,-1.49701262e+00,1.245026e-01,16
0.266667,-3.677545e-10,5.059661e-01,-2.580487e-10,-1.662861e-01,-1.49657500e+00,0.00000000e+00,-1.49657500e+00,1.244298e-01,16
0.270833,-3.818353e-10,5.052734e-01,-2.688052e-10,-1.662391e-01,-1.49615216e+00,0.00000000e+00,-1.49615216e+00,1.243595e-01,16
0.275000,-3.962417e-10,5.045809e-01,-2.796416e-10,-1.661937e-01,-1.49574351e+00,0.00000000e+00,-1.49574351e+00,1.242916e-01,16
0.279167,-4.109481e-10,5.038886e-01,-2.905627e-10,-1.661498e-01,-1.49534833e+00,0.00000000e+00,-1.49534833e+00,1.242259e-01,16
0.283333,-4.260134e-10,5.031965e-01,-3.015324e-10,-1.661073e-01,-1.49496579e+00,0.00000000e+00,-1.49496579e+00,1.241624e-01,16
0.287500,-4.414798e-10,5.025045e-01,-3.125240e-10,-1.660662e-01,-1.49459553e+00,0.00000000e+00,-1.49459553e+00,1.241009e-01,16
0.291667,-4.572995e-10,5.018128e-01,-3.235568e-10,-1.660263e-01,-1.49423683e+00,0.00000000e+00,-1.49423683e+00,1.240413e-01,16
0.295833,-4.735139e-10,5.011212e-01,-3.344124e-10,-1.659877e-01,-1.49388921e+00,0.00000000e+00,-1.49388921e+00,1.239836e-01,16
0.300000,-4.898053e-10,5.004297e-01,-3.450852e-10,-1.659502e-01,-1.49355221e+00,0.00000000e+00,-1.49355221e+00,1.239277e-01,16
0.304167,-5.059791e-10,4.997384e-01,-3.556097e-10,-1.659139e-01,-1.49322510e+00,0.00000000e+00,-1.49322510e+00,1.238734e-01,16
0.308333,-5.221982e-10,4.990472e-01,-3.660114e-10,-1.658786e-01,-1.49290752e+00,0.00000000e+00,-1.49290752e+00,1.238207e-01,16
0.312500,-5.384296e-10,4.983562e-01,-3.763094e-10,-1.658444e-01,-1.49259913e+00,0.00000000e+00,-1.49259913e+00,1.237696e-01,16
0.316667,-5.545733e-10,4.976653e-01,-3.867825e-10,-1.658111e-01,-1.49229980e+00,0.00000000e+00,-1.49229980e+00,1.237199e-01,16
0.320833,-5.708575e-10,4.969746e-01,-3.973709e-10,-1.657787e-01,-1.49200869e+00,0.00000000e+00,-1.49200869e+00,1.236717e-01,16
0.325000,-5.870360e-10,4.962839e-01,-4.079929e-10,-1.657473e-01,-1.49172568e+00,0.00000000e+00,-1.49172568e+00,1.236248e-01,16
0.329167,-6.031902e-10,4.955935e-01,-4.187378e-10,-1.657167e-01,-1.49145031e+00,0.00000000e+00,-1.49145031e+00,1.235791e-01,16
0.333333,-6.192677e-10,4.949031e-01,-4.293731e-10,-1.656870e-01,-1.49118268e+00,0.00000000e+00,-1.49118268e+00,1.235348e-01,16
0.337500,-6.351192e-10,4.942128e-01,-4.399134e-10,-1.656580e-01,-1.49092197e+00,0.00000000e+00,-1.49092197e+00,1.234916e-01,16
0.341667,-6.508566e-10,4.935227e-01,-4.504801e-10,-1.656298e-01,-1.49066806e+00,0.00000000e+00,-1.49066806e+00,1.234495e-01,16
0.345833,-6.665619e-10,4.928327e-01,-4.613089e-10,-1.656023e-01,-1.49042082e+00,0.00000000e+00,-1.49042082e+00,1.234086e-01,16
0.350000,-6.821859e-10,4.921428e-01,-4.721338e-10,-1.655755e-01,-1.49017978e+00,0.00000000e+00,-1.49017978e+00,1.233687e-01,16
0.354167,-6.978375e-10,4.914530e-01,-4.829049e-10,-1.655494e-01,-1.48994482e+00,0.00000000e+00,-1.48994482e+00,1.233298e-01,16
0.358333,-7.135966e-10,4.907633e-01,-4.934408e-10,-1.655240e-01,-1.48971581e+00,0.00000000e+00,-1.48971581e+00,1.232918e-01,16
0.362500,-7.292335e-10,4.900738e-01,-5.036089e-10,-1.654992e-01,-1.48949242e+00,0.00000000e+00,-1.48949242e+00,1.232549e-01,16
0.366667,-7.448301e-10,4.893843e-01,-5.137422e-10,-1.654749e-01,-1.48927438e+00,0.00000000e+00,-1.48927438e+00,1.232188e-01,16
0.370833,-7.601971e-10,4.886949e-01,-5.238002e-10,-1.654513e-01,-1.48906171e+00,0.00000000e+00,-1.48906171e+00,1.231836e-01,16
0.375000,-7.755862e-10,4.880056e-01,-5.338951e-10,-1.654282e-01,-1.48885393e+00,0.00000000e+00,-1.48885393e+00,1.231492e-01,16
0.379167,-7.908639e-10,4.873164e-01,-5.439324e-10,-1.654057e-01,-1.48865128e+00,0.00000000e+00,-1.48865128e+00,1.231157e-01,16
0.383333,-8.060379e-10,4.866273e-01,-5.539130e-10,-1.653837e-01,-1.48845315e+00,0.00000000e+00,-1.48845315e+00,1.230829e-01,16
0.387500,-8.213236e-10,4.859383e-01,-5.639426e-10,-1.653622e-01,-1.48825955e+00,0.00000000e+00,-1.48825955e+00,1.230509e-01,16
0.391667,-8.367743e-10,4.852494e-01,-5.738201e-10,-1.653412e-01,-1.48807037e+00,0.00000000e+00,-1.48807037e+00,1.230196e-01,16
0.395833,-8.522208e-10,4.845606e-01,-5.835019e-10,-1.653206e-01,-1.48788548e+00,0.00000000e+00,-1.48788548e+00,1.229891e-01,16
0.400000,-8.673665e-10,4.838718e-01,-5.929909e-10,-1.653005e-01,-1.48770452e+00,0.00000000e+00,-1.48770452e+00,1.229592e-01,16
0.404167,-8.823366e-10,4.831832e-01,-6.023236e-10,-1.652808e-01,-1.48752749e+00,0.00000000e+00,-1.48752749e+00,1.229299e-01,16
0.408333,-8.969507e-10,4.824946e-01,-6.115274e-10,-1.652616e-01,-1.48735452e+00,0.00000000e+00,-1.48735452e+00,1.229013e-01,16
0.412500,-9.114839e-10,4.818061e-01,-6.206562e-10,-1.652428e-01,-1.48718512e+00,0.00000000e+00,-1.48718512e+00,1.228733e-01,16
0.416667,-9.260034e-10,4.811176e-01,-6.299526e-10,-1.652244e-01,-1.48701930e+00,0.00000000e+00,-1.48701930e+00,1.228459e-01,16
0.420833,-9.403233e-10,4.804293e-01,-6.391909e-10,-1.652063e-01,-1.48685694e+00,0.00000000e+00,-1.48685694e+00,1.228191e-01,16
0.425000,-9.542739e-10,4.797410e-01,-6.483726e-10,-1.651887e-01,-1.48669803e+00,0.00000000e+00,-1.48669803e+00,1.227928e-01,16
0.429167,-9.679307e-10,4.790528e-01,-6.574986e-10,-1.651714e-01,-1.48654234e+00,0.00000000e+00,-1.48654234e+00,1.227671e-01,16
0.433333,-9.812836e-10,4.783646e-01,-6.665697e-10,-1.651544e-01,-1.48638999e+00,0.00000000e+00,-1.48638999e+00,1.227420e-01,16
0.437500,-9.942600e-10,4.776765e-01,-6.755864e-10,-1.651378e-01,-1.48624039e+00,0.00000000e+00,-1.48624039e+00,1.227173e-01,16
0.441667,-1.007069e-09,4.769885e-01,-6.845492e-10,-1.651216e-01,-1.48609400e+00,0.00000000e+00,-1.48609400e+00,1.226931e-01,16
0.445833,-1.019735e-09,4.763006e-01,-6.934583e-10,-1.651056e-01,-1.48595047e+00,0.00000000e+00,-1.48595047e+00,1.226694e-01,16
0.450000,-1.032145e-09,4.756127e-01,-7.023139e-10,-1.650900e-01,-1.48580980e+00,0.00000000e+00,-1.48580980e+00,1.226462e-01,16
0.454167,-1.044411e-09,4.749249e-01,-7.111485e-10,-1.650746e-01,-1.48567176e+00,0.00000000e+00,-1.48567176e+00,1.226234e-01,16
0.458333,-1.056424e-09,4.742372e-01,-7.199536e-10,-1.650596e-01,-1.48553634e+00,0.00000000e+00,-1.48553634e+00,1.226010e-01,16
0.462500,-1.068357e-09,4.735495e-01,-7.287231e-10,-1.650448e-01,-1.48540342e+00,0.00000000e+00,-1.48540342e+00,1.225791e-01,16
0.466667,-1.080212e-09,4.728619e-01,-7.374524e-10,-1.650303e-01,-1.48527312e+00,0.00000000e+00,-1.48527312e+00,1.225576e-01,16
0.470833,-1.092179e-09,4.721743e-01,-7.461380e-10,-1.650161e-01,-1.48514533e+00,0.00000000e+00,-1.48514533e+00,1.225365e-01,16
0.475000,-1.104084e-09,4.714868e-01,-7.547774e-10,-1.650022e-01,-1.48501968e+00,0.00000000e+00,-1.48501968e+00,1.225157e-01,16
0.479167,-1.116112e-09,4.707993e-01,-7.634622e-10,-1.649885e-01,-1.48489642e+00,0.00000000e+00,-1.48489642e+00,1.224954e-01,16
0.483333,-1.128271e-09,4.701119e-01,-7.721974e-10,-1.649750e-01,-1.48477530e+00,0.00000000e+00,-1.48477530e+00,1.224754e-01,16
0.487500,-1.140570e-09,4.694246e-01,-7.809865e-10,-1.649618e-01,-1.48465645e+00,0.00000000e+00,-1.48465645e+00,1.224558e-01,16
0.491667,-1.152829e-09,4.687373e-01,-7.897397e-10,-1.649489e-01,-1.48453975e+00,0.00000000e+00,-1.48453975e+00,1.224366e-01,16
0.495833,-1.165099e-09,4.680501e-01,-7.984824e-10,-1.649361e-01,-1.48442507e+00,0.00000000e+00,-1.48442507e+00,1.224177e-01,16
0.500000,-1.177477e-09,4.673629e-01,-8.072029e-10,-1.649236e-01,-1.48431230e+00,0.00000000e+00,-1.48431230e+00,1.223991e-01,16
0.504167,-1.189674e-09,4.666758e-01,-8.160429e-10,-1.649113e-01,-1.48420167e+00,0.00000000e+00,-1.48420167e+00,1.223808e-01,16
0.508333,-1.201597e-09,4.659887e-01,-8.249564e-10,-1.648992e-01,-1.48409283e+00,0.00000000e+00,-1.48409283e+00,1.223629e-01,16
0.512500,-1.213117e-09,4.653016e-01,-8.339094e-10,-1.648873e-01,-1.48398578e+00,0.00000000e+00,-1.48398578e+00,1.223452e-01,16
0.516667,-1.224320e-09,4.646147e-01,-8.428763e-10,-1.648756e-01,-1.48388064e+00,0.00000000e+00,-1.48388064e+00,1.223279e-01,16
0.520833,-1.235387e-09,4.639277e-01,-8.518382e-10,-1.648641e-01,-1.48377728e+00,0.00000000e+00,-1.48377728e+00,1.223108e-01,16
0.525000,-1.246216e-09,4.632408e-01,-8.607812e-10,-1.648528e-01,-1.48367548e+00,0.00000000e+00,-1.48367548e+00,1.222940e-01,16
0.529167,-1.256967e-09,4.625540e-01,-8.696946e-10,-1.648417e-01,-1.48357534e+00,0.00000000e+00,-1.48357534e+00,1.222776e-01,16
0.533333,-1.267699e-09,4.618672e-01,-8.785997e-10,-1.648308e-01,-1.48347712e+00,0.00000000e+00,-1.48347712e+00,1.222613e-01,16
0.537500,-1.278281e-09,4.611804e-01,-8.874830e-10,-1.648200e-01,-1.48338032e+00,0.00000000e+00,-1.48338032e+00,1.222454e-01,16
0.541667,-1.288792e-09,4.604937e-01,-8.965343e-10,-1.648094e-01,-1.48328495e+00,0.00000000e+00,-1.48328495e+00,1.222297e-01,16
0.545833,-1.299003e-09,4.598070e-01,-9.056657e-10,-1.647990e-01,-1.48319113e+00,0.00000000e+00,-1.48319113e+00,1.222142e-01,16
0.550000,-1.309031e-09,4.591204e-01,-9.148400e-10,-1.647888e-01,-1.48309886e+00,0.00000000e+00,-1.48309886e+00,1.221990e-01,16
0.554167,-1.318847e-09,4.584338e-01,-9.240578e-10,-1.647787e-01,-1.48300815e+00,0.00000000e+00,-1.48300815e+00,1.221841e-01,16
0.558333,-1.328434e-09,4.577473e-01,-9.334860e-10,-1.647688e-01,-1.48291874e+00,0.00000000e+00,-1.48291874e+00,1.221693e-01,16
0.562500,-1.337999e-09,4.570608e-01,-9.431358e-10,-1.647590e-01,-1.48283064e+00,0.00000000e+00,-1.48283064e+00,1.221548e-01,16
0.566667,-1.347556e-09,4.563743e-01,-9.529046e-10,-1.647493e-01,-1.48274410e+00,0.00000000e+00,-1.48274410e+00,1.221405e-01,16
0.570833,-1.356898e-09,4.556879e-01,-9.629078e-10,-1.647398e-01,-1.48265862e+00,0.00000000e+00,-1.48265862e+00,1.221265e-01,16
0.575000,-1.366036e-09,4.550016e-01,-9.730386e-10,-1.647305e-01,-1.48257458e+00,0.00000000e+00,-1.48257458e+00,1.221126e-01,16
0.579167,-1.374816e-09,4.543152e-01,-9.832185e-10,-1.647213e-01,-1.48249173e+00,0.00000000e+00,-1.48249173e+00,1.220990e-01,16
0.583333,-1.383153e-09,4.536289e-01,-9.934158e-10,-1.647123e-01,-1.48241019e+00,0.00000000e+00,-1.48241019e+00,1.220856e-01,16
0.587500,-1.391199e-09,4.529427e-01,-1.003793e-09,-1.647033e-01,-1.48232985e+00,0.00000000e+00,-1.48232985e+00,1.220723e-01,16
0.591667,-1.399120e-09,4.522564e-01,-1.014285e-09,-1.646945e-01,-1.48225069e+00,0.00000000e+00,-1.48225069e+00,1.220593e-01,16
0.595833,-1.406851e-09,4.515702e-01,-1.024789e-09,-1.646858e-01,-1.48217261e+00,0.00000000e+00,-1.48217261e+00,1.220464e-01,16
0.600000,-1.414323e-09,4.508841e-01,-1.035281e-09,-1.646773e-01,-1.48209560e+00,0.00000000e+00,-1.48209560e+00,1.220337e-01,16
0.604167,-1.421743e-09,4.501980e-01,-1.045746e-09,-1.646689e-01,-1.48201966e+00,0.00000000e+00,-1.48201966e+00,1.220213e-01,16
0.608333,-1.428927e-09,4.495119e-01,-1.056144e-09,-1.646605e-01,-1.48194492e+00,0.00000000e+00,-1.48194492e+00,1.220089e-01,16
0.612500,-1.436197e-09,4.488372e-01,-1.066684e-09,-1.619194e-01,-1.45727468e+00,0.00000000e+00,-1.45727468e+00,1.179805e-01,32
0.616667,-1.442999e-09,4.482470e-01,-1.077233e-09,-1.416551e-01,-1.27489579e+00,0.00000000e+00,-1.27489579e+00,9.029774e-02,32
0.620833,-1.449916e-09,4.477325e-01,-1.087845e-09,-1.234731e-01,-1.11125779e+00,0.00000000e+00,-1.11125779e+00,6.860521e-02,32
0.625000,-1.456707e-09,4.472725e-01,-1.098242e-09,-1.104010e-01,-9.93608832e-01,0.00000000e+00,-9.93608832e-01,5.484769e-02,32
0.629167,-1.463142e-09,4.468488e-01,-1.108441e-09,-1.017021e-01,-9.15319026e-01,0.00000000e+00,-9.15319026e-01,4.654494e-02,32
0.633333,-1.468717e-09,4.464484e-01,-1.118585e-09,-9.608240e-02,-8.64741564e-01,0.00000000e+00,-8.64741564e-01,4.154322e-02,32
0.637500,-1.473336e-09,4.460631e-01,-1.128537e-09,-9.247124e-02,-8.32241178e-01,0.00000000e+00,-8.32241178e-01,3.847919e-02,32
0.641667,-1.477750e-09,4.456876e-01,-1.138270e-09,-9.012597e-02,-8.11133742e-01,0.00000000e+00,-8.11133742e-01,3.655211e-02,32
0.645833,-1.481816e-09,4.453185e-01,-1.147702e-09,-8.856816e-02,-7.97113419e-01,0.00000000e+00,-7.97113419e-01,3.529944e-02,32
0.650000,-1.485817e-09,4.449540e-01,-1.156588e-09,-8.750051e-02,-7.87504613e-01,0.00000000e+00,-7.87504613e-01,3.445353e-02,32
0.654167,-1.489253e-09,4.445926e-01,-1.165586e-09,-8.674136e-02,-7.80672193e-01,0.00000000e+00,-7.80672193e-01,3.385828e-02,32
0.658333,-1.492277e-09,4.442335e-01,-1.174265e-09,-8.618027e-02,-7.75622427e-01,0.00000000e+00,-7.75622427e-01,3.342168e-02,32
0.662500,-1.494645e-09,4.438762e-01,-1.182529e-09,-8.574979e-02,-7.71748126e-01,0.00000000e+00,-7.71748126e-01,3.308862e-02,32
0.666667,-1.496313e-09,4.435203e-01,-1.190226e-09,-8.540823e-02,-7.68674016e-01,0.00000000e+00,-7.68674016e-01,3.282554e-02,32
0.670833,-1.497369e-09,4.431656e-01,-1.197464e-09,-8.512931e-02,-7.66163826e-01,0.00000000e+00,-7.66163826e-01,3.261150e-02,32
0.675000,-1.497960e-09,4.428119e-01,-1.203801e-09,-8.489610e-02,-7.64064908e-01,0.00000000e+00,-7.64064908e-01,3.243307e-02,32
0.679167,-1.498017e-09,4.424590e-01,-1.209876e-09,-8.469733e-02,-7.62275934e-01,0.00000000e+00,-7.62275934e-01,3.228137e-02,32
0.683333,-1.497438e-09,4.421068e-01,-1.215748e-09,-8.452529e-02,-7.60727644e-01,0.00000000e+00,-7.60727644e-01,3.215037e-02,32
0.687500,-1.496810e-09,4.417552e-01,-1.222119e-09,-8.437452e-02,-7.59370685e-01,0.00000000e+00,-7.59370685e-01,3.203576e-02,32
0.691667,-1.495780e-09,4.414042e-01,-1.228685e-09,-8.424103e-02,-7.58169293e-01,0.00000000e+00,-7.58169293e-01,3.193448e-02,32
0.695833,-1.494707e-09,4.410537e-01,-1.234875e-09,-8.412187e-02,-7.57096827e-01,0.00000000e+00,-7.57096827e-01,3.184420e-02,32
0.700000,-1.493763e-09,4.407037e-01,-1.241121e-09,-8.401471e-02,-7.56132364e-01,0.00000000e+00,-7.56132364e-01,3.176312e-02,32
0.704167,-1.492432e-09,4.403540e-01,-1.246855e-09,-8.391777e-02,-7.55259871e-01,0.00000000e+00,-7.55259871e-01,3.168986e-02,32
0.708333,-1.490570e-09,4.400047e-01,-1.252754e-09,-8.382957e-02,-7.54466176e-01,0.00000000e+00,-7.54466176e-01,3.162329e-02,32
0.712500,-1.488671e-09,4.396558e-01,-1.258268e-09,-8.374897e-02,-7.53740788e-01,0.00000000e+00,-7.53740788e-01,3.156251e-02,32
0.716667,-1.486694e-09,4.393071e-01,-1.264006e-09,-8.367501e-02,-7.53075123e-01,0.00000000e+00,-7.53075123e-01,3.150678e-02,32
0.720833,-1.484513e-09,4.389587e-01,-1.269599e-09,-8.360687e-02,-7.52461791e-01,0.00000000e+00,-7.52461791e-01,3.145549e-02,32
0.725000,-1.482381e-09,4.386106e-01,-1.275041e-09,-8.354385e-02,-7.51894653e-01,0.00000000e+00,-7.51894653e-01,3.140809e-02,32
0.729167,-1.479933e-09,4.382628e-01,-1.280015e-09,-8.348540e-02,-7.51368642e-01,0.00000000e+00,-7.51368642e-01,3.136415e-02,32
0.733333,-1.477339e-09,4.379151e-01,-1.284684e-09,-8.343104e-02,-7.50879407e-01,0.00000000e+00,-7.50879407e-01,3.132332e-02,32
0.737500,-1.474335e-09,4.375677e-01,-1.289370e-09,-8.338033e-02,-7.50422955e-01,0.00000000e+00,-7.50422955e-01,3.128526e-02,32
0.741667,-1.471488e-09,4.372205e-01,-1.294058e-09,-8.333290e-02,-7.49996066e-01,0.00000000e+00,-7.49996066e-01,3.124967e-02,32
0.745833,-1.469420e-09,4.368735e-01,-1.298807e-09,-8.328845e-02,-7.49596059e-01,0.00000000e+00,-7.49596059e-01,3.121635e-02,32
0.750000,-1.467739e-09,4.365266e-01,-1.303507e-09,-8.324669e-02,-7.49220192e-01,0.00000000e+00,-7.49220192e-01,3.118505e-02,32
0.754167,-1.465835e-09,4.361799e-01,-1.308106e-09,-8.320738e-02,-7.48866379e-01,0.00000000e+00,-7.48866379e-01,3.115560e-02,32
0.758333,-1.463482e-09,4.358334e-01,-1.312439e-09,-8.317032e-02,-7.48532832e-01,0.00000000e+00,-7.48532832e-01,3.112786e-02,32
0.762500,-1.461121e-09,4.354870e-01,-1.316806e-09,-8.313530e-02,-7.48217702e-01,0.00000000e+00,-7.48217702e-01,3.110165e-02,32
0.766667,-1.458693e-09,4.351407e-01,-1.321628e-09,-8.310214e-02,-7.47919321e-01,0.00000000e+00,-7.47919321e-01,3.107685e-02,32
0.770833,-1.456237e-09,4.347946e-01,-1.326593e-09,-8.307073e-02,-7.47636557e-01,0.00000000e+00,-7.47636557e-01,3.105335e-02,32
0.775000,-1.453909e-09,4.344486e-01,-1.331035e-09,-8.304089e-02,-7.47367978e-01,0.00000000e+00,-7.47367978e-01,3.103105e-02,32
0.779167,-1.451034e-09,4.341027e-01,-1.335211e-09,-8.301254e-02,-7.47112811e-01,0.00000000e+00,-7.47112811e-01,3.100986e-02,32
0.783333,-1.447487e-09,4.337569e-01,-1.339180e-09,-8.298554e-02,-7.46869862e-01,0.00000000e+00,-7.46869862e-01,3.098970e-02,32
0.787500,-1.444027e-09,4.334112e-01,-1.343515e-09,-8.295980e-02,-7.46638179e-01,0.00000000e+00,-7.46638179e-01,3.097048e-02,32
0.791667,-1.440479e-09,4.330657e-01,-1.347883e-09,-8.293524e-02,-7.46417105e-01,0.00000000e+00,-7.46417105e-01,3.095214e-02,32
0.795833,-1.436761e-09,4.327202e-01,-1.352730e-09,-8.291177e-02,-7.46205926e-01,0.00000000e+00,-7.46205926e-01,3.093462e-02,32
0.800000,-1.433371e-09,4.323748e-01,-1.357802e-09,-8.288932e-02,-7.46003866e-01,0.00000000e+00,-7.46003866e-01,3.091788e-02,32
0.804167,-1.429541e-09,4.320295e-01,-1.362869e-09,-8.286782e-02,-7.45810390e-01,0.00000000e+00,-7.45810390e-01,3.090184e-02,32
0.808333,-1.425637e-09,4.316843e-01,-1.368123e-09,-8.284722e-02,-7.45625019e-01,0.00000000e+00,-7.45625019e-01,3.088648e-02,32
0.812500,-1.421368e-09,4.313392e-01,-1.373724e-09,-8.282746e-02,-7.45447159e-01,0.00000000e+00,-7.45447159e-01,3.087175e-02,32
0.816667,-1.417596e-09,4.309942e-01,-1.379948e-09,-8.280847e-02,-7.45276272e-01,0.00000000e+00,-7.45276272e-01,3.085759e-02,32
0.820833,-1.413608e-09,4.306493e-01,-1.386530e-09,-8.279023e-02,-7.45112121e-01,0.00000000e+00,-7.45112121e-01,3.084400e-02,32
0.825000,-1.409719e-09,4.303044e-01,-1.393436e-09,-8.277267e-02,-7.44954050e-01,0.00000000e+00,-7.44954050e-01,3.083092e-02,32
0.829167,-1.405752e-09,4.299596e-01,-1.401049e-09,-8.275576e-02,-7.44801819e-01,0.00000000e+00,-7.44801819e-01,3.081832e-02,32
0.833333,-1.402183e-09,4.296148e-01,-1.408823e-09,-8.273947e-02,-7.44655252e-01,0.00000000e+00,-7.44655252e-01,3.080619e-02,32
0.837500,-1.398650e-09,4.292701e-01,-1.415366e-09,-8.272375e-02,-7.44513750e-01,0.00000000e+00,-7.44513750e-01,3.079449e-02,32
0.841667,-1.394809e-09,4.289255e-01,-1.421287e-09,-8.270860e-02,-7.44377375e-01,0.00000000e+00,-7.44377375e-01,3.078320e-02,32
0.845833,-1.391020e-09,4.285809e-01,-1.427511e-09,-8.269398e-02,-7.44245827e-01,0.00000000e+00,-7.44245827e-01,3.077232e-02,32
0.850000,-1.387260e-09,4.282365e-01,-1.433801e-09,-8.267983e-02,-7.44118452e-01,0.00000000e+00,-7.44118452e-01,3.076179e-02,32
0.854167,-1.383586e-09,4.278920e-01,-1.440860e-09,-8.266617e-02,-7.43995488e-01,0.00000000e+00,-7.43995488e-01,3.075163e-02,32
0.858333,-1.379729e-09,4.275476e-01,-1.447300e-09,-8.265293e-02,-7.43876338e-01,0.00000000e+00,-7.43876338e-01,3.074178e-02,32
0.862500,-1.375983e-09,4.272033e-01,-1.453514e-09,-8.264013e-02,-7.43761122e-01,0.00000000e+00,-7.43761122e-01,3.073226e-02,32
0.866667,-1.372035e-09,4.268590e-01,-1.459795e-09,-8.262771e-02,-7.43649423e-01,0.00000000e+00,-7.43649423e-01,3.072303e-02,32
0.870833,-1.367604e-09,4.265147e-01,-1.466027e-09,-8.261570e-02,-7.43541360e-01,0.00000000e+00,-7.43541360e-01,3.071409e-02,32
0.875000,-1.363782e-09,4.261706e-01,-1.472056e-09,-8.260403e-02,-7.43436277e-01,0.00000000e+00,-7.43436277e-01,3.070541e-02,32
0.879167,-1.360586e-09,4.258264e-01,-1.477840e-09,-8.259272e-02,-7.43334472e-01,0.00000000e+00,-7.43334472e-01,3.069701e-02,32
0.883333,-1.357701e-09,4.254823e-01,-1.483519e-09,-8.258174e-02,-7.43235648e-01,0.00000000e+00,-7.43235648e-01,3.068884e-02,32
0.887500,-1.355035e-09,4.251383e-01,-1.489161e-09,-8.257107e-02,-7.43139684e-01,0.00000000e+00,-7.43139684e-01,3.068092e-02,32
0.891667,-1.352094e-09,4.247943e-01,-1.495219e-09,-8.256071e-02,-7.43046403e-01,0.00000000e+00,-7.43046403e-01,3.067322e-02,32
0.895833,-1.349148e-09,4.244503e-01,-1.501176e-09,-8.255062e-02,-7.42955625e-01,0.00000000e+00,-7.42955625e-01,3.066572e-02,32
0.900000,-1.346582e-09,4.241064e-01,-1.507066e-09,-8.254083e-02,-7.42867410e-01,0.00000000e+00,-7.42867410e-01,3.065845e-02,32
0.904167,-1.344427e-09,4.237625e-01,-1.513415e-09,-8.253128e-02,-7.42781520e-01,0.00000000e+00,-7.42781520e-01,3.065136e-02,32
0.908333,-1.342285e-09,4.234187e-01,-1.519751e-09,-8.252201e-02,-7.42698133e-01,0.00000000e+00,-7.42698133e-01,3.064447e-02,32
0.912500,-1.339769e-09,4.230749e-01,-1.525651e-09,-8.251298e-02,-7.42616832e-01,0.00000000e+00,-7.42616832e-01,3.063777e-02,32
0.916667,-1.337322e-09,4.227311e-01,-1.531257e-09,-8.250418e-02,-7.42537618e-01,0.00000000e+00,-7.42537618e-01,3.063123e-02,32
0.920833,-1.335097e-09,4.223874e-01,-1.536701e-09,-8.249561e-02,-7.42460489e-01,0.00000000e+00,-7.42460489e-01,3.062486e-02,32
0.925000,-1.332700e-09,4.220437e-01,-1.541955e-09,-8.248723e-02,-7.42385030e-01,0.00000000e+00,-7.42385030e-01,3.061864e-02,32
0.929167,-1.330155e-09,4.217000e-01,-1.547100e-09,-8.247907e-02,-7.42311597e-01,0.00000000e+00,-7.42311597e-01,3.061258e-02,32
0.933333,-1.327663e-09,4.213564e-01,-1.551769e-09,-8.247110e-02,-7.42239952e-01,0.00000000e+00,-7.42239952e-01,3.060667e-02,32
0.937500,-1.325134e-09,4.210128e-01,-1.555724e-09,-8.246334e-02,-7.42170036e-01,0.00000000e+00,-7.42170036e-01,3.060091e-02,32
0.941667,-1.322588e-09,4.206693e-01,-1.559251e-09,-8.245577e-02,-7.42101908e-01,0.00000000e+00,-7.42101908e-01,3.059529e-02,32
0.945833,-1.319787e-09,4.203257e-01,-1.562586e-09,-8.244836e-02,-7.42035270e-01,0.00000000e+00,-7.42035270e-01,3.058980e-02,32
0.950000,-1.317167e-09,4.199822e-01,-1.565813e-09,-8.244114e-02,-7.41970301e-01,0.00000000e+00,-7.41970301e-01,3.058444e-02,32
0.954167,-1.314516e-09,4.196388e-01,-1.568915e-09,-8.243407e-02,-7.41906643e-01,0.00000000e+00,-7.41906643e-01,3.057919e-02,32
0.958333,-1.311788e-09,4.192953e-01,-1.572157e-09,-8.242716e-02,-7.41844416e-01,0.00000000e+00,-7.41844416e-01,3.057406e-02,32
0.962500,-1.309267e-09,4.189519e-01,-1.575640e-09,-8.242042e-02,-7.41783738e-01,0.00000000e+00,-7.41783738e-01,3.056906e-02,32
0.966667,-1.306177e-09,4.186085e-01,-1.578803e-09,-8.241380e-02,-7.41724193e-01,0.00000000e+00,-7.41724193e-01,3.056416e-02,32
0.970833,-1.302747e-09,4.182652e-01,-1.581979e-09,-8.240733e-02,-7.41666019e-01,0.00000000e+00,-7.41666019e-01,3.055936e-02,32
0.975000,-1.298909e-09,4.179218e-01,-1.585148e-09,-8.240102e-02,-7.41609216e-01,0.00000000e+00,-7.41609216e-01,3.055468e-02,32
0.979167,-1.294751e-09,4.175785e-01,-1.588302e-09,-8.239483e-02,-7.41553485e-01,0.00000000e+00,-7.41553485e-01,3.055009e-02,32
0.983333,-1.290378e-09,4.172352e-01,-1.590985e-09,-8.238877e-02,-7.41498888e-01,0.00000000e+00,-7.41498888e-01,3.054559e-02,32
0.987500,-1.285842e-09,4.168920e-01,-1.593814e-09,-8.238283e-02,-7.41445422e-01,0.00000000e+00,-7.41445422e-01,3.054119e-02,32
0.991667,-1.280991e-09,4.165487e-01,-1.596165e-09,-8.237701e-02,-7.41393089e-01,0.00000000e+00,-7.41393089e-01,3.053687e-02,32
0.995833,-1.275809e-09,4.162055e-01,-1.598328e-09,-8.237132e-02,-7.41341829e-01,0.00000000e+00,-7.41341829e-01,3.053265e-02,32
1.000000,-1.270469e-09,4.158623e-01,-1.600924e-09,-8.236573e-02,-7.41291583e-01,0.00000000e+00,-7.41291583e-01,3.052851e-02,32
1.004167,-1.264820e-09,4.155191e-01,-1.603189e-09,-8.236027e-02,-7.41242409e-01,0.00000000e+00,-7.41242409e-01,3.052446e-02,32
1.008333,-1.259142e-09,4.151760e-01,-1.604745e-09,-8.235490e-02,-7.41194069e-01,0.00000000e+00,-7.41194069e-01,3.052048e-02,32
1.012500,-1.253398e-09,4.148329e-01,-1.606149e-09,-8.234962e-02,-7.41146564e-01,0.00000000e+00,-7.41146564e-01,3.051657e-02,32
1.016667,-1.247510e-09,4.144898e-01,-1.607410e-09,-8.234446e-02,-7.41100132e-01,0.00000000e+00,-7.41100132e-01,3.051274e-02,32
1.020833,-1.241733e-09,4.141467e-01,-1.608151e-09,-8.233938e-02,-7.41054475e-01,0.00000000e+00,-7.41054475e-01,3.050898e-02,32
1.025000,-1.235960e-09,4.138036e-01,-1.608656e-09,-8.233442e-02,-7.41009772e-01,0.00000000e+00,-7.41009772e-01,3.050531e-02,32
1.029167,-1.230253e-09,4.134606e-01,-1.608950e-09,-8.232953e-02,-7.40965724e-01,0.00000000e+00,-7.40965724e-01,3.050168e-02,32
1.033333,-1.224760e-09,4.131176e-01,-1.609132e-09,-8.232474e-02,-7.40922689e-01,0.00000000e+00,-7.40922689e-01,3.049814e-02,32
1.037500,-1.219204e-09,4.127746e-01,-1.609166e-09,-8.232003e-02,-7.40880311e-01,0.00000000e+00,-7.40880311e-01,3.049465e-02,32
1.041667,-1.214087e-09,4.124316e-01,-1.609061e-09,-8.231542e-02,-7.40838766e-01,0.00000000e+00,-7.40838766e-01,3.049122e-02,32
1.045833,-1.209076e-09,4.120886e-01,-1.608392e-09,-8.231089e-02,-7.40798056e-01,0.00000000e+00,-7.40798056e-01,3.048787e-02,32
1.050000,-1.204352e-09,4.117457e-01,-1.607380e-09,-8.230643e-02,-7.40757883e-01,0.00000000e+00,-7.40757883e-01,3.048457e-02,32
1.054167,-1.199487e-09,4.114027e-01,-1.606567e-09,-8.230205e-02,-7.40718424e-01,0.00000000e+00,-7.40718424e-01,3.048132e-02,32
1.058333,-1.194443e-09,4.110598e-01,-1.605990e-09,-8.229773e-02,-7.40679622e-01,0.00000000e+00,-7.40679622e-01,3.047813e-02,32
1.062500,-1.189030e-09,4.107170e-01,-1.605725e-09,-8.229350e-02,-7.40641475e-01,0.00000000e+00,-7.40641475e-01,3.047499e-02,32
1.066667,-1.183895e-09,4.103741e-01,-1.605948e-09,-8.228934e-02,-7.40604043e-01,0.00000000e+00,-7.40604043e-01,3.047191e-02,32
1.070833,-1.178732e-09,4.100312e-01,-1.606490e-09,-8.228524e-02,-7.40567148e-01,0.00000000e+00,-7.40567148e-01,3.046887e-02,32
1.075000,-1.173220e-09,4.096884e-01,-1.607126e-09,-8.228122e-02,-7.40531027e-01,0.00000000e+00,-7.40531027e-01,3.046590e-02,32
1.079167,-1.167205e-09,4.093456e-01,-1.607404e-09,-8.227726e-02,-7.40495324e-01,0.00000000e+00,-7.40495324e-01,3.046297e-02,32
1.083333,-1.160778e-09,4.090028e-01,-1.607470e-09,-8.227336e-02,-7.40460277e-01,0.00000000e+00,-7.40460277e-01,3.046008e-02,32
1.087500,-1.154435e-09,4.086600e-01,-1.607424e-09,-8.226955e-02,-7.40425944e-01,0.00000000e+00,-7.40425944e-01,3.045725e-02,32
1.091667,-1.148309e-09,4.083172e-01,-1.607288e-09,-8.226576e-02,-7.40391850e-01,0.00000000e+00,-7.40391850e-01,3.045445e-02,32
1.095833,-1.142463e-09,4.079744e-01,-1.607099e-09,-8.226205e-02,-7.40358472e-01,0.00000000e+00,-7.40358472e-01,3.045171e-02,32
1.100000,-1.136596e-09,4.076317e-01,-1.606794e-09,-8.225840e-02,-7.40325630e-01,0.00000000e+00,-7.40325630e-01,3.044900e-02,32
1.104167,-1.130449e-09,4.072889e-01,-1.606176e-09,-8.225480e-02,-7.40293264e-01,0.00000000e+00,-7.40293264e-01,3.044634e-02,32
1.108333,-1.124279e-09,4.069462e-01,-1.605507e-09,-8.225127e-02,-7.40261376e-01,0.00000000e+00,-7.40261376e-01,3.044372e-02,32
1.112500,-1.118491e-09,4.066035e-01,-1.605136e-09,-8.224779e-02,-7.40230083e-01,0.00000000e+00,-7.40230083e-01,3.044114e-02,32
1.116667,-1.112678e-09,4.062608e-01,-1.604851e-09,-8.224436e-02,-7.40199208e-01,0.00000000e+00,-7.40199208e-01,3.043861e-02,32
1.120833,-1.107295e-09,4.059182e-01,-1.604656e-09,-8.224096e-02,-7.40168631e-01,0.00000000e+00,-7.40168631e-01,3.043609e-02,32
1.125000,-1.102240e-09,4.055755e-01,-1.604552e-09,-8.223764e-02,-7.40138769e-01,0.00000000e+00,-7.40138769e-01,3.043363e-02,32
1.129167,-1.097568e-09,4.052328e-01,-1.605300e-09,-8.223435e-02,-7.40109086e-01,0.00000000e+00,-7.40109086e-01,3.043119e-02,32
1.133333,-1.093198e-09,4.048902e-01,-1.606595e-09,-8.223110e-02,-7.40079939e-01,0.00000000e+00,-7.40079939e-01,3.042880e-02,32
1.137500,-1.088711e-09,4.045476e-01,-1.608231e-09,-8.222792e-02,-7.40051270e-01,0.00000000e+00,-7.40051270e-01,3.042644e-02,32
1.141667,-1.084115e-09,4.042050e-01,-1.610158e-09,-8.222476e-02,-7.40022779e-01,0.00000000e+00,-7.40022779e-01,3.042410e-02,32
1.145833,-1.079523e-09,4.038624e-01,-1.612592e-09,-8.222165e-02,-7.39994824e-01,0.00000000e+00,-7.39994824e-01,3.042180e-02,32
1.150000,-1.074615e-09,4.035198e-01,-1.615263e-09,-8.221859e-02,-7.39967346e-01,0.00000000e+00,-7.39967346e-01,3.041954e-02,32
1.154167,-1.070034e-09,4.031773e-01,-1.618119e-09,-8.221558e-02,-7.39940286e-01,0.00000000e+00,-7.39940286e-01,3.041731e-02,32
1.158333,-1.065088e-09,4.028347e-01,-1.621103e-09,-8.221263e-02,-7.39913642e-01,0.00000000e+00,-7.39913642e-01,3.041512e-02,32
1.162500,-1.059754e-09,4.024922e-01,-1.624242e-09,-8.220971e-02,-7.39887357e-01,0.00000000e+00,-7.39887357e-01,3.041296e-02,32
1.166667,-1.054233e-09,4.021496e-01,-1.627285e-09,-8.220681e-02,-7.39861250e-01,0.00000000e+00,-7.39861250e-01,3.041082e-02,32
1.170833,-1.048363e-09,4.018071e-01,-1.629740e-09,-8.220395e-02,-7.39835620e-01,0.00000000e+00,-7.39835620e-01,3.040871e-02,32
1.175000,-1.042430e-09,4.014646e-01,-1.631629e-09,-8.220113e-02,-7.39810169e-01,0.00000000e+00,-7.39810169e-01,3.040662e-02,32
1.179167,-1.036576e-09,4.011221e-01,-1.633276e-09,-8.219837e-02,-7.39785314e-01,0.00000000e+00,-7.39785314e-01,3.040457e-02,32
1.183333,-1.030405e-09,4.007796e-01,-1.634818e-09,-8.219563e-02,-7.39760697e-01,0.00000000e+00,-7.39760697e-01,3.040255e-02,32
1.187500,-1.024393e-09,4.004372e-01,-1.636296e-09,-8.219292e-02,-7.39736259e-01,0.00000000e+00,-7.39736259e-01,3.040054e-02,32
1.191667,-1.018519e-09,4.000947e-01,-1.637652e-09,-8.219026e-02,-7.39712358e-01,0.00000000e+00,-7.39712358e-01,3.039858e-02,32
1.195833,-1.012668e-09,3.997523e-01,-1.638833e-09,-8.218764e-02,-7.39688754e-01,0.00000000e+00,-7.39688754e-01,3.039663e-02,32
1.200000,-1.006577e-09,3.994098e-01,-1.640250e-09,-8.218503e-02,-7.39665270e-01,0.00000000e+00,-7.39665270e-01,3.039471e-02,32
1.204167,-1.000273e-09,3.990674e-01,-1.641337e-09,-8.218247e-02,-7.39642203e-01,0.00000000e+00,-7.39642203e-01,3.039281e-02,32
1.208333,-9.937672e-10,3.987250e-01,-1.642250e-09,-8.217993e-02,-7.39619315e-01,0.00000000e+00,-7.39619315e-01,3.039093e-02,32
1.212500,-9.867129e-10,3.983826e-01,-1.643064e-09,-8.217742e-02,-7.39596784e-01,0.00000000e+00,-7.39596784e-01,3.038908e-02,32
1.216667,-9.793449e-10,3.980402e-01,-1.643567e-09,-8.217496e-02,-7.39574611e-01,0.00000000e+00,-7.39574611e-01,3.038725e-02,32
1.220833,-9.719319e-10,3.976978e-01,-1.644056e-09,-8.217251e-02,-7.39552617e-01,0.00000000e+00,-7.39552617e-01,3.038545e-02,32
1.225000,-9.644557e-10,3.973554e-01,-1.644352e-09,-8.217011e-02,-7.39531040e-01,0.00000000e+00,-7.39531040e-01,3.038367e-02,32
1.229167,-9.575088e-10,3.970130e-01,-1.644242e-09,-8.216773e-02,-7.39509583e-01,0.00000000e+00,-7.39509583e-01,3.038191e-02,32
1.233333,-9.510821e-10,3.966707e-01,-1.643324e-09,-8.216538e-02,-7.39488363e-01,0.00000000e+00,-7.39488363e-01,3.038017e-02,32
1.237500,-9.447215e-10,3.963283e-01,-1.641997e-09,-8.216306e-02,-7.39467502e-01,0.00000000e+00,-7.39467502e-01,3.037846e-02,32
1.241667,-9.385497e-10,3.959860e-01,-1.640362e-09,-8.216076e-02,-7.39446878e-01,0.00000000e+00,-7.39446878e-01,3.037676e-02,32
1.245833,-9.325769e-10,3.956437e-01,-1.638570e-09,-8.215849e-02,-7.39426434e-01,0.00000000e+00,-7.39426434e-01,3.037508e-02,32
1.250000,-9.268567e-10,3.953013e-01,-1.637062e-09,-8.215626e-02,-7.39406288e-01,0.00000000e+00,-7.39406288e-01,3.037343e-02,32
1.254167,-9.210224e-10,3.949590e-01,-1.635468e-09,-8.215404e-02,-7.39386320e-01,0.00000000e+00,-7.39386320e-01,3.037179e-02,32
1.258333,-9.150887e-10,3.946167e-01,-1.634193e-09,-8.215184e-02,-7.39366531e-01,0.00000000e+00,-7.39366531e-01,3.037016e-02,32
1.262500,-9.090636e-10,3.942744e-01,-1.632995e-09,-8.214968e-02,-7.39347100e-01,0.00000000e+00,-7.39347100e-01,3.036856e-02,32
1.266667,-9.030482e-10,3.939322e-01,-1.632119e-09,-8.214753e-02,-7.39327788e-01,0.00000000e+00,-7.39327788e-01,3.036698e-02,32
1.270833,-8.969958e-10,3.935899e-01,-1.631709e-09,-8.214542e-02,-7.39308834e-01,0.00000000e+00,-7.39308834e-01,3.036542e-02,32
1.275000,-8.910281e-10,3.932476e-01,-1.631569e-09,-8.214334e-02,-7.39289999e-01,0.00000000e+00,-7.39289999e-01,3.036387e-02,32
1.279167,-8.851087e-10,3.929054e-01,-1.631506e-09,-8.214127e-02,-7.39271462e-01,0.00000000e+00,-7.39271462e-01,3.036235e-02,32
1.283333,-8.795065e-10,3.925631e-01,-1.631996e-09,-8.213923e-02,-7.39253104e-01,0.00000000e+00,-7.39253104e-01,3.036084e-02,32
1.287500,-8.738290e-10,3.922209e-01,-1.632488e-09,-8.213722e-02,-7.39234984e-01,0.00000000e+00,-7.39234984e-01,3.035935e-02,32
1.291667,-8.683572e-10,3.918787e-01,-1.632850e-09,-8.213522e-02,-7.39216983e-01,0.00000000e+00,-7.39216983e-01,3.035788e-02,32
1.295833,-8.628981e-10,3.915364e-01,-1.633185e-09,-8.213323e-02,-7.39199102e-01,0.00000000e+00,-7.39199102e-01,3.035641e-02,32
1.300000,-8.574037e-10,3.911942e-01,-1.633542e-09,-8.213128e-02,-7.39181519e-01,0.00000000e+00,-7.39181519e-01,3.035496e-02,32
1.304167,-8.519441e-10,3.908520e-01,-1.633571e-09,-8.212934e-02,-7.39164114e-01,0.00000000e+00,-7.39164114e-01,3.035353e-02,32
1.308333,-8.468344e-10,3.905098e-01,-1.633801e-09,-8.212745e-02,-7.39147067e-01,0.00000000e+00,-7.39147067e-01,3.035213e-02,32
1.312500,-8.417630e-10,3.901676e-01,-1.634399e-09,-8.212554e-02,-7.39129901e-01,0.00000000e+00,-7.39129901e-01,3.035072e-02,32
1.316667,-8.363438e-10,3.898254e-01,-1.635167e-09,-8.212367e-02,-7.39112973e-01,0.00000000e+00,-7.39112973e-01,3.034933e-02,32
1.320833,-8.311274e-10,3.894833e-01,-1.635962e-09,-8.212183e-02,-7.39096463e-01,0.00000000e+00,-7.39096463e-01,3.034797e-02,32
1.325000,-8.257861e-10,3.891411e-01,-1.636366e-09,-8.211999e-02,-7.39079952e-01,0.00000000e+00,-7.39079952e-01,3.034662e-02,32
1.329167,-8.202504e-10,3.887990e-01,-1.636450e-09,-8.211818e-02,-7.39063621e-01,0.00000000e+00,-7.39063621e-01,3.034528e-02,32
1.333333,-8.150354e-10,3.884568e-01,-1.636639e-09,-8.211638e-02,-7.39047408e-01,0.00000000e+00,-7.39047408e-01,3.034395e-02,32
1.337500,-8.097110e-10,3.881147e-01,-1.636869e-09,-8.211461e-02,-7.39031434e-01,0.00000000e+00,-7.39031434e-01,3.034264e-02,32
1.341667,-8.042922e-10,3.877725e-01,-1.637493e-09,-8.211285e-02,-7.39015639e-01,0.00000000e+00,-7.39015639e-01,3.034134e-02,32
1.345833,-7.991031e-10,3.874304e-01,-1.638346e-09,-8.211110e-02,-7.38999903e-01,0.00000000e+00,-7.38999903e-01,3.034005e-02,32
1.350000,-7.940776e-10,3.870883e-01,-1.638984e-09,-8.210938e-02,-7.38984466e-01,0.00000000e+00,-7.38984466e-01,3.033878e-02,32
1.354167,-7.892274e-10,3.867462e-01,-1.639100e-09,-8.210769e-02,-7.38969147e-01,0.00000000e+00,-7.38969147e-01,3.033752e-02,32
1.358333,-7.847361e-10,3.864041e-01,-1.639348e-09,-8.210599e-02,-7.38953888e-01,0.00000000e+00,-7.38953888e-01,3.033627e-02,32
1.362500,-7.807373e-10,3.860620e-01,-1.639605e-09,-8.210433e-02,-7.38938928e-01,0.00000000e+00,-7.38938928e-01,3.033504e-02,32
1.366667,-7.772947e-10,3.857199e-01,-1.639766e-09,-8.210267e-02,-7.38924026e-01,0.00000000e+00,-7.38924026e-01,3.033382e-02,32
1.370833,-7.741287e-10,3.853778e-01,-1.639913e-09,-8.210103e-02,-7.38909304e-01,0.00000000e+00,-7.38909304e-01,3.033261e-02,32
1.375000,-7.713196e-10,3.850357e-01,-1.639689e-09,-8.209940e-02,-7.38894582e-01,0.00000000e+00,-7.38894582e-01,3.033140e-02,32
1.379167,-7.684678e-10,3.846936e-01,-1.639271e-09,-8.209780e-02,-7.38880157e-01,0.00000000e+00,-7.38880157e-01,3.033022e-02,32
1.383333,-7.657688e-10,3.843516e-01,-1.638986e-09,-8.209621e-02,-7.38865912e-01,0.00000000e+00,-7.38865912e-01,3.032904e-02,32
1.387500,-7.630142e-10,3.840095e-01,-1.638648e-09,-8.209463e-02,-7.38851666e-01,0.00000000e+00,-7.38851666e-01,3.032788e-02,32
1.391667,-7.602744e-10,3.836674e-01,-1.638619e-09,-8.209307e-02,-7.38837659e-01,0.00000000e+00,-7.38837659e-01,3.032673e-02,32
1.395833,-7.574550e-10,3.833254e-01,-1.638495e-09,-8.209153e-02,-7.38823771e-01,0.00000000e+00,-7.38823771e-01,3.032559e-02,32
1.400000,-7.544668e-10,3.829834e-01,-1.638377e-09,-8.209001e-02,-7.38810062e-01,0.00000000e+00,-7.38810062e-01,3.032446e-02,32
1.404167,-7.516938e-10,3.826413e-01,-1.638613e-09,-8.208849e-02,-7.38796413e-01,0.00000000e+00,-7.38796413e-01,3.032334e-02,32
1.408333,-7.490266e-10,3.822993e-01,-1.639056e-09,-8.208699e-02,-7.38782883e-01,0.00000000e+00,-7.38782883e-01,3.032223e-02,32
1.412500,-7.463260e-10,3.819573e-01,-1.639588e-09,-8.208550e-02,-7.38769472e-01,0.00000000e+00,-7.38769472e-01,3.032113e-02,32
1.416667,-7.435657e-10,3.816153e-01,-1.640236e-09,-8.208402e-02,-7.38756120e-01,0.00000000e+00,-7.38756120e-01,3.032003e-02,32
1.420833,-7.406069e-10,3.812732e-01,-1.640802e-09,-8.208257e-02,-7.38743126e-01,0.00000000e+00,-7.38743126e-01,3.031897e-02,32
1.425000,-7.375912e-10,3.809312e-01,-1.641251e-09,-8.208113e-02,-7.38730192e-01,0.00000000e+00,-7.38730192e-01,3.031791e-02,32
1.429167,-7.344221e-10,3.805892e-01,-1.641566e-09,-8.207970e-02,-7.38717318e-01,0.00000000e+00,-7.38717318e-01,3.031685e-02,32
1.433333,-7.315091e-10,3.802472e-01,-1.641762e-09,-8.207827e-02,-7.38704443e-01,0.00000000e+00,-7.38704443e-01,3.031579e-02,32
1.437500,-7.287225e-10,3.799053e-01,-1.641905e-09,-8.207686e-02,-7.38691688e-01,0.00000000e+00,-7.38691688e-01,3.031475e-02,32
1.441667,-7.258744e-10,3.795633e-01,-1.642093e-09,-8.207546e-02,-7.38679171e-01,0.00000000e+00,-7.38679171e-01,3.031372e-02,32
1.445833,-7.232820e-10,3.792213e-01,-1.642351e-09,-8.207408e-02,-7.38666773e-01,0.00000000e+00,-7.38666773e-01,3.031270e-02,32
1.450000,-7.209374e-10,3.788793e-01,-1.642734e-09,-8.207271e-02,-7.38654435e-01,0.00000000e+00,-7.38654435e-01,3.031169e-02,32
1.454167,-7.185106e-10,3.785374e-01,-1.642840e-09,-8.207136e-02,-7.38642216e-01,0.00000000e+00,-7.38642216e-01,3.031068e-02,32
1.458333,-7.158796e-10,3.781954e-01,-1.642817e-09,-8.207002e-02,-7.38630176e-01,0.00000000e+00,-7.38630176e-01,3.030970e-02,32
1.462500,-7.129851e-10,3.778535e-01,-1.642757e-09,-8.206870e-02,-7.38618255e-01,0.00000000e+00,-7.38618255e-01,3.030872e-02,32
1.466667,-7.100797e-10,3.775115e-01,-1.642366e-09,-8.206736e-02,-7.38606274e-01,0.00000000e+00,-7.38606274e-01,3.030773e-02,32
1.470833,-7.070088e-10,3.771695e-01,-1.641679e-09,-8.206604e-02,-7.38594413e-01,0.00000000e+00,-7.38594413e-01,3.030676e-02,32
1.475000,-7.035774e-10,3.768276e-01,-1.640895e-09,-8.206475e-02,-7.38582730e-01,0.00000000e+00,-7.38582730e-01,3.030580e-02,32
1.479167,-7.003640e-10,3.764857e-01,-1.640290e-09,-8.206345e-02,-7.38571048e-01,0.00000000e+00,-7.38571048e-01,3.030484e-02,32
1.483333,-6.971800e-10,3.761438e-01,-1.639741e-09,-8.206218e-02,-7.38559604e-01,0.00000000e+00,-7.38559604e-01,3.030390e-02,32
1.487500,-6.941678e-10,3.758019e-01,-1.639328e-09,-8.206092e-02,-7.38548279e-01,0.00000000e+00,-7.38548279e-01,3.030298e-02,32
1.491667,-6.914356e-10,3.754599e-01,-1.638969e-09,-8.205967e-02,-7.38537014e-01,0.00000000e+00,-7.38537014e-01,3.030205e-02,32
1.495833,-6.886081e-10,3.751180e-01,-1.638664e-09,-8.205842e-02,-7.38525808e-01,0.00000000e+00,-7.38525808e-01,3.030113e-02,32
1.500000,-6.860033e-10,3.747761e-01,-1.638471e-09,-8.205719e-02,-7.38514721e-01,0.00000000e+00,-7.38514721e-01,3.030022e-02,32
1.504167,-6.833921e-10,3.744342e-01,-1.638262e-09,-8.205597e-02,-7.38503754e-01,0.00000000e+00,-7.38503754e-01,3.029932e-02,32
1.508333,-6.810832e-10,3.740923e-01,-1.638033e-09,-8.205475e-02,-7.38492727e-01,0.00000000e+00,-7.38492727e-01,3.029842e-02,32
1.512500,-6.788075e-10,3.737504e-01,-1.637706e-09,-8.205354e-02,-7.38481879e-01,0.00000000e+00,-7.38481879e-01,3.029753e-02,32
1.516667,-6.764320e-10,3.734086e-01,-1.637335e-09,-8.205235e-02,-7.38471150e-01,0.00000000e+00,-7.38471150e-01,3.029665e-02,32
1.520833,-6.741185e-10,3.730667e-01,-1.637007e-09,-8.205118e-02,-7.38460600e-01,0.00000000e+00,-7.38460600e-01,3.029578e-02,32
1.525000,-6.717961e-10,3.727248e-01,-1.636462e-09,-8.205000e-02,-7.38449931e-01,0.00000000e+00,-7.38449931e-01,3.029491e-02,32
1.529167,-6.692798e-10,3.723829e-01,-1.635815e-09,-8.204884e-02,-7.38439560e-01,0.00000000e+00,-7.38439560e-01,3.029406e-02,32
1.533333,-6.668522e-10,3.720411e-01,-1.635386e-09,-8.204768e-02,-7.38429129e-01,0.00000000e+00,-7.38429129e-01,3.029320e-02,32
1.537500,-6.644668e-10,3.716992e-01,-1.634867e-09,-8.204653e-02,-7.38418758e-01,0.00000000e+00,-7.38418758e-01,3.029235e-02,32
1.541667,-6.619895e-10,3.713574e-01,-1.634346e-09,-8.204539e-02,-7.38408506e-01,0.00000000e+00,-7.38408506e-01,3.029151e-02,32
1.545833,-6.596119e-10,3.710155e-01,-1.633775e-09,-8.204427e-02,-7.38398373e-01,0.00000000e+00,-7.38398373e-01,3.029068e-02,32
1.550000,-6.575380e-10,3.706737e-01,-1.633167e-09,-8.204316e-02,-7.38388419e-01,0.00000000e+00,-7.38388419e-01,3.028986e-02,32
1.554167,-6.556116e-10,3.703318e-01,-1.632492e-09,-8.204205e-02,-7.38378406e-01,0.00000000e+00,-7.38378406e-01,3.028904e-02,32
1.558333,-6.537551e-10,3.699900e-01,-1.632025e-09,-8.204094e-02,-7.38368511e-01,0.00000000e+00,-7.38368511e-01,3.028822e-02,32
1.562500,-6.515691e-10,3.696482e-01,-1.631468e-09,-8.203986e-02,-7.38358676e-01,0.00000000e+00,-7.38358676e-01,3.028742e-02,32
1.566667,-6.494685e-10,3.693063e-01,-1.630836e-09,-8.203877e-02,-7.38348901e-01,0.00000000e+00,-7.38348901e-01,3.028662e-02,32
1.570833,-6.474074e-10,3.689645e-01,-1.630458e-09,-8.203769e-02,-7.38339186e-01,0.00000000e+00,-7.38339186e-01,3.028582e-02,32
1.575000,-6.452208e-10,3.686227e-01,-1.630193e-09,-8.203661e-02,-7.38329530e-01,0.00000000e+00,-7.38329530e-01,3.028503e-02,32
1.579167,-6.431107e-10,3.682809e-01,-1.630146e-09,-8.203556e-02,-7.38319993e-01,0.00000000e+00,-7.38319993e-01,3.028425e-02,32
1.583333,-6.411414e-10,3.679391e-01,-1.630193e-09,-8.203450e-02,-7.38310456e-01,0.00000000e+00,-7.38310456e-01,3.028347e-02,32
1.587500,-6.393261e-10,3.675973e-01,-1.630517e-09,-8.203346e-02,-7.38301158e-01,0.00000000e+00,-7.38301158e-01,3.028270e-02,32
1.591667,-6.374092e-10,3.672554e-01,-1.630911e-09,-8.203243e-02,-7.38291919e-01,0.00000000e+00,-7.38291919e-01,3.028194e-02,32
1.595833,-6.351786e-10,3.669136e-01,-1.631219e-09,-8.203141e-02,-7.38282740e-01,0.00000000e+00,-7.38282740e-01,3.028119e-02,32
1.600000,-6.329969e-10,3.665718e-01,-1.631711e-09,-8.203041e-02,-7.38273680e-01,0.00000000e+00,-7.38273680e-01,3.028044e-02,32
1.604167,-6.303736e-10,3.662300e-01,-1.632105e-09,-8.202939e-02,-7.38264561e-01,0.00000000e+00,-7.38264561e-01,3.027970e-02,32
1.608333,-6.275301e-10,3.658883e-01,-1.632470e-09,-8.202840e-02,-7.38255620e-01,0.00000000e+00,-7.38255620e-01,3.027897e-02,32
1.612500,-6.248823e-10,3.655465e-01,-1.632600e-09,-8.202741e-02,-7.38246679e-01,0.00000000e+00,-7.38246679e-01,3.027823e-02,32
1.616667,-6.224313e-10,3.652047e-01,-1.632682e-09,-8.202641e-02,-7.38237679e-01,0.00000000e+00,-7.38237679e-01,3.027749e-02,32
1.620833,-6.199414e-10,3.648629e-01,-1.632557e-09,-8.202542e-02,-7.38228738e-01,0.00000000e+00,-7.38228738e-01,3.027676e-02,32
1.625000,-6.173637e-10,3.645212e-01,-1.632549e-09,-8.202445e-02,-7.38220036e-01,0.00000000e+00,-7.38220036e-01,3.027604e-02,32
1.629167,-6.147074e-10,3.641794e-01,-1.632600e-09,-8.202348e-02,-7.38211334e-01,0.00000000e+00,-7.38211334e-01,3.027533e-02,32
1.633333,-6.117463e-10,3.638376e-01,-1.632681e-09,-8.202252e-02,-7.38202691e-01,0.00000000e+00,-7.38202691e-01,3.027462e-02,32
1.637500,-6.087323e-10,3.634959e-01,-1.632942e-09,-8.202155e-02,-7.38193929e-01,0.00000000e+00,-7.38193929e-01,3.027391e-02,32
1.641667,-6.053973e-10,3.631541e-01,-1.633259e-09,-8.202061e-02,-7.38185525e-01,0.00000000e+00,-7.38185525e-01,3.027321e-02,32
1.645833,-6.021642e-10,3.628124e-01,-1.633653e-09,-8.201968e-02,-7.38177121e-01,0.00000000e+00,-7.38177121e-01,3.027252e-02,32
1.650000,-5.987877e-10,3.624707e-01,-1.634051e-09,-8.201875e-02,-7.38168716e-01,0.00000000e+00,-7.38168716e-01,3.027184e-02,32
1.654167,-5.954697e-10,3.621289e-01,-1.634788e-09,-8.201782e-02,-7.38160431e-01,0.00000000e+00,-7.38160431e-01,3.027116e-02,32
1.658333,-5.919731e-10,3.617872e-01,-1.635179e-09,-8.201692e-02,-7.38152266e-01,0.00000000e+00,-7.38152266e-01,3.027049e-02,32
1.662500,-5.884209e-10,3.614454e-01,-1.635174e-09,-8.201600e-02,-7.38143981e-01,0.00000000e+00,-7.38143981e-01,3.026981e-02,32
1.666667,-5.847476e-10,3.611037e-01,-1.635194e-09,-8.201509e-02,-7.38135815e-01,0.00000000e+00,-7.38135815e-01,3.026914e-02,32
1.670833,-5.809528e-10,3.607620e-01,-1.635021e-09,-8.201420e-02,-7.38127828e-01,0.00000000e+00,-7.38127828e-01,3.026848e-02,32
1.675000,-5.773819e-10,3.604203e-01,-1.634705e-09,-8.201329e-02,-7.38119662e-01,0.00000000e+00,-7.38119662e-01,3.026781e-02,32
1.679167,-5.738921e-10,3.600785e-01,-1.634256e-09,-8.201241e-02,-7.38111675e-01,0.00000000e+00,-7.38111675e-01,3.026716e-02,32
1.683333,-5.705055e-10,3.597368e-01,-1.633803e-09,-8.201153e-02,-7.38103747e-01,0.00000000e+00,-7.38103747e-01,3.026651e-02,32
1.687500,-5.672631e-10,3.593951e-01,-1.633287e-09,-8.201065e-02,-7.38095820e-01,0.00000000e+00,-7.38095820e-01,3.026586e-02,32
1.691667,-5.640620e-10,3.590534e-01,-1.632725e-09,-8.200978e-02,-7.38088071e-01,0.00000000e+00,-7.38088071e-01,3.026522e-02,32
1.695833,-5.609728e-10,3.587117e-01,-1.632109e-09,-8.200892e-02,-7.38080263e-01,0.00000000e+00,-7.38080263e-01,3.026458e-02,32
1.700000,-5.580599e-10,3.583700e-01,-1.631905e-09,-8.200806e-02,-7.38072515e-01,0.00000000e+00,-7.38072515e-01,3.026395e-02,32
1.704167,-5.551886e-10,3.580283e-01,-1.631754e-09,-8.200722e-02,-7.38065004e-01,0.00000000e+00,-7.38065004e-01,3.026333e-02,32
1.708333,-5.521574e-10,3.576866e-01,-1.631582e-09,-8.200637e-02,-7.38057375e-01,0.00000000e+00,-7.38057375e-01,3.026270e-02,32
1.712500,-5.492253e-10,3.573449e-01,-1.631546e-09,-8.200555e-02,-7.38049924e-01,0.00000000e+00,-7.38049924e-01,3.026209e-02,32
1.716667,-5.461198e-10,3.570032e-01,-1.631354e-09,-8.200470e-02,-7.38042235e-01,0.00000000e+00,-7.38042235e-01,3.026147e-02,32
1.720833,-5.430165e-10,3.566616e-01,-1.631125e-09,-8.200388e-02,-7.38034904e-01,0.00000000e+00,-7.38034904e-01,3.026086e-02,32
1.725000,-5.398849e-10,3.563199e-01,-1.631111e-09,-8.200305e-02,-7.38027453e-01,0.00000000e+00,-7.38027453e-01,3.026025e-02,32
1.729167,-5.368700e-10,3.559782e-01,-1.630879e-09,-8.200224e-02,-7.38020122e-01,0.00000000e+00,-7.38020122e-01,3.025965e-02,32
1.733333,-5.339414e-10,3.556365e-01,-1.630538e-09,-8.200143e-02,-7.38012850e-01,0.00000000e+00,-7.38012850e-01,3.025905e-02,32
1.737500,-5.309974e-10,3.552948e-01,-1.630383e-09,-8.200061e-02,-7.38005519e-01,0.00000000e+00,-7.38005519e-01,3.025845e-02,32
1.741667,-5.280594e-10,3.549532e-01,-1.630046e-09,-8.199982e-02,-7.37998366e-01,0.00000000e+00,-7.37998366e-01,3.025786e-02,32
1.745833,-5.251521e-10,3.546115e-01,-1.629602e-09,-8.199903e-02,-7.37991214e-01,0.00000000e+00,-7.37991214e-01,3.025728e-02,32
1.750000,-5.222873e-10,3.542699e-01,-1.629102e-09,-8.199824e-02,-7.37984121e-01,0.00000000e+00,-7.37984121e-01,3.025670e-02,32
1.754167,-5.194146e-10,3.539282e-01,-1.628432e-09,-8.199745e-02,-7.37977087e-01,0.00000000e+00,-7.37977087e-01,3.025612e-02,32
1.758333,-5.165093e-10,3.535866e-01,-1.627620e-09,-8.199666e-02,-7.37969995e-01,0.00000000e+00,-7.37969995e-01,3.025554e-02,32
1.762500,-5.135318e-10,3.532449e-01,-1.626983e-09,-8.199590e-02,-7.37963080e-01,0.00000000e+00,-7.37963080e-01,3.025497e-02,32
1.766667,-5.105730e-10,3.529032e-01,-1.626650e-09,-8.199514e-02,-7.37956226e-01,0.00000000e+00,-7.37956226e-01,3.025441e-02,32
1.770833,-5.076091e-10,3.525616e-01,-1.626273e-09,-8.199437e-02,-7.37949312e-01,0.00000000e+00,-7.37949312e-01,3.025384e-02,32
1.775000,-5.043846e-10,3.522199e-01,-1.625787e-09,-8.199360e-02,-7.37942398e-01,0.00000000e+00,-7.37942398e-01,3.025328e-02,32
1.779167,-5.012199e-10,3.518783e-01,-1.625298e-09,-8.199285e-02,-7.37935662e-01,0.00000000e+00,-7.37935662e-01,3.025272e-02,32
1.783333,-4.980582e-10,3.515367e-01,-1.625017e-09,-8.199210e-02,-7.37928867e-01,0.00000000e+00,-7.37928867e-01,3.025217e-02,32
1.787500,-4.948581e-10,3.511951e-01,-1.624541e-09,-8.199135e-02,-7.37922192e-01,0.00000000e+00,-7.37922192e-01,3.025162e-02,32
1.791667,-4.917185e-10,3.508534e-01,-1.624017e-09,-8.199061e-02,-7.37915516e-01,0.00000000e+00,-7.37915516e-01,3.025107e-02,32
1.795833,-4.886743e-10,3.505118e-01,-1.623385e-09,-8.198987e-02,-7.37908840e-01,0.00000000e+00,-7.37908840e-01,3.025052e-02,32
1.800000,-4.859245e-10,3.501702e-01,-1.622618e-09,-8.198915e-02,-7.37902403e-01,0.00000000e+00,-7.37902403e-01,3.025000e-02,32
1.804167,-4.831766e-10,3.498286e-01,-1.621688e-09,-8.198843e-02,-7.37895906e-01,0.00000000e+00,-7.37895906e-01,3.024946e-02,32
1.808333,-4.805886e-10,3.494926e-01,-1.621004e-09,-8.062690e-02,-7.25642085e-01,0.00000000e+00,-7.25642085e-01,2.925314e-02,48
1.812500,-4.777040e-10,3.491973e-01,-1.619683e-09,-7.088020e-02,-6.37921810e-01,0.00000000e+00,-6.37921810e-01,2.260802e-02,48
1.816667,-4.742239e-10,3.489287e-01,-1.618214e-09,-6.446680e-02,-5.80201149e-01,0.00000000e+00,-5.80201149e-01,1.870186e-02,48
1.820833,-4.709670e-10,3.486744e-01,-1.616709e-09,-6.104283e-02,-5.49385488e-01,0.00000000e+00,-5.49385488e-01,1.676803e-02,48
1.825000,-4.681671e-10,3.484276e-01,-1.615167e-09,-5.923223e-02,-5.33090115e-01,0.00000000e+00,-5.33090115e-01,1.578806e-02,48
1.829167,-4.650536e-10,3.481850e-01,-1.613014e-09,-5.820651e-02,-5.23858607e-01,0.00000000e+00,-5.23858607e-01,1.524599e-02,48
1.833333,-4.615629e-10,3.479452e-01,-1.610236e-09,-5.756717e-02,-5.18104553e-01,0.00000000e+00,-5.18104553e-01,1.491291e-02,48
1.837500,-4.576867e-10,3.477071e-01,-1.607293e-09,-5.713139e-02,-5.14182568e-01,0.00000000e+00,-5.14182568e-01,1.468798e-02,48
1.841667,-4.536734e-10,3.474704e-01,-1.603973e-09,-5.681302e-02,-5.11317134e-01,0.00000000e+00,-5.11317134e-01,1.452473e-02,48
1.845833,-4.499680e-10,3.472347e-01,-1.600019e-09,-5.656849e-02,-5.09116411e-01,0.00000000e+00,-5.09116411e-01,1.439997e-02,48
1.850000,-4.466308e-10,3.469998e-01,-1.595908e-09,-5.637388e-02,-5.07364929e-01,0.00000000e+00,-5.07364929e-01,1.430106e-02,48
1.854167,-4.424260e-10,3.467656e-01,-1.591256e-09,-5.621488e-02,-5.05933881e-01,0.00000000e+00,-5.05933881e-01,1.422051e-02,48
1.858333,-4.383215e-10,3.465319e-01,-1.586580e-09,-5.608230e-02,-5.04740655e-01,0.00000000e+00,-5.04740655e-01,1.415351e-02,48
1.862500,-4.342579e-10,3.462987e-01,-1.581999e-09,-5.596999e-02,-5.03729880e-01,0.00000000e+00,-5.03729880e-01,1.409688e-02,48
1.866667,-4.300766e-10,3.460659e-01,-1.577073e-09,-5.587356e-02,-5.02862036e-01,0.00000000e+00,-5.02862036e-01,1.404835e-02,48
1.870833,-4.257406e-10,3.458334e-01,-1.572591e-09,-5.578983e-02,-5.02108514e-01,0.00000000e+00,-5.02108514e-01,1.400627e-02,48
1.875000,-4.218130e-10,3.456013e-01,-1.568019e-09,-5.571641e-02,-5.01447737e-01,0.00000000e+00,-5.01447737e-01,1.396943e-02,48
1.879167,-4.185640e-10,3.453694e-01,-1.562444e-09,-5.565150e-02,-5.00863492e-01,0.00000000e+00,-5.00863492e-01,1.393690e-02,48
1.883333,-4.152640e-10,3.451377e-01,-1.556799e-09,-5.559370e-02,-5.00343323e-01,0.00000000e+00,-5.00343323e-01,1.390797e-02,48
1.887500,-4.120236e-10,3.449063e-01,-1.550560e-09,-5.554188e-02,-4.99876946e-01,0.00000000e+00,-4.99876946e-01,1.388205e-02,48
1.891667,-4.086550e-10,3.446751e-01,-1.544567e-09,-5.549518e-02,-4.99456644e-01,0.00000000e+00,-4.99456644e-01,1.385872e-02,48
1.895833,-4.045457e-10,3.444440e-01,-1.538804e-09,-5.545285e-02,-4.99075621e-01,0.00000000e+00,-4.99075621e-01,1.383758e-02,48
1.900000,-4.002681e-10,3.442131e-01,-1.533048e-09,-5.541427e-02,-4.98728395e-01,0.00000000e+00,-4.98728395e-01,1.381833e-02,48
1.904167,-3.957491e-10,3.439824e-01,-1.528060e-09,-5.537902e-02,-4.98411179e-01,0.00000000e+00,-4.98411179e-01,1.380076e-02,48
1.908333,-3.915404e-10,3.437518e-01,-1.523234e-09,-5.534663e-02,-4.98119712e-01,0.00000000e+00,-4.98119712e-01,1.378462e-02,48
1.912500,-3.882667e-10,3.435213e-01,-1.518526e-09,-5.531679e-02,-4.97851163e-01,0.00000000e+00,-4.97851163e-01,1.376977e-02,48
1.916667,-3.857146e-10,3.432909e-01,-1.514453e-09,-5.528921e-02,-4.97602850e-01,0.00000000e+00,-4.97602850e-01,1.375603e-02,48
1.920833,-3.831890e-10,3.430606e-01,-1.510463e-09,-5.526363e-02,-4.97372657e-01,0.00000000e+00,-4.97372657e-01,1.374331e-02,48
1.925000,-3.807679e-10,3.428305e-01,-1.506102e-09,-5.523984e-02,-4.97158527e-01,0.00000000e+00,-4.97158527e-01,1.373148e-02,48
1.929167,-3.770631e-10,3.426004e-01,-1.501687e-09,-5.521766e-02,-4.96958971e-01,0.00000000e+00,-4.96958971e-01,1.372046e-02,48
1.933333,-3.738223e-10,3.423704e-01,-1.497014e-09,-5.519691e-02,-4.96772200e-01,0.00000000e+00,-4.96772200e-01,1.371015e-02,48
1.937500,-3.706944e-10,3.421405e-01,-1.492421e-09,-5.517750e-02,-4.96597499e-01,0.00000000e+00,-4.96597499e-01,1.370050e-02,48
1.941667,-3.674532e-10,3.419107e-01,-1.487884e-09,-5.515924e-02,-4.96433198e-01,0.00000000e+00,-4.96433198e-01,1.369144e-02,48
1.945833,-3.649523e-10,3.416809e-01,-1.483326e-09,-5.514210e-02,-4.96278912e-01,0.00000000e+00,-4.96278912e-01,1.368293e-02,48
1.950000,-3.618243e-10,3.414513e-01,-1.478834e-09,-5.512591e-02,-4.96133238e-01,0.00000000e+00,-4.96133238e-01,1.367490e-02,48
1.954167,-3.594462e-10,3.412216e-01,-1.474286e-09,-5.511064e-02,-4.95995790e-01,0.00000000e+00,-4.95995790e-01,1.366732e-02,48
1.958333,-3.571400e-10,3.409921e-01,-1.469483e-09,-5.509620e-02,-4.95865792e-01,0.00000000e+00,-4.95865792e-01,1.366016e-02,48
1.962500,-3.539435e-10,3.407626e-01,-1.464998e-09,-5.508254e-02,-4.95742857e-01,0.00000000e+00,-4.95742857e-01,1.365339e-02,48
1.966667,-3.502526e-10,3.405331e-01,-1.460971e-09,-5.506957e-02,-4.95626092e-01,0.00000000e+00,-4.95626092e-01,1.364696e-02,48
1.970833,-3.471343e-10,3.403037e-01,-1.457601e-09,-5.505723e-02,-4.95515049e-01,0.00000000e+00,-4.95515049e-01,1.364084e-02,48
1.975000,-3.448781e-10,3.400743e-01,-1.454382e-09,-5.504550e-02,-4.95409489e-01,0.00000000e+00,-4.95409489e-01,1.363503e-02,48
1.979167,-3.418985e-10,3.398450e-01,-1.450294e-09,-5.503432e-02,-4.95308846e-01,0.00000000e+00,-4.95308846e-01,1.362949e-02,48
1.983333,-3.392197e-10,3.396158e-01,-1.445850e-09,-5.502366e-02,-4.95212913e-01,0.00000000e+00,-4.95212913e-01,1.362421e-02,48
1.987500,-3.366791e-10,3.393866e-01,-1.441351e-09,-5.501348e-02,-4.95121330e-01,0.00000000e+00,-4.95121330e-01,1.361917e-02,48
1.991667,-3.332807e-10,3.391574e-01,-1.436665e-09,-5.500377e-02,-4.95033890e-01,0.00000000e+00,-4.95033890e-01,1.361436e-02,48
1.995833,-3.298775e-10,3.389282e-01,-1.432067e-09,-5.499446e-02,-4.94950145e-01,0.00000000e+00,-4.94950145e-01,1.360976e-02,48
2.000000,-3.263390e-10,3.386991e-01,-1.427624e-09,-5.498555e-02,-4.94869947e-01,0.00000000e+00,-4.94869947e-01,1.360535e-02,48
2.004167,-3.228375e-10,3.384700e-01,-1.422843e-09,-5.497701e-02,-4.94793087e-01,0.00000000e+00,-4.94793087e-01,1.360112e-02,48
2.008333,-3.202263e-10,3.382410e-01,-1.418078e-09,-5.496882e-02,-4.94719326e-01,0.00000000e+00,-4.94719326e-01,1.359707e-02,48
2.012500,-3.178297e-10,3.380120e-01,-1.413383e-09,-5.496094e-02,-4.94648486e-01,0.00000000e+00,-4.94648486e-01,1.359317e-02,48
2.016667,-3.151440e-10,3.377830e-01,-1.408567e-09,-5.495337e-02,-4.94580358e-01,0.00000000e+00,-4.94580358e-01,1.358943e-02,48
2.020833,-3.123169e-10,3.375541e-01,-1.403217e-09,-5.494608e-02,-4.94514763e-01,0.00000000e+00,-4.94514763e-01,1.358582e-02,48
2.025000,-3.093856e-10,3.373252e-01,-1.397703e-09,-5.493907e-02,-4.94451612e-01,0.00000000e+00,-4.94451612e-01,1.358236e-02,48
2.029167,-3.064940e-10,3.370963e-01,-1.392251e-09,-5.493231e-02,-4.94390786e-01,0.00000000e+00,-4.94390786e-01,1.357901e-02,48
2.033334,-3.046769e-10,3.368675e-01,-1.386882e-09,-5.492580e-02,-4.94332165e-01,0.00000000e+00,-4.94332165e-01,1.357579e-02,48
2.037500,-3.026498e-10,3.366386e-01,-1.381369e-09,-5.491950e-02,-4.94275540e-01,0.00000000e+00,-4.94275540e-01,1.357268e-02,48
2.041667,-3.005638e-10,3.364098e-01,-1.375922e-09,-5.491345e-02,-4.94221091e-01,0.00000000e+00,-4.94221091e-01,1.356969e-02,48
2.045833,-2.985227e-10,3.361810e-01,-1.370326e-09,-5.490756e-02,-4.94168073e-01,0.00000000e+00,-4.94168073e-01,1.356678e-02,48
2.050000,-2.966177e-10,3.359523e-01,-1.364695e-09,-5.490188e-02,-4.94116962e-01,0.00000000e+00,-4.94116962e-01,1.356397e-02,48
2.054167,-2.946068e-10,3.357235e-01,-1.359584e-09,-5.489640e-02,-4.94067609e-01,0.00000000e+00,-4.94067609e-01,1.356127e-02,48
2.058333,-2.921687e-10,3.354948e-01,-1.354172e-09,-5.489108e-02,-4.94019747e-01,0.00000000e+00,-4.94019747e-01,1.355864e-02,48
2.062500,-2.894245e-10,3.352661e-01,-1.349308e-09,-5.488594e-02,-4.93973434e-01,0.00000000e+00,-4.93973434e-01,1.355610e-02,48
2.066667,-2.868640e-10,3.350375e-01,-1.344805e-09,-5.488098e-02,-4.93928820e-01,0.00000000e+00,-4.93928820e-01,1.355365e-02,48
2.070833,-2.841823e-10,3.348088e-01,-1.340255e-09,-5.487614e-02,-4.93885279e-01,0.00000000e+00,-4.93885279e-01,1.355126e-02,48
2.075000,-2.814030e-10,3.345802e-01,-1.336110e-09,-5.487143e-02,-4.93842900e-01,0.00000000e+00,-4.93842900e-01,1.354893e-02,48
2.079167,-2.781110e-10,3.343516e-01,-1.331538e-09,-5.486689e-02,-4.93801981e-01,0.00000000e+00,-4.93801981e-01,1.354669e-02,48
2.083333,-2.749524e-10,3.341230e-01,-1.326757e-09,-5.486246e-02,-4.93762165e-01,0.00000000e+00,-4.93762165e-01,1.354450e-02,48
2.087500,-2.716333e-10,3.338944e-01,-1.322470e-09,-5.485816e-02,-4.93723452e-01,0.00000000e+00,-4.93723452e-01,1.354238e-02,48
2.091667,-2.682756e-10,3.336658e-01,-1.317653e-09,-5.485398e-02,-4.93685812e-01,0.00000000e+00,-4.93685812e-01,1.354032e-02,48
2.095834,-2.651022e-10,3.334373e-01,-1.312540e-09,-5.484993e-02,-4.93649334e-01,0.00000000e+00,-4.93649334e-01,1.353831e-02,48
2.100000,-2.631913e-10,3.332088e-01,-1.307704e-09,-5.484598e-02,-4.93613839e-01,0.00000000e+00,-4.93613839e-01,1.353637e-02,48
2.104167,-2.620957e-10,3.329803e-01,-1.302867e-09,-5.484213e-02,-4.93579209e-01,0.00000000e+00,-4.93579209e-01,1.353447e-02,48
2.108333,-2.600750e-10,3.327518e-01,-1.297802e-09,-5.483839e-02,-4.93545473e-01,0.00000000e+00,-4.93545473e-01,1.353262e-02,48
2.112500,-2.575659e-10,3.325233e-01,-1.292487e-09,-5.483475e-02,-4.93512750e-01,0.00000000e+00,-4.93512750e-01,1.353082e-02,48
2.116667,-2.555032e-10,3.322949e-01,-1.287108e-09,-5.483121e-02,-4.93480861e-01,0.00000000e+00,-4.93480861e-01,1.352908e-02,48
2.120833,-2.536081e-10,3.320664e-01,-1.281332e-09,-5.482775e-02,-4.93449748e-01,0.00000000e+00,-4.93449748e-01,1.352737e-02,48
2.125000,-2.511803e-10,3.318380e-01,-1.275553e-09,-5.482437e-02,-4.93419379e-01,0.00000000e+00,-4.93419379e-01,1.352570e-02,48
2.129167,-2.493088e-10,3.316095e-01,-1.270212e-09,-5.482107e-02,-4.93389666e-01,0.00000000e+00,-4.93389666e-01,1.352408e-02,48
2.133333,-2.469723e-10,3.313811e-01,-1.264664e-09,-5.481786e-02,-4.93360728e-01,0.00000000e+00,-4.93360728e-01,1.352249e-02,48
2.137500,-2.447044e-10,3.311527e-01,-1.259470e-09,-5.481473e-02,-4.93332535e-01,0.00000000e+00,-4.93332535e-01,1.352094e-02,48
2.141667,-2.435090e-10,3.309244e-01,-1.253922e-09,-5.481166e-02,-4.93304938e-01,0.00000000e+00,-4.93304938e-01,1.351943e-02,48
2.145833,-2.421328e-10,3.306960e-01,-1.248659e-09,-5.480865e-02,-4.93277878e-01,0.00000000e+00,-4.93277878e-01,1.351795e-02,48
2.150000,-2.407339e-10,3.304676e-01,-1.243184e-09,-5.480574e-02,-4.93251622e-01,0.00000000e+00,-4.93251622e-01,1.351651e-02,48
2.154167,-2.395679e-10,3.302393e-01,-1.238025e-09,-5.480289e-02,-4.93226022e-01,0.00000000e+00,-4.93226022e-01,1.351511e-02,48
2.158334,-2.373698e-10,3.300110e-01,-1.232878e-09,-5.480008e-02,-4.93200749e-01,0.00000000e+00,-4.93200749e-01,1.351372e-02,48
2.162500,-2.354657e-10,3.297826e-01,-1.228069e-09,-5.479737e-02,-4.93176281e-01,0.00000000e+00,-4.93176281e-01,1.351238e-02,48
2.166667,-2.332599e-10,3.295543e-01,-1.222877e-09,-5.479469e-02,-4.93152231e-01,0.00000000e+00,-4.93152231e-01,1.351106e-02,48
2.170833,-2.319537e-10,3.293260e-01,-1.217891e-09,-5.479207e-02,-4.93128657e-01,0.00000000e+00,-4.93128657e-01,1.350977e-02,48
2.175000,-2.314095e-10,3.290977e-01,-1.212342e-09,-5.478953e-02,-4.93105799e-01,0.00000000e+00,-4.93105799e-01,1.350852e-02,48
2.179167,-2.304018e-10,3.288695e-01,-1.206468e-09,-5.478702e-02,-4.93083239e-01,0.00000000e+00,-4.93083239e-01,1.350728e-02,48
2.183333,-2.285714e-10,3.286412e-01,-1.200332e-09,-5.478458e-02,-4.93061185e-01,0.00000000e+00,-4.93061185e-01,1.350608e-02,48
2.187500,-2.268943e-10,3.284130e-01,-1.193888e-09,-5.478218e-02,-4.93039608e-01,0.00000000e+00,-4.93039608e-01,1.350489e-02,48
2.191667,-2.251874e-10,3.281847e-01,-1.188004e-09,-5.477983e-02,-4.93018478e-01,0.00000000e+00,-4.93018478e-01,1.350373e-02,48
2.195833,-2.231054e-10,3.279565e-01,-1.181836e-09,-5.477750e-02,-4.92997527e-01,0.00000000e+00,-4.92997527e-01,1.350259e-02,48
2.200000,-2.214053e-10,3.277282e-01,-1.176227e-09,-5.477525e-02,-4.92977232e-01,0.00000000e+00,-4.92977232e-01,1.350148e-02,48
2.204167,-2.192544e-10,3.275000e-01,-1.171024e-09,-5.477304e-02,-4.92957354e-01,0.00000000e+00,-4.92957354e-01,1.350039e-02,48
2.208333,-2.176731e-10,3.272718e-01,-1.165885e-09,-5.477086e-02,-4.92937744e-01,0.00000000e+00,-4.92937744e-01,1.349931e-02,48
2.212500,-2.164926e-10,3.270436e-01,-1.160639e-09,-5.476873e-02,-4.92918551e-01,0.00000000e+00,-4.92918551e-01,1.349826e-02,48
2.216667,-2.160243e-10,3.268154e-01,-1.155243e-09,-5.476663e-02,-4.92899626e-01,0.00000000e+00,-4.92899626e-01,1.349723e-02,48
2.220834,-2.157783e-10,3.265872e-01,-1.149688e-09,-5.476459e-02,-4.92881298e-01,0.00000000e+00,-4.92881298e-01,1.349622e-02,48
2.225000,-2.148069e-10,3.263590e-01,-1.144031e-09,-5.476259e-02,-4.92863297e-01,0.00000000e+00,-4.92863297e-01,1.349523e-02,48
2.229167,-2.138810e-10,3.261309e-01,-1.138111e-09,-5.476060e-02,-4.92845386e-01,0.00000000e+00,-4.92845386e-01,1.349425e-02,48
2.233333,-2.125161e-10,3.259027e-01,-1.131655e-09,-5.475866e-02,-4.92827922e-01,0.00000000e+00,-4.92827922e-01,1.349330e-02,48
2.237500,-2.112681e-10,3.256745e-01,-1.125447e-09,-5.475676e-02,-4.92810816e-01,0.00000000e+00,-4.92810816e-01,1.349236e-02,48
2.241667,-2.100108e-10,3.254464e-01,-1.118922e-09,-5.475488e-02,-4.92793947e-01,0.00000000e+00,-4.92793947e-01,1.349144e-02,48
2.245833,-2.094394e-10,3.252183e-01,-1.112755e-09,-5.475303e-02,-4.92777258e-01,0.00000000e+00,-4.92777258e-01,1.349052e-02,48
2.250000,-2.096046e-10,3.249901e-01,-1.106212e-09,-5.475124e-02,-4.92761135e-01,0.00000000e+00,-4.92761135e-01,1.348964e-02,48
2.254167,-2.099363e-10,3.247620e-01,-1.099404e-09,-5.474945e-02,-4.92745072e-01,0.00000000e+00,-4.92745072e-01,1.348876e-02,48
2.258333,-2.100050e-10,3.245339e-01,-1.092359e-09,-5.474771e-02,-4.92729366e-01,0.00000000e+00,-4.92729366e-01,1.348790e-02,48
2.262500,-2.099935e-10,3.243058e-01,-1.085174e-09,-5.474600e-02,-4.92713988e-01,0.00000000e+00,-4.92713988e-01,1.348706e-02,48
2.266667,-2.096613e-10,3.240777e-01,-1.077928e-09,-5.474431e-02,-4.92698789e-01,0.00000000e+00,-4.92698789e-01,1.348623e-02,48
2.270833,-2.094079e-10,3.238496e-01,-1.070558e-09,-5.474266e-02,-4.92683977e-01,0.00000000e+00,-4.92683977e-01,1.348542e-02,48
2.275000,-2.087338e-10,3.236215e-01,-1.063161e-09,-5.474102e-02,-4.92669195e-01,0.00000000e+00,-4.92669195e-01,1.348461e-02,48
2.279167,-2.079441e-10,3.233934e-01,-1.055790e-09,-5.473942e-02,-4.92654771e-01,0.00000000e+00,-4.92654771e-01,1.348382e-02,48
2.283334,-2.067191e-10,3.231653e-01,-1.048712e-09,-5.473784e-02,-4.92640555e-01,0.00000000e+00,-4.92640555e-01,1.348304e-02,48
2.287500,-2.047575e-10,3.229373e-01,-1.041908e-09,-5.473627e-02,-4.92626399e-01,0.00000000e+00,-4.92626399e-01,1.348227e-02,48
2.291667,-2.019338e-10,3.227092e-01,-1.035228e-09,-5.473475e-02,-4.92612779e-01,0.00000000e+00,-4.92612779e-01,1.348152e-02,48
2.295833,-1.986714e-10,3.224812e-01,-1.028385e-09,-5.473324e-02,-4.92599130e-01,0.00000000e+00,-4.92599130e-01,1.348077e-02,48
2.300000,-1.955242e-10,3.222531e-01,-1.021083e-09,-5.473175e-02,-4.92585778e-01,0.00000000e+00,-4.92585778e-01,1.348004e-02,48
2.304167,-1.923499e-10,3.220251e-01,-1.013700e-09,-5.473030e-02,-4.92572695e-01,0.00000000e+00,-4.92572695e-01,1.347933e-02,48
2.308333,-1.887804e-10,3.217970e-01,-1.006328e-09,-5.472885e-02,-4.92559671e-01,0.00000000e+00,-4.92559671e-01,1.347861e-02,48
2.312500,-1.852810e-10,3.215690e-01,-9.991008e-10,-5.472744e-02,-4.92546976e-01,0.00000000e+00,-4.92546976e-01,1.347792e-02,48
2.316667,-1.814696e-10,3.213410e-01,-9.918576e-10,-5.472605e-02,-4.92534488e-01,0.00000000e+00,-4.92534488e-01,1.347723e-02,48
2.320833,-1.779689e-10,3.211130e-01,-9.846135e-10,-5.472468e-02,-4.92522120e-01,0.00000000e+00,-4.92522120e-01,1.347656e-02,48
2.325000,-1.741629e-10,3.208849e-01,-9.774270e-10,-5.472331e-02,-4.92509812e-01,0.00000000e+00,-4.92509812e-01,1.347588e-02,48
2.329167,-1.699565e-10,3.206569e-01,-9.699570e-10,-5.472198e-02,-4.92497832e-01,0.00000000e+00,-4.92497832e-01,1.347523e-02,48
2.333333,-1.658736e-10,3.204289e-01,-9.624480e-10,-5.472067e-02,-4.92486000e-01,0.00000000e+00,-4.92486000e-01,1.347458e-02,48
2.337500,-1.610112e-10,3.202009e-01,-9.548521e-10,-5.471937e-02,-4.92474318e-01,0.00000000e+00,-4.92474318e-01,1.347394e-02,48
2.341667,-1.554765e-10,3.199729e-01,-9.476178e-10,-5.471809e-02,-4.92462784e-01,0.00000000e+00,-4.92462784e-01,1.347331e-02,48
2.345834,-1.490849e-10,3.197449e-01,-9.409342e-10,-5.471683e-02,-4.92451459e-01,0.00000000e+00,-4.92451459e-01,1.347269e-02,48
2.350000,-1.430874e-10,3.195170e-01,-9.345484e-10,-5.471558e-02,-4.92440194e-01,0.00000000e+00,-4.92440194e-01,1.347207e-02,48
2.354167,-1.367178e-10,3.192890e-01,-9.279940e-10,-5.471436e-02,-4.92429197e-01,0.00000000e+00,-4.92429197e-01,1.347147e-02,48
2.358333,-1.299502e-10,3.190610e-01,-9.209166e-10,-5.471316e-02,-4.92418408e-01,0.00000000e+00,-4.92418408e-01,1.347088e-02,48
2.362500,-1.233665e-10,3.188331e-01,-9.134186e-10,-5.471196e-02,-4.92407680e-01,0.00000000e+00,-4.92407680e-01,1.347030e-02,48
2.366667,-1.172683e-10,3.186051e-01,-9.057937e-10,-5.471079e-02,-4.92397070e-01,0.00000000e+00,-4.92397070e-01,1.346972e-02,48
2.370833,-1.111449e-10,3.183771e-01,-8.980622e-10,-5.470962e-02,-4.92386609e-01,0.00000000e+00,-4.92386609e-01,1.346914e-02,48
2.375000,-1.047122e-10,3.181492e-01,-8.903881e-10,-5.470848e-02,-4.92376328e-01,0.00000000e+00,-4.92376328e-01,1.346858e-02,48
2.379167,-9.832278e-11,3.179212e-01,-8.826799e-10,-5.470736e-02,-4.92366225e-01,0.00000000e+00,-4.92366225e-01,1.346803e-02,48
2.383333,-9.148719e-11,3.176933e-01,-8.748892e-10,-5.470623e-02,-4.92356122e-01,0.00000000e+00,-4.92356122e-01,1.346747e-02,48
2.387500,-8.513186e-11,3.174654e-01,-8.673177e-10,-5.470514e-02,-4.92346257e-01,0.00000000e+00,-4.92346257e-01,1.346694e-02,48
2.391667,-7.875370e-11,3.172374e-01,-8.597262e-10,-5.470404e-02,-4.92336363e-01,0.00000000e+00,-4.92336363e-01,1.346639e-02,48
2.395833,-7.212508e-11,3.170095e-01,-8.522890e-10,-5.470297e-02,-4.92326707e-01,0.00000000e+00,-4.92326707e-01,1.346587e-02,48
2.400000,-6.570840e-11,3.167816e-01,-8.446348e-10,-5.470190e-02,-4.92317080e-01,0.00000000e+00,-4.92317080e-01,1.346534e-02,48
2.404167,-5.971935e-11,3.165537e-01,-8.372655e-10,-5.470086e-02,-4.92307752e-01,0.00000000e+00,-4.92307752e-01,1.346483e-02,48
2.408334,-5.364354e-11,3.163257e-01,-8.302261e-10,-5.469984e-02,-4.92298543e-01,0.00000000e+00,-4.92298543e-01,1.346433e-02,48
2.412500,-4.766164e-11,3.160978e-01,-8.230649e-10,-5.469881e-02,-4.92289305e-01,0.00000000e+00,-4.92289305e-01,1.346382e-02,48
2.416667,-4.171566e-11,3.158699e-01,-8.158498e-10,-5.469780e-02,-4.92280215e-01,0.00000000e+00,-4.92280215e-01,1.346332e-02,48
2.420833,-3.629914e-11,3.156420e-01,-8.090041e-10,-5.469682e-02,-4.92271364e-01,0.00000000e+00,-4.92271364e-01,1.346284e-02,48
2.425000,-3.026434e-11,3.154141e-01,-8.023767e-10,-5.469583e-02,-4.92262423e-01,0.00000000e+00,-4.92262423e-01,1.346235e-02,48
2.429167,-2.403889e-11,3.151862e-01,-7.958529e-10,-5.469486e-02,-4.92253721e-01,0.00000000e+00,-4.92253721e-01,1.346187e-02,48
2.433333,-1.853428e-11,3.149583e-01,-7.890518e-10,-5.469389e-02,-4.92245018e-01,0.00000000e+00,-4.92245018e-01,1.346140e-02,48
2.437500,-1.351936e-11,3.147304e-01,-7.825826e-10,-5.469295e-02,-4.92236555e-01,0.00000000e+00,-4.92236555e-01,1.346093e-02,48
2.441667,-9.383092e-12,3.145026e-01,-7.761441e-10,-5.469199e-02,-4.92227942e-01,0.00000000e+00,-4.92227942e-01,1.346046e-02,48
2.445833,-6.513799e-12,3.142747e-01,-7.697859e-10,-5.469107e-02,-4.92219657e-01,0.00000000e+00,-4.92219657e-01,1.346001e-02,48
2.450000,-3.659424e-12,3.140468e-01,-7.633214e-10,-5.469015e-02,-4.92211342e-01,0.00000000e+00,-4.92211342e-01,1.345956e-02,48
2.454167,-1.252085e-12,3.138190e-01,-7.568041e-10,-5.468925e-02,-4.92203236e-01,0.00000000e+00,-4.92203236e-01,1.345911e-02,48
2.458333,1.097179e-12,3.135911e-01,-7.507152e-10,-5.468836e-02,-4.92195278e-01,0.00000000e+00,-4.92195278e-01,1.345868e-02,48
2.462500,3.779169e-12,3.133632e-01,-7.446552e-10,-5.468747e-02,-4.92187232e-01,0.00000000e+00,-4.92187232e-01,1.345824e-02,48
2.466667,6.447943e-12,3.131354e-01,-7.381586e-10,-5.468659e-02,-4.92179275e-01,0.00000000e+00,-4.92179275e-01,1.345780e-02,48
2.470834,8.969523e-12,3.129075e-01,-7.312111e-10,-5.468573e-02,-4.92171586e-01,0.00000000e+00,-4.92171586e-01,1.345738e-02,48
2.475000,1.126338e-11,3.126796e-01,-7.241521e-10,-5.468488e-02,-4.92163926e-01,0.00000000e+00,-4.92163926e-01,1.345696e-02,48
2.479167,1.340802e-11,3.124518e-01,-7.165583e-10,-5.468403e-02,-4.92156297e-01,0.00000000e+00,-4.92156297e-01,1.345654e-02,48
2.483333,1.518297e-11,3.122239e-01,-7.087869e-10,-5.468321e-02,-4.92148906e-01,0.00000000e+00,-4.92148906e-01,1.345614e-02,48
2.487500,1.653652e-11,3.119961e-01,-7.011434e-10,-5.468237e-02,-4.92141306e-01,0.00000000e+00,-4.92141306e-01,1.345573e-02,48
2.491667,1.808094e-11,3.117683e-01,-6.938936e-10,-5.468155e-02,-4.92133975e-01,0.00000000e+00,-4.92133975e-01,1.345533e-02,48
2.495833,1.982297e-11,3.115404e-01,-6.867665e-10,-5.468074e-02,-4.92126673e-01,0.00000000e+00,-4.92126673e-01,1.345493e-02,48
2.500000,2.157292e-11,3.113126e-01,-6.793857e-10,-5.467994e-02,-4.92119461e-01,0.00000000e+00,-4.92119461e-01,1.345453e-02,48
2.504167,2.304734e-11,3.110847e-01,-6.723225e-10,-5.467916e-02,-4.92112398e-01,0.00000000e+00,-4.92112398e-01,1.345414e-02,48
2.508333,2.455549e-11,3.108569e-01,-6.658571e-10,-5.467836e-02,-4.92105246e-01,0.00000000e+00,-4.92105246e-01,1.345376e-02,48
2.512500,2.598561e-11,3.106291e-01,-6.593965e-10,-5.467758e-02,-4.92098212e-01,0.00000000e+00,-4.92098212e-01,1.345337e-02,48
2.516667,2.724054e-11,3.104013e-01,-6.528881e-10,-5.467682e-02,-4.92091417e-01,0.00000000e+00,-4.92091417e-01,1.345300e-02,48
2.520833,2.825102e-11,3.101735e-01,-6.464822e-10,-5.467606e-02,-4.92084503e-01,0.00000000e+00,-4.92084503e-01,1.345262e-02,48
2.525000,2.939658e-11,3.099457e-01,-6.394721e-10,-5.467528e-02,-4.92077559e-01,0.00000000e+00,-4.92077559e-01,1.345224e-02,48
2.529167,3.090874e-11,3.097179e-01,-6.322661e-10,-5.467455e-02,-4.92071003e-01,0.00000000e+00,-4.92071003e-01,1.345188e-02,48
2.533334,3.265760e-11,3.094901e-01,-6.249435e-10,-5.467382e-02,-4.92064416e-01,0.00000000e+00,-4.92064416e-01,1.345152e-02,48
2.537500,3.405834e-11,3.092622e-01,-6.176163e-10,-5.467309e-02,-4.92057770e-01,0.00000000e+00,-4.92057770e-01,1.345116e-02,48
2.541667,3.510653e-11,3.090344e-01,-6.102209e-10,-5.467237e-02,-4.92051333e-01,0.00000000e+00,-4.92051333e-01,1.345081e-02,48
2.545833,3.580375e-11,3.088066e-01,-6.030382e-10,-5.467164e-02,-4.92044747e-01,0.00000000e+00,-4.92044747e-01,1.345045e-02,48
2.550000,3.635733e-11,3.085788e-01,-5.957955e-10,-5.467093e-02,-4.92038399e-01,0.00000000e+00,-4.92038399e-01,1.345010e-02,48
2.554167,3.713614e-11,3.083510e-01,-5.888102e-10,-5.467022e-02,-4.92031962e-01,0.00000000e+00,-4.92031962e-01,1.344975e-02,48
2.558333,3.793676e-11,3.081233e-01,-5.824966e-10,-5.466953e-02,-4.92025733e-01,0.00000000e+00,-4.92025733e-01,1.344941e-02,48
2.562500,3.843970e-11,3.078955e-01,-5.765928e-10,-5.466884e-02,-4.92019594e-01,0.00000000e+00,-4.92019594e-01,1.344907e-02,48
2.566667,3.861312e-11,3.076677e-01,-5.705171e-10,-5.466818e-02,-4.92013603e-01,0.00000000e+00,-4.92013603e-01,1.344874e-02,48
2.570833,3.880790e-11,3.074399e-01,-5.643276e-10,-5.466750e-02,-4.92007464e-01,0.00000000e+00,-4.92007464e-01,1.344841e-02,48
2.575000,3.928793e-11,3.072121e-01,-5.580172e-10,-5.466682e-02,-4.92001355e-01,0.00000000e+00,-4.92001355e-01,1.344807e-02,48
2.579167,3.998373e-11,3.069844e-01,-5.516955e-10,-5.466616e-02,-4.91995454e-01,0.00000000e+00,-4.91995454e-01,1.344775e-02,48
2.583333,4.144853e-11,3.067566e-01,-5.449056e-10,-5.466549e-02,-4.91989464e-01,0.00000000e+00,-4.91989464e-01,1.344742e-02,48
2.587500,4.341865e-11,3.065288e-01,-5.380423e-10,-5.466484e-02,-4.91983563e-01,0.00000000e+00,-4.91983563e-01,1.344710e-02,48
2.591667,4.582524e-11,3.063010e-01,-5.311816e-10,-5.466419e-02,-4.91977751e-01,0.00000000e+00,-4.91977751e-01,1.344678e-02,48
2.595834,4.799594e-11,3.060732e-01,-5.239293e-10,-5.466357e-02,-4.91972089e-01,0.00000000e+00,-4.91972089e-01,1.344647e-02,48
2.600000,5.015638e-11,3.058455e-01,-5.168189e-10,-5.466293e-02,-4.91966397e-01,0.00000000e+00,-4.91966397e-01,1.344616e-02,48
2.604167,5.240545e-11,3.056177e-01,-5.097653e-10,-5.466230e-02,-4.91960675e-01,0.00000000e+00,-4.91960675e-01,1.344585e-02,48
2.608334,5.459512e-11,3.053900e-01,-5.028329e-10,-5.466168e-02,-4.91955131e-01,0.00000000e+00,-4.91955131e-01,1.344555e-02,48
2.612500,5.673213e-11,3.051623e-01,-4.958871e-10,-5.466106e-02,-4.91949558e-01,0.00000000e+00,-4.91949558e-01,1.344524e-02,48
2.616667,5.898897e-11,3.049345e-01,-4.889371e-10,-5.466048e-02,-4.91944283e-01,0.00000000e+00,-4.91944283e-01,1.344496e-02,48
2.620833,6.094069e-11,3.047068e-01,-4.821338e-10,-5.465987e-02,-4.91938859e-01,0.00000000e+00,-4.91938859e-01,1.344466e-02,48
2.625000,6.210466e-11,3.044790e-01,-4.754498e-10,-5.465926e-02,-4.91933346e-01,0.00000000e+00,-4.91933346e-01,1.344436e-02,48
2.629167,6.327255e-11,3.042513e-01,-4.689617e-10,-5.465867e-02,-4.91928041e-01,0.00000000e+00,-4.91928041e-01,1.344407e-02,48
2.633333,6.463967e-11,3.040235e-01,-4.622049e-10,-5.465808e-02,-4.91922706e-01,0.00000000e+00,-4.91922706e-01,1.344377e-02,48
2.637500,6.587724e-11,3.037958e-01,-4.555675e-10,-5.465750e-02,-4.91917491e-01,0.00000000e+00,-4.91917491e-01,1.344349e-02,48
2.641667,6.744531e-11,3.035680e-01,-4.486249e-10,-5.465691e-02,-4.91912216e-01,0.00000000e+00,-4.91912216e-01,1.344320e-02,48
2.645833,6.902046e-11,3.033403e-01,-4.415645e-10,-5.465635e-02,-4.91907150e-01,0.00000000e+00,-4.91907150e-01,1.344292e-02,48
2.650000,7.044051e-11,3.031125e-01,-4.344745e-10,-5.465577e-02,-4.91901934e-01,0.00000000e+00,-4.91901934e-01,1.344264e-02,48
2.654167,7.199490e-11,3.028848e-01,-4.274180e-10,-5.465519e-02,-4.91896749e-01,0.00000000e+00,-4.91896749e-01,1.344236e-02,48
2.658334,7.371319e-11,3.026571e-01,-4.204713e-10,-5.465464e-02,-4.91891801e-01,0.00000000e+00,-4.91891801e-01,1.344209e-02,48
2.662500,7.556073e-11,3.024294e-01,-4.135915e-10,-5.465410e-02,-4.91886854e-01,0.00000000e+00,-4.91886854e-01,1.344182e-02,48
2.666667,7.781145e-11,3.022017e-01,-4.066663e-10,-5.465353e-02,-4.91881788e-01,0.00000000e+00,-4.91881788e-01,1.344154e-02,48
2.670834,7.996527e-11,3.019739e-01,-3.996883e-10,-5.465299e-02,-4.91876930e-01,0.00000000e+00,-4.91876930e-01,1.344127e-02,48
2.675000,8.246166e-11,3.017462e-01,-3.924354e-10,-5.465246e-02,-4.91872162e-01,0.00000000e+00,-4.91872162e-01,1.344101e-02,48
2.679167,8.456698e-11,3.015185e-01,-3.857542e-10,-5.465193e-02,-4.91867423e-01,0.00000000e+00,-4.91867423e-01,1.344075e-02,48
2.683333,8.674017e-11,3.012908e-01,-3.792521e-10,-5.465139e-02,-4.91862506e-01,0.00000000e+00,-4.91862506e-01,1.344049e-02,48
2.687500,8.857890e-11,3.010631e-01,-3.727316e-10,-5.465086e-02,-4.91857708e-01,0.00000000e+00,-4.91857708e-01,1.344022e-02,48
2.691667,9.055863e-11,3.008353e-01,-3.659667e-10,-5.465035e-02,-4.91853118e-01,0.00000000e+00,-4.91853118e-01,1.343997e-02,48
2.695833,9.183352e-11,3.006076e-01,-3.595121e-10,-5.464984e-02,-4.91848528e-01,0.00000000e+00,-4.91848528e-01,1.343972e-02,48
2.700000,9.294356e-11,3.003799e-01,-3.531700e-10,-5.464931e-02,-4.91843760e-01,0.00000000e+00,-4.91843760e-01,1.343946e-02,48
2.704167,9.425685e-11,3.001522e-01,-3.466958e-10,-5.464881e-02,-4.91839290e-01,0.00000000e+00,-4.91839290e-01,1.343922e-02,48
2.708333,9.524271e-11,2.999245e-01,-3.400497e-10,-5.464831e-02,-4.91834819e-01,0.00000000e+00,-4.91834819e-01,1.343897e-02,48
2.712500,9.650582e-11,2.996968e-01,-3.332619e-10,-5.464780e-02,-4.91830200e-01,0.00000000e+00,-4.91830200e-01,1.343872e-02,48
2.716667,9.855773e-11,2.994691e-01,-3.263026e-10,-5.464729e-02,-4.91825610e-01,0.00000000e+00,-4.91825610e-01,1.343847e-02,48
2.720834,1.004672e-10,2.992415e-01,-3.190129e-10,-5.464680e-02,-4.91821200e-01,0.00000000e+00,-4.91821200e-01,1.343823e-02,48
2.725000,1.021960e-10,2.990138e-01,-3.117939e-10,-5.464631e-02,-4.91816789e-01,0.00000000e+00,-4.91816789e-01,1.343799e-02,48
2.729167,1.045315e-10,2.987861e-01,-3.044220e-10,-5.464583e-02,-4.91812468e-01,0.00000000e+00,-4.91812468e-01,1.343775e-02,48
2.733334,1.075496e-10,2.985584e-01,-2.971261e-10,-5.464532e-02,-4.91807908e-01,0.00000000e+00,-4.91807908e-01,1.343750e-02,48
2.737500,1.103629e-10,2.983307e-01,-2.895680e-10,-5.464485e-02,-4.91803676e-01,0.00000000e+00,-4.91803676e-01,1.343727e-02,48
2.741667,1.130907e-10,2.981030e-01,-2.816293e-10,-5.464439e-02,-4.91799533e-01,0.00000000e+00,-4.91799533e-01,1.343704e-02,48
2.745833,1.159858e-10,2.978753e-01,-2.739529e-10,-5.464392e-02,-4.91795272e-01,0.00000000e+00,-4.91795272e-01,1.343681e-02,48
2.750000,1.193682e-10,2.976476e-01,-2.663252e-10,-5.464345e-02,-4.91791040e-01,0.00000000e+00,-4.91791040e-01,1.343658e-02,48
2.754167,1.229076e-10,2.974199e-01,-2.586931e-10,-5.464297e-02,-4.91786718e-01,0.00000000e+00,-4.91786718e-01,1.343634e-02,48
2.758333,1.265945e-10,2.971922e-01,-2.510070e-10,-5.464251e-02,-4.91782576e-01,0.00000000e+00,-4.91782576e-01,1.343612e-02,48
2.762500,1.307169e-10,2.969646e-01,-2.430181e-10,-5.464206e-02,-4.91778493e-01,0.00000000e+00,-4.91778493e-01,1.343589e-02,48
2.766667,1.351969e-10,2.967369e-01,-2.352664e-10,-5.464161e-02,-4.91774470e-01,0.00000000e+00,-4.91774470e-01,1.343567e-02,48
2.770833,1.401565e-10,2.965092e-01,-2.276483e-10,-5.464116e-02,-4.91770446e-01,0.00000000e+00,-4.91770446e-01,1.343545e-02,48
2.775000,1.451544e-10,2.962816e-01,-2.199035e-10,-5.464071e-02,-4.91766363e-01,0.00000000e+00,-4.91766363e-01,1.343523e-02,48
2.779167,1.500457e-10,2.960539e-01,-2.123444e-10,-5.464027e-02,-4.91762429e-01,0.00000000e+00,-4.91762429e-01,1.343502e-02,48
2.783334,1.549379e-10,2.958263e-01,-2.051353e-10,-5.463982e-02,-4.91758376e-01,0.00000000e+00,-4.91758376e-01,1.343480e-02,48
2.787500,1.597510e-10,2.955986e-01,-1.978002e-10,-5.463940e-02,-4.91754562e-01,0.00000000e+00,-4.91754562e-01,1.343459e-02,48
2.791667,1.648889e-10,2.953709e-01,-1.903991e-10,-5.463895e-02,-4.91750538e-01,0.00000000e+00,-4.91750538e-01,1.343437e-02,48
2.795834,1.703429e-10,2.951433e-01,-1.829648e-10,-5.463852e-02,-4.91746634e-01,0.00000000e+00,-4.91746634e-01,1.343415e-02,48
2.800000,1.758637e-10,2.949156e-01,-1.755231e-10,-5.463809e-02,-4.91742790e-01,0.00000000e+00,-4.91742790e-01,1.343394e-02,48
2.804167,1.809728e-10,2.946880e-01,-1.680633e-10,-5.463765e-02,-4.91738856e-01,0.00000000e+00,-4.91738856e-01,1.343373e-02,48
2.808333,1.857977e-10,2.944603e-01,-1.602719e-10,-5.463723e-02,-4.91735071e-01,0.00000000e+00,-4.91735071e-01,1.343352e-02,48
2.812500,1.900630e-10,2.942326e-01,-1.523668e-10,-5.463682e-02,-4.91731346e-01,0.00000000e+00,-4.91731346e-01,1.343332e-02,48
2.816667,1.940819e-10,2.940050e-01,-1.447104e-10,-5.463640e-02,-4.91727591e-01,0.00000000e+00,-4.91727591e-01,1.343311e-02,48
2.820833,1.982059e-10,2.937773e-01,-1.370496e-10,-5.463599e-02,-4.91723925e-01,0.00000000e+00,-4.91723925e-01,1.343291e-02,48
2.825000,2.025542e-10,2.935497e-01,-1.297618e-10,-5.463558e-02,-4.91720200e-01,0.00000000e+00,-4.91720200e-01,1.343271e-02,48
2.829167,2.065149e-10,2.933220e-01,-1.225327e-10,-5.463517e-02,-4.91716504e-01,0.00000000e+00,-4.91716504e-01,1.343251e-02,48
2.833333,2.107106e-10,2.930944e-01,-1.152343e-10,-5.463476e-02,-4.91712809e-01,0.00000000e+00,-4.91712809e-01,1.343230e-02,48
2.837500,2.149928e-10,2.928667e-01,-1.078688e-10,-5.463438e-02,-4.91709411e-01,0.00000000e+00,-4.91709411e-01,1.343212e-02,48
2.841667,2.191584e-10,2.926391e-01,-1.004871e-10,-5.463398e-02,-4.91705775e-01,0.00000000e+00,-4.91705775e-01,1.343192e-02,48
2.845834,2.231584e-10,2.924115e-01,-9.308543e-11,-5.463357e-02,-4.91702080e-01,0.00000000e+00,-4.91702080e-01,1.343172e-02,48
2.850000,2.275067e-10,2.921838e-01,-8.559751e-11,-5.463317e-02,-4.91698503e-01,0.00000000e+00,-4.91698503e-01,1.343152e-02,48
2.854167,2.320982e-10,2.919562e-01,-7.807301e-11,-5.463278e-02,-4.91695046e-01,0.00000000e+00,-4.91695046e-01,1.343133e-02,48
2.858334,2.367750e-10,2.917286e-01,-7.052452e-11,-5.463240e-02,-4.91691619e-01,0.00000000e+00,-4.91691619e-01,1.343115e-02,48
2.862500,2.415941e-10,2.915010e-01,-6.326168e-11,-5.463201e-02,-4.91688102e-01,0.00000000e+00,-4.91688102e-01,1.343095e-02,48
2.866667,2.462794e-10,2.912733e-01,-5.608538e-11,-5.463162e-02,-4.91684586e-01,0.00000000e+00,-4.91684586e-01,1.343076e-02,48
2.870833,2.507323e-10,2.910457e-01,-4.918495e-11,-5.463123e-02,-4.91681069e-01,0.00000000e+00,-4.91681069e-01,1.343057e-02,48
2.875000,2.550258e-10,2.908181e-01,-4.239810e-11,-5.463086e-02,-4.91677701e-01,0.00000000e+00,-4.91677701e-01,1.343039e-02,48
2.879167,2.589901e-10,2.905904e-01,-3.569952e-11,-5.463049e-02,-4.91674423e-01,0.00000000e+00,-4.91674423e-01,1.343021e-02,48
2.883333,2.629630e-10,2.903628e-01,-2.898796e-11,-5.463013e-02,-4.91671145e-01,0.00000000e+00,-4.91671145e-01,1.343003e-02,48
2.887500,2.668093e-10,2.901352e-01,-2.244132e-11,-5.462975e-02,-4.91667747e-01,0.00000000e+00,-4.91667747e-01,1.342984e-02,48
2.891667,2.704968e-10,2.899075e-01,-1.593109e-11,-5.462937e-02,-4.91664290e-01,0.00000000e+00,-4.91664290e-01,1.342965e-02,48
2.895833,2.743276e-10,2.896799e-01,-9.209382e-12,-5.462900e-02,-4.91661012e-01,0.00000000e+00,-4.91661012e-01,1.342948e-02,48
2.900000,2.780066e-10,2.894523e-01,-2.477869e-12,-5.462863e-02,-4.91657674e-01,0.00000000e+00,-4.91657674e-01,1.342929e-02,48
2.904167,2.819200e-10,2.892247e-01,4.488145e-12,-5.462829e-02,-4.91654605e-01,0.00000000e+00,-4.91654605e-01,1.342913e-02,48
2.908334,2.855238e-10,2.889970e-01,1.160522e-11,-5.462794e-02,-4.91651475e-01,0.00000000e+00,-4.91651475e-01,1.342895e-02,48
2.912500,2.890791e-10,2.887694e-01,1.883624e-11,-5.462757e-02,-4.91648138e-01,0.00000000e+00,-4.91648138e-01,1.342877e-02,48
2.916667,2.925008e-10,2.885418e-01,2.617094e-11,-5.462721e-02,-4.91644919e-01,0.00000000e+00,-4.91644919e-01,1.342860e-02,48
2.920834,2.958588e-10,2.883142e-01,3.360574e-11,-5.462686e-02,-4.91641700e-01,0.00000000e+00,-4.91641700e-01,1.342842e-02,48
2.925000,2.988154e-10,2.880866e-01,4.084265e-11,-5.462651e-02,-4.91638631e-01,0.00000000e+00,-4.91638631e-01,1.342825e-02,48
2.929167,3.018511e-10,2.878590e-01,4.797230e-11,-5.462617e-02,-4.91635561e-01,0.00000000e+00,-4.91635561e-01,1.342809e-02,48
2.933333,3.052003e-10,2.876314e-01,5.507666e-11,-5.462583e-02,-4.91632462e-01,0.00000000e+00,-4.91632462e-01,1.342792e-02,48
2.937500,3.085393e-10,2.874038e-01,6.203076e-11,-5.462547e-02,-4.91629273e-01,0.00000000e+00,-4.91629273e-01,1.342774e-02,48
2.941667,3.119909e-10,2.871762e-01,6.900784e-11,-5.462513e-02,-4.91626203e-01,0.00000000e+00,-4.91626203e-01,1.342757e-02,48
2.945833,3.151819e-10,2.869486e-01,7.613647e-11,-5.462480e-02,-4.91623193e-01,0.00000000e+00,-4.91623193e-01,1.342741e-02,48
2.950000,3.181090e-10,2.867210e-01,8.323253e-11,-5.462446e-02,-4.91620153e-01,0.00000000e+00,-4.91620153e-01,1.342724e-02,48
2.954167,3.211715e-10,2.864934e-01,9.027950e-11,-5.462411e-02,-4.91617024e-01,0.00000000e+00,-4.91617024e-01,1.342707e-02,48
2.958333,3.244378e-10,2.862658e-01,9.749950e-11,-5.462379e-02,-4.91614133e-01,0.00000000e+00,-4.91614133e-01,1.342691e-02,48
2.962500,3.276986e-10,2.860382e-01,1.047351e-10,-5.462346e-02,-4.91611123e-01,0.00000000e+00,-4.91611123e-01,1.342675e-02,48
2.966667,3.309579e-10,2.858106e-01,1.121145e-10,-5.462312e-02,-4.91608053e-01,0.00000000e+00,-4.91608053e-01,1.342658e-02,48
2.970834,3.340785e-10,2.855830e-01,1.194879e-10,-5.462280e-02,-4.91605222e-01,0.00000000e+00,-4.91605222e-01,1.342643e-02,48
2.975000,3.373857e-10,2.853554e-01,1.267496e-10,-5.462248e-02,-4.91602331e-01,0.00000000e+00,-4.91602331e-01,1.342627e-02,48
2.979167,3.408208e-10,2.851278e-01,1.338341e-10,-5.462214e-02,-4.91599232e-01,0.00000000e+00,-4.91599232e-01,1.342610e-02,48
2.983334,3.440691e-10,2.849002e-01,1.409036e-10,-5.462183e-02,-4.91596460e-01,0.00000000e+00,-4.91596460e-01,1.342595e-02,48
2.987500,3.470557e-10,2.846726e-01,1.478633e-10,-5.462151e-02,-4.91593599e-01,0.00000000e+00,-4.91593599e-01,1.342579e-02,48
2.991667,3.503007e-10,2.844450e-01,1.548254e-10,-5.462120e-02,-4.91590858e-01,0.00000000e+00,-4.91590858e-01,1.342564e-02,48
2.995833,3.539825e-10,2.842174e-01,1.620035e-10,-5.462090e-02,-4.91588086e-01,0.00000000e+00,-4.91588086e-01,1.342549e-02,48
3.000000,3.577696e-10,2.839898e-01,1.691570e-10,-5.462058e-02,-4.91585255e-01,0.00000000e+00,-4.91585255e-01,1.342534e-02,48
